2024-10-08 06:22:15,977 - sitescrapers.consumers - INFO - ScrapingJob instance created
2024-10-08 06:22:18,211 - sitescrapers.consumers - INFO - ScrapingJob instance update
2024-10-08 06:24:28,875 - sitescrapers.consumers - INFO - Property instance update
2024-10-08 06:24:31,351 - sitescrapers.consumers - INFO - ScrapingJob instance update
2024-10-08 06:35:54,565 - sitescrapers.consumers - INFO - ScrapingJob instance created
2024-10-08 06:35:56,733 - sitescrapers.consumers - INFO - ScrapingJob instance update
2024-10-08 06:40:45,328 - sitescrapers.consumers - INFO - Property instance update
2024-10-08 06:40:47,406 - sitescrapers.consumers - INFO - ScrapingJob instance update
2024-10-08 07:01:07,983 - sitescrapers.consumers - INFO - ScrapingJob instance created
2024-10-08 07:01:36,271 - sitescrapers.consumers - INFO - ScrapingJob instance created
2024-10-08 07:01:38,562 - sitescrapers.consumers - INFO - ScrapingJob instance update
2024-10-08 07:06:42,674 - sitescrapers.consumers - INFO - Property instance update
2024-10-08 07:06:44,804 - sitescrapers.consumers - INFO - ScrapingJob instance update
2024-10-08 07:17:02,014 - sitescrapers.consumers - INFO - ScrapingJob instance created
2024-10-08 07:17:07,392 - sitescrapers.consumers - INFO - ScrapingJob instance update
2024-10-08 07:19:01,469 - sitescrapers.consumers - INFO - Property instance update
2024-10-08 07:19:05,900 - sitescrapers.consumers - INFO - scraping and property relationship update
2024-10-08 07:19:09,182 - sitescrapers.consumers - INFO - ScrapingJob instance update
2024-10-08 07:25:07,461 - sitescrapers.consumers - INFO - ScrapingJob instance created
2024-10-08 07:25:09,561 - sitescrapers.consumers - INFO - ScrapingJob instance update
2024-10-08 07:25:23,558 - sitescrapers.consumers - INFO - Property instance update
2024-10-08 07:25:23,560 - sitescrapers.consumers - INFO - ScrapingJob instance update
2024-10-08 07:26:34,018 - sitescrapers.consumers - INFO - ScrapingJob instance created
2024-10-08 07:26:39,234 - sitescrapers.consumers - INFO - ScrapingJob instance update
2024-10-08 07:26:54,545 - sitescrapers.consumers - INFO - Property instance update
2024-10-08 07:26:54,547 - sitescrapers.consumers - INFO - ScrapingJob instance update
2024-10-08 07:29:29,416 - sitescrapers.consumers - INFO - ScrapingJob instance created
2024-10-08 07:29:33,557 - sitescrapers.consumers - INFO - ScrapingJob instance update
2024-10-08 07:30:15,815 - sitescrapers.consumers - INFO - Property instance update
2024-10-08 07:30:18,146 - sitescrapers.consumers - INFO - scraping and property relationship update
2024-10-08 07:30:25,487 - sitescrapers.consumers - INFO - ScrapingJob instance update
2024-10-08 08:31:03,839 - sitescrapers.consumers - INFO - ScrapingJob instance created
2024-10-08 08:31:06,140 - sitescrapers.consumers - INFO - ScrapingJob instance update
2024-10-08 08:31:40,562 - sitescrapers.consumers - INFO - ScrapingJob instance update
2024-10-08 08:52:04,329 - sitescrapers.consumers - INFO - ScrapingJob instance created
2024-10-08 08:52:09,402 - sitescrapers.consumers - INFO - ScrapingJob instance update
2024-10-08 08:52:49,842 - sitescrapers.consumers - INFO - ScrapingJob instance update
2024-10-08 09:31:56,931 - sitescrapers.consumers - INFO - ScrapingJob instance created
2024-10-08 09:32:01,053 - sitescrapers.consumers - INFO - ScrapingJob instance update
2024-10-08 09:34:38,101 - sitescrapers.consumers - INFO - ScrapingJob instance created
2024-10-08 09:34:44,216 - sitescrapers.consumers - INFO - ScrapingJob instance update
2024-10-08 09:39:47,257 - sitescrapers.consumers - INFO - ScrapingJob instance update
2024-10-08 09:42:54,059 - sitescrapers.consumers - INFO - ScrapingJob instance created
2024-10-08 09:42:56,182 - sitescrapers.consumers - INFO - ScrapingJob instance update
2024-10-08 09:43:37,120 - sitescrapers.consumers - INFO - Property instance update
2024-10-08 09:43:39,477 - sitescrapers.consumers - INFO - scraping and property relationship update
2024-10-08 09:43:41,836 - sitescrapers.consumers - INFO - ScrapingJob instance update
2024-10-10 17:13:17,454 - sitescrapers.tasks - INFO - Existing property updated with ID: 4
2024-10-10 17:13:17,700 - sitescrapers.tasks - INFO - Sending callback to URL: http://localhost:8000/api/analysis/scraping-callback/ with data: {'job_id': 23, 'property_id': 4, 'task_id': 21}
2024-10-10 17:24:27,042 - sitescrapers.tasks - INFO - Existing property updated with ID: 4
2024-10-10 17:24:27,341 - sitescrapers.tasks - INFO - Sending callback to URL: http://analysis-app:8000/api/analysis/scraping-callback/ with data: {'job_id': 24, 'property_id': 4, 'task_id': 22}
2024-10-10 17:24:27,528 - sitescrapers.tasks - ERROR - [tasks.py:61] - Failed to send callback: 500 Server Error: Internal Server Error for url: http://analysis-app:8000/api/analysis/scraping-callback/
2024-10-10 17:47:13,760 - sitescrapers.tasks - INFO - Existing property updated with ID: 4
2024-10-10 17:47:14,013 - sitescrapers.tasks - INFO - Sending callback to URL: http://analysis-app:8000/api/analysis/scraping-callback/ with data: {'job_id': 25, 'property_id': 4, 'task_id': 23}
2024-10-10 17:47:15,018 - sitescrapers.tasks - INFO - Callback response status: 200
2024-10-11 01:56:55,174 - sitescrapers.tasks - INFO - Existing property updated with ID: 4
2024-10-11 01:56:55,434 - sitescrapers.tasks - INFO - Sending callback to URL: http://analysis-app:8000/api/analysis/scraping-callback/ with data: {'job_id': 28, 'property_id': 4, 'task_id': 27}
2024-10-11 01:56:57,534 - sitescrapers.tasks - ERROR - [tasks.py:61] - Failed to send callback: HTTPConnectionPool(host='analysis-app', port=8000): Max retries exceeded with url: /api/analysis/scraping-callback/ (Caused by NewConnectionError('<urllib3.connection.HTTPConnection object at 0xffff780755b0>: Failed to establish a new connection: [Errno -2] Name or service not known'))
2024-10-11 02:14:32,069 - sitescrapers.tasks - INFO - Existing property updated with ID: 4
2024-10-11 02:14:32,327 - sitescrapers.tasks - INFO - Sending callback to URL: http://analysis-app:8000/api/analysis/scraping-callback/ with data: {'job_id': 29, 'property_id': 4, 'task_id': 28}
2024-10-11 02:14:32,381 - sitescrapers.tasks - ERROR - [tasks.py:61] - Failed to send callback: HTTPConnectionPool(host='analysis-app', port=8000): Max retries exceeded with url: /api/analysis/scraping-callback/ (Caused by NewConnectionError('<urllib3.connection.HTTPConnection object at 0xffff7cca3550>: Failed to establish a new connection: [Errno -2] Name or service not known'))
2024-10-11 02:44:52,035 - sitescrapers.tasks - INFO - Existing property updated with ID: 4
2024-10-11 02:44:52,295 - sitescrapers.tasks - INFO - Sending callback to URL: http://analysis-app:8000/api/analysis/scraping-callback/ with data: {'job_id': 30, 'property_id': 4, 'task_id': 29}
2024-10-11 02:44:52,457 - sitescrapers.tasks - INFO - Callback response status: 200
2024-10-11 02:59:30,511 - sitescrapers.tasks - INFO - Existing property updated with ID: 4
2024-10-11 02:59:30,762 - sitescrapers.tasks - INFO - Sending callback to URL: http://analysis-app:8000/api/analysis/scraping-callback/ with data: {'job_id': 31, 'property_id': 4, 'task_id': 30}
2024-10-11 02:59:30,882 - sitescrapers.tasks - INFO - Callback response status: 200
2024-10-11 03:08:37,692 - sitescrapers.tasks - INFO - Error saving property data: expected string or bytes-like object
2024-10-11 03:27:43,219 - sitescrapers.tasks - INFO - Existing property updated with ID: 4
2024-10-11 03:27:43,487 - sitescrapers.tasks - INFO - Sending callback to URL: http://analysis-app:8000/api/analysis/scraping-callback/ with data: {'job_id': 33, 'property_id': 4, 'task_id': 32}
2024-10-11 03:27:43,628 - sitescrapers.tasks - INFO - Callback response status: 200
2024-10-11 04:57:12,297 - sitescrapers.tasks - INFO - Progress update sent: {'stage': 'scraping', 'message': 'Scraping started', 'progress': 10}
2024-10-11 04:57:24,816 - sitescrapers.tasks - INFO - Progress update sent: {'stage': 'error', 'message': "'OnTheMarketScraper' object has no attribute 'property_id'", 'progress': 0}
2024-10-11 05:24:46,282 - sitescrapers.tasks - INFO - Progress update sent: {'stage': 'scraping', 'message': 'Fetching details', 'progress': 10}
2024-10-11 05:24:59,508 - sitescrapers.tasks - INFO - Progress update sent: {'stage': 'error', 'message': "scrape_property() missing 1 required positional argument: 'consumer'", 'progress': 0}
2024-10-11 05:38:42,362 - utils.util_funcs - INFO - Progress update sent: {'stage': 'scraping', 'message': 'Fetching details', 'progress': 10}
2024-10-11 05:38:58,306 - utils.util_funcs - INFO - Progress update sent: {'stage': 'error', 'message': "BrowserType.launch: Executable doesn't exist at /ms-playwright/chromium-1134/chrome-linux/chrome\n╔════════════════════════════════════════════════════════════╗\n║ Looks like Playwright was just installed or updated.       ║\n║ Please run the following command to download new browsers: ║\n║                                                            ║\n║     playwright install                                     ║\n║                                                            ║\n║ <3 Playwright Team                                         ║\n╚════════════════════════════════════════════════════════════╝", 'progress': 0}
2024-10-11 06:00:22,613 - utils.util_funcs - INFO - Progress update sent: {'stage': 'scraping', 'message': 'Fetching details', 'progress': 10}
2024-10-11 06:00:48,913 - utils.util_funcs - INFO - Progress update sent: {'stage': 'scraping', 'message': 'Fetching completed', 'progress': 100}
2024-10-11 06:00:51,051 - utils.util_funcs - INFO - New property created with ID: 5
2024-10-11 06:00:51,299 - sitescrapers.tasks - INFO - Sending callback to URL: http://analysis-app:8000/api/analysis/scraping-callback/ with data: {'job_id': 37, 'property_id': 5, 'task_id': 36}
2024-10-11 06:00:51,561 - sitescrapers.tasks - INFO - Callback response status: 200
2024-10-22 10:59:49,166 - utils.util_funcs - INFO - Progress update sent: {'stage': 'scraping', 'message': 'Fetching details', 'progress': 10}
2024-10-22 11:04:36,874 - utils.util_funcs - INFO - Progress update sent: {'stage': 'scraping', 'message': 'Fetching completed', 'progress': 100}
2024-10-22 11:04:38,221 - utils.util_funcs - INFO - Existing property updated with ID: 1
2024-10-22 11:04:38,461 - sitescrapers.tasks - INFO - Sending callback to URL: http://analysis-app:8000/api/analysis/scraping-callback/ with data: {'job_id': 2, 'property_id': 1, 'task_id': 2}
2024-10-22 11:04:38,745 - sitescrapers.tasks - INFO - Callback response status: 200
2024-10-22 12:05:29,401 - utils.util_funcs - INFO - Progress update sent: {'stage': 'scraping', 'message': 'Fetching details', 'progress': 10}
2024-10-22 12:07:21,546 - utils.util_funcs - INFO - Progress update sent: {'stage': 'scraping', 'message': 'Fetching completed', 'progress': 100}
2024-10-22 12:07:23,729 - utils.util_funcs - INFO - New property created with ID: 1
2024-10-22 12:07:24,168 - sitescrapers.tasks - INFO - Sending callback to URL: http://analysis-app:8000/api/analysis/scraping-callback/ with data: {'job_id': 1, 'property_id': 1, 'task_id': 1}
2024-10-22 12:07:24,359 - sitescrapers.tasks - INFO - Callback response status: 200
2024-10-23 08:09:07,814 - utils.util_funcs - ERROR - [util_funcs.py:62] - Failed to send progress update: HTTPConnectionPool(host='analysis-app', port=8000): Max retries exceeded with url: /api/analysis/scraping-callback/ (Caused by NewConnectionError('<urllib3.connection.HTTPConnection object at 0xffffb0dd8970>: Failed to establish a new connection: [Errno 111] Connection refused'))
2024-10-23 08:09:24,745 - sitescrapers.tasks - INFO - Rightmove Scraper initiated...
2024-10-23 08:09:30,577 - utils.util_funcs - ERROR - [util_funcs.py:62] - Failed to send progress update: HTTPConnectionPool(host='analysis-app', port=8000): Max retries exceeded with url: /api/analysis/scraping-callback/ (Caused by NewConnectionError('<urllib3.connection.HTTPConnection object at 0xffffb0963d30>: Failed to establish a new connection: [Errno 111] Connection refused'))
2024-10-23 08:09:32,436 - utils.util_funcs - INFO - New property created with ID: 1
2024-10-23 08:09:32,688 - sitescrapers.tasks - INFO - Sending callback to URL: http://analysis-app:8000/api/analysis/scraping-callback/ with data: {'job_id': 1, 'property_id': 1, 'task_id': 1}
2024-10-23 08:09:32,699 - sitescrapers.tasks - ERROR - [tasks.py:82] - Failed to send callback: HTTPConnectionPool(host='analysis-app', port=8000): Max retries exceeded with url: /api/analysis/scraping-callback/ (Caused by NewConnectionError('<urllib3.connection.HTTPConnection object at 0xffffb08f0a00>: Failed to establish a new connection: [Errno 111] Connection refused'))
2024-10-31 22:32:26,413 - utils.util_funcs - INFO - Progress update sent: {'stage': 'scraping', 'message': 'Fetching details', 'progress': 10}
2024-10-31 22:34:50,929 - sitescrapers.tasks - INFO - Rightmove Scraper initiated...
2024-10-31 22:35:25,637 - utils.util_funcs - INFO - Progress update sent: {'stage': 'scraping', 'message': 'Fetching completed', 'progress': 100}
2024-10-31 22:35:27,872 - utils.util_funcs - INFO - New property created with ID: 1
2024-10-31 22:35:28,142 - sitescrapers.tasks - INFO - Sending callback to URL: http://analysis-app:8000/api/analysis/scraping-callback/ with data: {'job_id': 1, 'property_id': 1, 'task_id': 1}
2024-10-31 22:35:28,363 - sitescrapers.tasks - INFO - Callback response status: 200
2024-11-01 18:07:44,092 - utils.util_funcs - INFO - Progress update sent: {'stage': 'scraping', 'message': 'Fetching details', 'progress': 10}
2024-11-01 18:09:00,110 - sitescrapers.tasks - INFO - Rightmove Scraper initiated...
2024-11-01 18:10:04,626 - utils.util_funcs - INFO - Progress update sent: {'stage': 'scraping', 'message': 'Fetching completed', 'progress': 100}
2024-11-01 18:10:06,477 - utils.util_funcs - INFO - New property created with ID: 1
2024-11-01 18:10:06,711 - sitescrapers.tasks - INFO - Sending callback to URL: http://analysis-app:8000/api/analysis/scraping-callback/ with data: {'job_id': 2, 'property_id': 1, 'task_id': 2}
2024-11-01 18:10:07,118 - sitescrapers.tasks - INFO - Callback response status: 200
2024-11-01 18:14:22,367 - utils.util_funcs - INFO - Progress update sent: {'stage': 'scraping', 'message': 'Fetching details', 'progress': 10}
2024-11-01 18:15:20,229 - sitescrapers.tasks - INFO - Rightmove Scraper initiated...
2024-11-01 18:15:58,314 - utils.util_funcs - INFO - Progress update sent: {'stage': 'scraping', 'message': 'Fetching completed', 'progress': 100}
2024-11-01 18:16:00,395 - utils.util_funcs - INFO - New property created with ID: 2
2024-11-01 18:16:00,624 - sitescrapers.tasks - INFO - Sending callback to URL: http://analysis-app:8000/api/analysis/scraping-callback/ with data: {'job_id': 3, 'property_id': 2, 'task_id': 3}
2024-11-01 18:16:00,735 - sitescrapers.tasks - INFO - Callback response status: 200
2025-04-17 23:52:39,099 - sitescrapers.management.commands.sync_jobs_to_sdb - ERROR - [sync_jobs_to_sdb.py:149] - Failed to sync ScrapingJob PK=1: Invalid URL 'backup.supersami.com/api/backup/scraping-job/': No scheme supplied. Perhaps you meant https://backup.supersami.com/api/backup/scraping-job/?
Traceback (most recent call last):
  File "/Users/i/Documents/work/scraper/sitescrapers/management/commands/sync_jobs_to_sdb.py", line 125, in handle
    response = requests.post(sdb_api_url, json=payload, timeout=30)
  File "/Users/i/Library/Python/3.9/lib/python/site-packages/requests/api.py", line 115, in post
    return request("post", url, data=data, json=json, **kwargs)
  File "/Users/i/Library/Python/3.9/lib/python/site-packages/requests/api.py", line 59, in request
    return session.request(method=method, url=url, **kwargs)
  File "/Users/i/Library/Python/3.9/lib/python/site-packages/requests/sessions.py", line 575, in request
    prep = self.prepare_request(req)
  File "/Users/i/Library/Python/3.9/lib/python/site-packages/requests/sessions.py", line 484, in prepare_request
    p.prepare(
  File "/Users/i/Library/Python/3.9/lib/python/site-packages/requests/models.py", line 367, in prepare
    self.prepare_url(url, params)
  File "/Users/i/Library/Python/3.9/lib/python/site-packages/requests/models.py", line 438, in prepare_url
    raise MissingSchema(
requests.exceptions.MissingSchema: Invalid URL 'backup.supersami.com/api/backup/scraping-job/': No scheme supplied. Perhaps you meant https://backup.supersami.com/api/backup/scraping-job/?
2025-04-17 23:52:39,166 - sitescrapers.management.commands.sync_jobs_to_sdb - ERROR - [sync_jobs_to_sdb.py:149] - Failed to sync ScrapingJob PK=2: Invalid URL 'backup.supersami.com/api/backup/scraping-job/': No scheme supplied. Perhaps you meant https://backup.supersami.com/api/backup/scraping-job/?
Traceback (most recent call last):
  File "/Users/i/Documents/work/scraper/sitescrapers/management/commands/sync_jobs_to_sdb.py", line 125, in handle
    response = requests.post(sdb_api_url, json=payload, timeout=30)
  File "/Users/i/Library/Python/3.9/lib/python/site-packages/requests/api.py", line 115, in post
    return request("post", url, data=data, json=json, **kwargs)
  File "/Users/i/Library/Python/3.9/lib/python/site-packages/requests/api.py", line 59, in request
    return session.request(method=method, url=url, **kwargs)
  File "/Users/i/Library/Python/3.9/lib/python/site-packages/requests/sessions.py", line 575, in request
    prep = self.prepare_request(req)
  File "/Users/i/Library/Python/3.9/lib/python/site-packages/requests/sessions.py", line 484, in prepare_request
    p.prepare(
  File "/Users/i/Library/Python/3.9/lib/python/site-packages/requests/models.py", line 367, in prepare
    self.prepare_url(url, params)
  File "/Users/i/Library/Python/3.9/lib/python/site-packages/requests/models.py", line 438, in prepare_url
    raise MissingSchema(
requests.exceptions.MissingSchema: Invalid URL 'backup.supersami.com/api/backup/scraping-job/': No scheme supplied. Perhaps you meant https://backup.supersami.com/api/backup/scraping-job/?
2025-04-17 23:52:39,222 - sitescrapers.management.commands.sync_jobs_to_sdb - ERROR - [sync_jobs_to_sdb.py:149] - Failed to sync ScrapingJob PK=3: Invalid URL 'backup.supersami.com/api/backup/scraping-job/': No scheme supplied. Perhaps you meant https://backup.supersami.com/api/backup/scraping-job/?
Traceback (most recent call last):
  File "/Users/i/Documents/work/scraper/sitescrapers/management/commands/sync_jobs_to_sdb.py", line 125, in handle
    response = requests.post(sdb_api_url, json=payload, timeout=30)
  File "/Users/i/Library/Python/3.9/lib/python/site-packages/requests/api.py", line 115, in post
    return request("post", url, data=data, json=json, **kwargs)
  File "/Users/i/Library/Python/3.9/lib/python/site-packages/requests/api.py", line 59, in request
    return session.request(method=method, url=url, **kwargs)
  File "/Users/i/Library/Python/3.9/lib/python/site-packages/requests/sessions.py", line 575, in request
    prep = self.prepare_request(req)
  File "/Users/i/Library/Python/3.9/lib/python/site-packages/requests/sessions.py", line 484, in prepare_request
    p.prepare(
  File "/Users/i/Library/Python/3.9/lib/python/site-packages/requests/models.py", line 367, in prepare
    self.prepare_url(url, params)
  File "/Users/i/Library/Python/3.9/lib/python/site-packages/requests/models.py", line 438, in prepare_url
    raise MissingSchema(
requests.exceptions.MissingSchema: Invalid URL 'backup.supersami.com/api/backup/scraping-job/': No scheme supplied. Perhaps you meant https://backup.supersami.com/api/backup/scraping-job/?
2025-04-17 23:52:39,278 - sitescrapers.management.commands.sync_jobs_to_sdb - ERROR - [sync_jobs_to_sdb.py:149] - Failed to sync ScrapingJob PK=4: Invalid URL 'backup.supersami.com/api/backup/scraping-job/': No scheme supplied. Perhaps you meant https://backup.supersami.com/api/backup/scraping-job/?
Traceback (most recent call last):
  File "/Users/i/Documents/work/scraper/sitescrapers/management/commands/sync_jobs_to_sdb.py", line 125, in handle
    response = requests.post(sdb_api_url, json=payload, timeout=30)
  File "/Users/i/Library/Python/3.9/lib/python/site-packages/requests/api.py", line 115, in post
    return request("post", url, data=data, json=json, **kwargs)
  File "/Users/i/Library/Python/3.9/lib/python/site-packages/requests/api.py", line 59, in request
    return session.request(method=method, url=url, **kwargs)
  File "/Users/i/Library/Python/3.9/lib/python/site-packages/requests/sessions.py", line 575, in request
    prep = self.prepare_request(req)
  File "/Users/i/Library/Python/3.9/lib/python/site-packages/requests/sessions.py", line 484, in prepare_request
    p.prepare(
  File "/Users/i/Library/Python/3.9/lib/python/site-packages/requests/models.py", line 367, in prepare
    self.prepare_url(url, params)
  File "/Users/i/Library/Python/3.9/lib/python/site-packages/requests/models.py", line 438, in prepare_url
    raise MissingSchema(
requests.exceptions.MissingSchema: Invalid URL 'backup.supersami.com/api/backup/scraping-job/': No scheme supplied. Perhaps you meant https://backup.supersami.com/api/backup/scraping-job/?
2025-04-17 23:52:39,335 - sitescrapers.management.commands.sync_jobs_to_sdb - ERROR - [sync_jobs_to_sdb.py:149] - Failed to sync ScrapingJob PK=5: Invalid URL 'backup.supersami.com/api/backup/scraping-job/': No scheme supplied. Perhaps you meant https://backup.supersami.com/api/backup/scraping-job/?
Traceback (most recent call last):
  File "/Users/i/Documents/work/scraper/sitescrapers/management/commands/sync_jobs_to_sdb.py", line 125, in handle
    response = requests.post(sdb_api_url, json=payload, timeout=30)
  File "/Users/i/Library/Python/3.9/lib/python/site-packages/requests/api.py", line 115, in post
    return request("post", url, data=data, json=json, **kwargs)
  File "/Users/i/Library/Python/3.9/lib/python/site-packages/requests/api.py", line 59, in request
    return session.request(method=method, url=url, **kwargs)
  File "/Users/i/Library/Python/3.9/lib/python/site-packages/requests/sessions.py", line 575, in request
    prep = self.prepare_request(req)
  File "/Users/i/Library/Python/3.9/lib/python/site-packages/requests/sessions.py", line 484, in prepare_request
    p.prepare(
  File "/Users/i/Library/Python/3.9/lib/python/site-packages/requests/models.py", line 367, in prepare
    self.prepare_url(url, params)
  File "/Users/i/Library/Python/3.9/lib/python/site-packages/requests/models.py", line 438, in prepare_url
    raise MissingSchema(
requests.exceptions.MissingSchema: Invalid URL 'backup.supersami.com/api/backup/scraping-job/': No scheme supplied. Perhaps you meant https://backup.supersami.com/api/backup/scraping-job/?
2025-04-17 23:52:39,392 - sitescrapers.management.commands.sync_jobs_to_sdb - ERROR - [sync_jobs_to_sdb.py:149] - Failed to sync ScrapingJob PK=6: Invalid URL 'backup.supersami.com/api/backup/scraping-job/': No scheme supplied. Perhaps you meant https://backup.supersami.com/api/backup/scraping-job/?
Traceback (most recent call last):
  File "/Users/i/Documents/work/scraper/sitescrapers/management/commands/sync_jobs_to_sdb.py", line 125, in handle
    response = requests.post(sdb_api_url, json=payload, timeout=30)
  File "/Users/i/Library/Python/3.9/lib/python/site-packages/requests/api.py", line 115, in post
    return request("post", url, data=data, json=json, **kwargs)
  File "/Users/i/Library/Python/3.9/lib/python/site-packages/requests/api.py", line 59, in request
    return session.request(method=method, url=url, **kwargs)
  File "/Users/i/Library/Python/3.9/lib/python/site-packages/requests/sessions.py", line 575, in request
    prep = self.prepare_request(req)
  File "/Users/i/Library/Python/3.9/lib/python/site-packages/requests/sessions.py", line 484, in prepare_request
    p.prepare(
  File "/Users/i/Library/Python/3.9/lib/python/site-packages/requests/models.py", line 367, in prepare
    self.prepare_url(url, params)
  File "/Users/i/Library/Python/3.9/lib/python/site-packages/requests/models.py", line 438, in prepare_url
    raise MissingSchema(
requests.exceptions.MissingSchema: Invalid URL 'backup.supersami.com/api/backup/scraping-job/': No scheme supplied. Perhaps you meant https://backup.supersami.com/api/backup/scraping-job/?
2025-04-17 23:52:39,447 - sitescrapers.management.commands.sync_jobs_to_sdb - ERROR - [sync_jobs_to_sdb.py:149] - Failed to sync ScrapingJob PK=7: Invalid URL 'backup.supersami.com/api/backup/scraping-job/': No scheme supplied. Perhaps you meant https://backup.supersami.com/api/backup/scraping-job/?
Traceback (most recent call last):
  File "/Users/i/Documents/work/scraper/sitescrapers/management/commands/sync_jobs_to_sdb.py", line 125, in handle
    response = requests.post(sdb_api_url, json=payload, timeout=30)
  File "/Users/i/Library/Python/3.9/lib/python/site-packages/requests/api.py", line 115, in post
    return request("post", url, data=data, json=json, **kwargs)
  File "/Users/i/Library/Python/3.9/lib/python/site-packages/requests/api.py", line 59, in request
    return session.request(method=method, url=url, **kwargs)
  File "/Users/i/Library/Python/3.9/lib/python/site-packages/requests/sessions.py", line 575, in request
    prep = self.prepare_request(req)
  File "/Users/i/Library/Python/3.9/lib/python/site-packages/requests/sessions.py", line 484, in prepare_request
    p.prepare(
  File "/Users/i/Library/Python/3.9/lib/python/site-packages/requests/models.py", line 367, in prepare
    self.prepare_url(url, params)
  File "/Users/i/Library/Python/3.9/lib/python/site-packages/requests/models.py", line 438, in prepare_url
    raise MissingSchema(
requests.exceptions.MissingSchema: Invalid URL 'backup.supersami.com/api/backup/scraping-job/': No scheme supplied. Perhaps you meant https://backup.supersami.com/api/backup/scraping-job/?
2025-04-17 23:52:39,505 - sitescrapers.management.commands.sync_jobs_to_sdb - ERROR - [sync_jobs_to_sdb.py:149] - Failed to sync ScrapingJob PK=8: Invalid URL 'backup.supersami.com/api/backup/scraping-job/': No scheme supplied. Perhaps you meant https://backup.supersami.com/api/backup/scraping-job/?
Traceback (most recent call last):
  File "/Users/i/Documents/work/scraper/sitescrapers/management/commands/sync_jobs_to_sdb.py", line 125, in handle
    response = requests.post(sdb_api_url, json=payload, timeout=30)
  File "/Users/i/Library/Python/3.9/lib/python/site-packages/requests/api.py", line 115, in post
    return request("post", url, data=data, json=json, **kwargs)
  File "/Users/i/Library/Python/3.9/lib/python/site-packages/requests/api.py", line 59, in request
    return session.request(method=method, url=url, **kwargs)
  File "/Users/i/Library/Python/3.9/lib/python/site-packages/requests/sessions.py", line 575, in request
    prep = self.prepare_request(req)
  File "/Users/i/Library/Python/3.9/lib/python/site-packages/requests/sessions.py", line 484, in prepare_request
    p.prepare(
  File "/Users/i/Library/Python/3.9/lib/python/site-packages/requests/models.py", line 367, in prepare
    self.prepare_url(url, params)
  File "/Users/i/Library/Python/3.9/lib/python/site-packages/requests/models.py", line 438, in prepare_url
    raise MissingSchema(
requests.exceptions.MissingSchema: Invalid URL 'backup.supersami.com/api/backup/scraping-job/': No scheme supplied. Perhaps you meant https://backup.supersami.com/api/backup/scraping-job/?
2025-04-17 23:52:39,560 - sitescrapers.management.commands.sync_jobs_to_sdb - ERROR - [sync_jobs_to_sdb.py:149] - Failed to sync ScrapingJob PK=9: Invalid URL 'backup.supersami.com/api/backup/scraping-job/': No scheme supplied. Perhaps you meant https://backup.supersami.com/api/backup/scraping-job/?
Traceback (most recent call last):
  File "/Users/i/Documents/work/scraper/sitescrapers/management/commands/sync_jobs_to_sdb.py", line 125, in handle
    response = requests.post(sdb_api_url, json=payload, timeout=30)
  File "/Users/i/Library/Python/3.9/lib/python/site-packages/requests/api.py", line 115, in post
    return request("post", url, data=data, json=json, **kwargs)
  File "/Users/i/Library/Python/3.9/lib/python/site-packages/requests/api.py", line 59, in request
    return session.request(method=method, url=url, **kwargs)
  File "/Users/i/Library/Python/3.9/lib/python/site-packages/requests/sessions.py", line 575, in request
    prep = self.prepare_request(req)
  File "/Users/i/Library/Python/3.9/lib/python/site-packages/requests/sessions.py", line 484, in prepare_request
    p.prepare(
  File "/Users/i/Library/Python/3.9/lib/python/site-packages/requests/models.py", line 367, in prepare
    self.prepare_url(url, params)
  File "/Users/i/Library/Python/3.9/lib/python/site-packages/requests/models.py", line 438, in prepare_url
    raise MissingSchema(
requests.exceptions.MissingSchema: Invalid URL 'backup.supersami.com/api/backup/scraping-job/': No scheme supplied. Perhaps you meant https://backup.supersami.com/api/backup/scraping-job/?
2025-04-17 23:52:39,615 - sitescrapers.management.commands.sync_jobs_to_sdb - ERROR - [sync_jobs_to_sdb.py:149] - Failed to sync ScrapingJob PK=10: Invalid URL 'backup.supersami.com/api/backup/scraping-job/': No scheme supplied. Perhaps you meant https://backup.supersami.com/api/backup/scraping-job/?
Traceback (most recent call last):
  File "/Users/i/Documents/work/scraper/sitescrapers/management/commands/sync_jobs_to_sdb.py", line 125, in handle
    response = requests.post(sdb_api_url, json=payload, timeout=30)
  File "/Users/i/Library/Python/3.9/lib/python/site-packages/requests/api.py", line 115, in post
    return request("post", url, data=data, json=json, **kwargs)
  File "/Users/i/Library/Python/3.9/lib/python/site-packages/requests/api.py", line 59, in request
    return session.request(method=method, url=url, **kwargs)
  File "/Users/i/Library/Python/3.9/lib/python/site-packages/requests/sessions.py", line 575, in request
    prep = self.prepare_request(req)
  File "/Users/i/Library/Python/3.9/lib/python/site-packages/requests/sessions.py", line 484, in prepare_request
    p.prepare(
  File "/Users/i/Library/Python/3.9/lib/python/site-packages/requests/models.py", line 367, in prepare
    self.prepare_url(url, params)
  File "/Users/i/Library/Python/3.9/lib/python/site-packages/requests/models.py", line 438, in prepare_url
    raise MissingSchema(
requests.exceptions.MissingSchema: Invalid URL 'backup.supersami.com/api/backup/scraping-job/': No scheme supplied. Perhaps you meant https://backup.supersami.com/api/backup/scraping-job/?
2025-04-17 23:52:39,673 - sitescrapers.management.commands.sync_jobs_to_sdb - ERROR - [sync_jobs_to_sdb.py:149] - Failed to sync ScrapingJob PK=11: Invalid URL 'backup.supersami.com/api/backup/scraping-job/': No scheme supplied. Perhaps you meant https://backup.supersami.com/api/backup/scraping-job/?
Traceback (most recent call last):
  File "/Users/i/Documents/work/scraper/sitescrapers/management/commands/sync_jobs_to_sdb.py", line 125, in handle
    response = requests.post(sdb_api_url, json=payload, timeout=30)
  File "/Users/i/Library/Python/3.9/lib/python/site-packages/requests/api.py", line 115, in post
    return request("post", url, data=data, json=json, **kwargs)
  File "/Users/i/Library/Python/3.9/lib/python/site-packages/requests/api.py", line 59, in request
    return session.request(method=method, url=url, **kwargs)
  File "/Users/i/Library/Python/3.9/lib/python/site-packages/requests/sessions.py", line 575, in request
    prep = self.prepare_request(req)
  File "/Users/i/Library/Python/3.9/lib/python/site-packages/requests/sessions.py", line 484, in prepare_request
    p.prepare(
  File "/Users/i/Library/Python/3.9/lib/python/site-packages/requests/models.py", line 367, in prepare
    self.prepare_url(url, params)
  File "/Users/i/Library/Python/3.9/lib/python/site-packages/requests/models.py", line 438, in prepare_url
    raise MissingSchema(
requests.exceptions.MissingSchema: Invalid URL 'backup.supersami.com/api/backup/scraping-job/': No scheme supplied. Perhaps you meant https://backup.supersami.com/api/backup/scraping-job/?
2025-04-17 23:52:39,725 - sitescrapers.management.commands.sync_jobs_to_sdb - ERROR - [sync_jobs_to_sdb.py:149] - Failed to sync ScrapingJob PK=12: Invalid URL 'backup.supersami.com/api/backup/scraping-job/': No scheme supplied. Perhaps you meant https://backup.supersami.com/api/backup/scraping-job/?
Traceback (most recent call last):
  File "/Users/i/Documents/work/scraper/sitescrapers/management/commands/sync_jobs_to_sdb.py", line 125, in handle
    response = requests.post(sdb_api_url, json=payload, timeout=30)
  File "/Users/i/Library/Python/3.9/lib/python/site-packages/requests/api.py", line 115, in post
    return request("post", url, data=data, json=json, **kwargs)
  File "/Users/i/Library/Python/3.9/lib/python/site-packages/requests/api.py", line 59, in request
    return session.request(method=method, url=url, **kwargs)
  File "/Users/i/Library/Python/3.9/lib/python/site-packages/requests/sessions.py", line 575, in request
    prep = self.prepare_request(req)
  File "/Users/i/Library/Python/3.9/lib/python/site-packages/requests/sessions.py", line 484, in prepare_request
    p.prepare(
  File "/Users/i/Library/Python/3.9/lib/python/site-packages/requests/models.py", line 367, in prepare
    self.prepare_url(url, params)
  File "/Users/i/Library/Python/3.9/lib/python/site-packages/requests/models.py", line 438, in prepare_url
    raise MissingSchema(
requests.exceptions.MissingSchema: Invalid URL 'backup.supersami.com/api/backup/scraping-job/': No scheme supplied. Perhaps you meant https://backup.supersami.com/api/backup/scraping-job/?
2025-04-17 23:52:39,779 - sitescrapers.management.commands.sync_jobs_to_sdb - ERROR - [sync_jobs_to_sdb.py:149] - Failed to sync ScrapingJob PK=13: Invalid URL 'backup.supersami.com/api/backup/scraping-job/': No scheme supplied. Perhaps you meant https://backup.supersami.com/api/backup/scraping-job/?
Traceback (most recent call last):
  File "/Users/i/Documents/work/scraper/sitescrapers/management/commands/sync_jobs_to_sdb.py", line 125, in handle
    response = requests.post(sdb_api_url, json=payload, timeout=30)
  File "/Users/i/Library/Python/3.9/lib/python/site-packages/requests/api.py", line 115, in post
    return request("post", url, data=data, json=json, **kwargs)
  File "/Users/i/Library/Python/3.9/lib/python/site-packages/requests/api.py", line 59, in request
    return session.request(method=method, url=url, **kwargs)
  File "/Users/i/Library/Python/3.9/lib/python/site-packages/requests/sessions.py", line 575, in request
    prep = self.prepare_request(req)
  File "/Users/i/Library/Python/3.9/lib/python/site-packages/requests/sessions.py", line 484, in prepare_request
    p.prepare(
  File "/Users/i/Library/Python/3.9/lib/python/site-packages/requests/models.py", line 367, in prepare
    self.prepare_url(url, params)
  File "/Users/i/Library/Python/3.9/lib/python/site-packages/requests/models.py", line 438, in prepare_url
    raise MissingSchema(
requests.exceptions.MissingSchema: Invalid URL 'backup.supersami.com/api/backup/scraping-job/': No scheme supplied. Perhaps you meant https://backup.supersami.com/api/backup/scraping-job/?
2025-04-17 23:52:39,835 - sitescrapers.management.commands.sync_jobs_to_sdb - ERROR - [sync_jobs_to_sdb.py:149] - Failed to sync ScrapingJob PK=14: Invalid URL 'backup.supersami.com/api/backup/scraping-job/': No scheme supplied. Perhaps you meant https://backup.supersami.com/api/backup/scraping-job/?
Traceback (most recent call last):
  File "/Users/i/Documents/work/scraper/sitescrapers/management/commands/sync_jobs_to_sdb.py", line 125, in handle
    response = requests.post(sdb_api_url, json=payload, timeout=30)
  File "/Users/i/Library/Python/3.9/lib/python/site-packages/requests/api.py", line 115, in post
    return request("post", url, data=data, json=json, **kwargs)
  File "/Users/i/Library/Python/3.9/lib/python/site-packages/requests/api.py", line 59, in request
    return session.request(method=method, url=url, **kwargs)
  File "/Users/i/Library/Python/3.9/lib/python/site-packages/requests/sessions.py", line 575, in request
    prep = self.prepare_request(req)
  File "/Users/i/Library/Python/3.9/lib/python/site-packages/requests/sessions.py", line 484, in prepare_request
    p.prepare(
  File "/Users/i/Library/Python/3.9/lib/python/site-packages/requests/models.py", line 367, in prepare
    self.prepare_url(url, params)
  File "/Users/i/Library/Python/3.9/lib/python/site-packages/requests/models.py", line 438, in prepare_url
    raise MissingSchema(
requests.exceptions.MissingSchema: Invalid URL 'backup.supersami.com/api/backup/scraping-job/': No scheme supplied. Perhaps you meant https://backup.supersami.com/api/backup/scraping-job/?
2025-04-17 23:52:39,886 - sitescrapers.management.commands.sync_jobs_to_sdb - ERROR - [sync_jobs_to_sdb.py:149] - Failed to sync ScrapingJob PK=15: Invalid URL 'backup.supersami.com/api/backup/scraping-job/': No scheme supplied. Perhaps you meant https://backup.supersami.com/api/backup/scraping-job/?
Traceback (most recent call last):
  File "/Users/i/Documents/work/scraper/sitescrapers/management/commands/sync_jobs_to_sdb.py", line 125, in handle
    response = requests.post(sdb_api_url, json=payload, timeout=30)
  File "/Users/i/Library/Python/3.9/lib/python/site-packages/requests/api.py", line 115, in post
    return request("post", url, data=data, json=json, **kwargs)
  File "/Users/i/Library/Python/3.9/lib/python/site-packages/requests/api.py", line 59, in request
    return session.request(method=method, url=url, **kwargs)
  File "/Users/i/Library/Python/3.9/lib/python/site-packages/requests/sessions.py", line 575, in request
    prep = self.prepare_request(req)
  File "/Users/i/Library/Python/3.9/lib/python/site-packages/requests/sessions.py", line 484, in prepare_request
    p.prepare(
  File "/Users/i/Library/Python/3.9/lib/python/site-packages/requests/models.py", line 367, in prepare
    self.prepare_url(url, params)
  File "/Users/i/Library/Python/3.9/lib/python/site-packages/requests/models.py", line 438, in prepare_url
    raise MissingSchema(
requests.exceptions.MissingSchema: Invalid URL 'backup.supersami.com/api/backup/scraping-job/': No scheme supplied. Perhaps you meant https://backup.supersami.com/api/backup/scraping-job/?
2025-04-17 23:52:39,937 - sitescrapers.management.commands.sync_jobs_to_sdb - ERROR - [sync_jobs_to_sdb.py:149] - Failed to sync ScrapingJob PK=16: Invalid URL 'backup.supersami.com/api/backup/scraping-job/': No scheme supplied. Perhaps you meant https://backup.supersami.com/api/backup/scraping-job/?
Traceback (most recent call last):
  File "/Users/i/Documents/work/scraper/sitescrapers/management/commands/sync_jobs_to_sdb.py", line 125, in handle
    response = requests.post(sdb_api_url, json=payload, timeout=30)
  File "/Users/i/Library/Python/3.9/lib/python/site-packages/requests/api.py", line 115, in post
    return request("post", url, data=data, json=json, **kwargs)
  File "/Users/i/Library/Python/3.9/lib/python/site-packages/requests/api.py", line 59, in request
    return session.request(method=method, url=url, **kwargs)
  File "/Users/i/Library/Python/3.9/lib/python/site-packages/requests/sessions.py", line 575, in request
    prep = self.prepare_request(req)
  File "/Users/i/Library/Python/3.9/lib/python/site-packages/requests/sessions.py", line 484, in prepare_request
    p.prepare(
  File "/Users/i/Library/Python/3.9/lib/python/site-packages/requests/models.py", line 367, in prepare
    self.prepare_url(url, params)
  File "/Users/i/Library/Python/3.9/lib/python/site-packages/requests/models.py", line 438, in prepare_url
    raise MissingSchema(
requests.exceptions.MissingSchema: Invalid URL 'backup.supersami.com/api/backup/scraping-job/': No scheme supplied. Perhaps you meant https://backup.supersami.com/api/backup/scraping-job/?
2025-04-17 23:52:39,993 - sitescrapers.management.commands.sync_jobs_to_sdb - ERROR - [sync_jobs_to_sdb.py:149] - Failed to sync ScrapingJob PK=17: Invalid URL 'backup.supersami.com/api/backup/scraping-job/': No scheme supplied. Perhaps you meant https://backup.supersami.com/api/backup/scraping-job/?
Traceback (most recent call last):
  File "/Users/i/Documents/work/scraper/sitescrapers/management/commands/sync_jobs_to_sdb.py", line 125, in handle
    response = requests.post(sdb_api_url, json=payload, timeout=30)
  File "/Users/i/Library/Python/3.9/lib/python/site-packages/requests/api.py", line 115, in post
    return request("post", url, data=data, json=json, **kwargs)
  File "/Users/i/Library/Python/3.9/lib/python/site-packages/requests/api.py", line 59, in request
    return session.request(method=method, url=url, **kwargs)
  File "/Users/i/Library/Python/3.9/lib/python/site-packages/requests/sessions.py", line 575, in request
    prep = self.prepare_request(req)
  File "/Users/i/Library/Python/3.9/lib/python/site-packages/requests/sessions.py", line 484, in prepare_request
    p.prepare(
  File "/Users/i/Library/Python/3.9/lib/python/site-packages/requests/models.py", line 367, in prepare
    self.prepare_url(url, params)
  File "/Users/i/Library/Python/3.9/lib/python/site-packages/requests/models.py", line 438, in prepare_url
    raise MissingSchema(
requests.exceptions.MissingSchema: Invalid URL 'backup.supersami.com/api/backup/scraping-job/': No scheme supplied. Perhaps you meant https://backup.supersami.com/api/backup/scraping-job/?
2025-04-17 23:52:40,047 - sitescrapers.management.commands.sync_jobs_to_sdb - ERROR - [sync_jobs_to_sdb.py:149] - Failed to sync ScrapingJob PK=18: Invalid URL 'backup.supersami.com/api/backup/scraping-job/': No scheme supplied. Perhaps you meant https://backup.supersami.com/api/backup/scraping-job/?
Traceback (most recent call last):
  File "/Users/i/Documents/work/scraper/sitescrapers/management/commands/sync_jobs_to_sdb.py", line 125, in handle
    response = requests.post(sdb_api_url, json=payload, timeout=30)
  File "/Users/i/Library/Python/3.9/lib/python/site-packages/requests/api.py", line 115, in post
    return request("post", url, data=data, json=json, **kwargs)
  File "/Users/i/Library/Python/3.9/lib/python/site-packages/requests/api.py", line 59, in request
    return session.request(method=method, url=url, **kwargs)
  File "/Users/i/Library/Python/3.9/lib/python/site-packages/requests/sessions.py", line 575, in request
    prep = self.prepare_request(req)
  File "/Users/i/Library/Python/3.9/lib/python/site-packages/requests/sessions.py", line 484, in prepare_request
    p.prepare(
  File "/Users/i/Library/Python/3.9/lib/python/site-packages/requests/models.py", line 367, in prepare
    self.prepare_url(url, params)
  File "/Users/i/Library/Python/3.9/lib/python/site-packages/requests/models.py", line 438, in prepare_url
    raise MissingSchema(
requests.exceptions.MissingSchema: Invalid URL 'backup.supersami.com/api/backup/scraping-job/': No scheme supplied. Perhaps you meant https://backup.supersami.com/api/backup/scraping-job/?
2025-04-17 23:52:40,104 - sitescrapers.management.commands.sync_jobs_to_sdb - ERROR - [sync_jobs_to_sdb.py:149] - Failed to sync ScrapingJob PK=19: Invalid URL 'backup.supersami.com/api/backup/scraping-job/': No scheme supplied. Perhaps you meant https://backup.supersami.com/api/backup/scraping-job/?
Traceback (most recent call last):
  File "/Users/i/Documents/work/scraper/sitescrapers/management/commands/sync_jobs_to_sdb.py", line 125, in handle
    response = requests.post(sdb_api_url, json=payload, timeout=30)
  File "/Users/i/Library/Python/3.9/lib/python/site-packages/requests/api.py", line 115, in post
    return request("post", url, data=data, json=json, **kwargs)
  File "/Users/i/Library/Python/3.9/lib/python/site-packages/requests/api.py", line 59, in request
    return session.request(method=method, url=url, **kwargs)
  File "/Users/i/Library/Python/3.9/lib/python/site-packages/requests/sessions.py", line 575, in request
    prep = self.prepare_request(req)
  File "/Users/i/Library/Python/3.9/lib/python/site-packages/requests/sessions.py", line 484, in prepare_request
    p.prepare(
  File "/Users/i/Library/Python/3.9/lib/python/site-packages/requests/models.py", line 367, in prepare
    self.prepare_url(url, params)
  File "/Users/i/Library/Python/3.9/lib/python/site-packages/requests/models.py", line 438, in prepare_url
    raise MissingSchema(
requests.exceptions.MissingSchema: Invalid URL 'backup.supersami.com/api/backup/scraping-job/': No scheme supplied. Perhaps you meant https://backup.supersami.com/api/backup/scraping-job/?
2025-04-17 23:52:40,159 - sitescrapers.management.commands.sync_jobs_to_sdb - ERROR - [sync_jobs_to_sdb.py:149] - Failed to sync ScrapingJob PK=20: Invalid URL 'backup.supersami.com/api/backup/scraping-job/': No scheme supplied. Perhaps you meant https://backup.supersami.com/api/backup/scraping-job/?
Traceback (most recent call last):
  File "/Users/i/Documents/work/scraper/sitescrapers/management/commands/sync_jobs_to_sdb.py", line 125, in handle
    response = requests.post(sdb_api_url, json=payload, timeout=30)
  File "/Users/i/Library/Python/3.9/lib/python/site-packages/requests/api.py", line 115, in post
    return request("post", url, data=data, json=json, **kwargs)
  File "/Users/i/Library/Python/3.9/lib/python/site-packages/requests/api.py", line 59, in request
    return session.request(method=method, url=url, **kwargs)
  File "/Users/i/Library/Python/3.9/lib/python/site-packages/requests/sessions.py", line 575, in request
    prep = self.prepare_request(req)
  File "/Users/i/Library/Python/3.9/lib/python/site-packages/requests/sessions.py", line 484, in prepare_request
    p.prepare(
  File "/Users/i/Library/Python/3.9/lib/python/site-packages/requests/models.py", line 367, in prepare
    self.prepare_url(url, params)
  File "/Users/i/Library/Python/3.9/lib/python/site-packages/requests/models.py", line 438, in prepare_url
    raise MissingSchema(
requests.exceptions.MissingSchema: Invalid URL 'backup.supersami.com/api/backup/scraping-job/': No scheme supplied. Perhaps you meant https://backup.supersami.com/api/backup/scraping-job/?
2025-04-17 23:52:40,214 - sitescrapers.management.commands.sync_jobs_to_sdb - ERROR - [sync_jobs_to_sdb.py:149] - Failed to sync ScrapingJob PK=21: Invalid URL 'backup.supersami.com/api/backup/scraping-job/': No scheme supplied. Perhaps you meant https://backup.supersami.com/api/backup/scraping-job/?
Traceback (most recent call last):
  File "/Users/i/Documents/work/scraper/sitescrapers/management/commands/sync_jobs_to_sdb.py", line 125, in handle
    response = requests.post(sdb_api_url, json=payload, timeout=30)
  File "/Users/i/Library/Python/3.9/lib/python/site-packages/requests/api.py", line 115, in post
    return request("post", url, data=data, json=json, **kwargs)
  File "/Users/i/Library/Python/3.9/lib/python/site-packages/requests/api.py", line 59, in request
    return session.request(method=method, url=url, **kwargs)
  File "/Users/i/Library/Python/3.9/lib/python/site-packages/requests/sessions.py", line 575, in request
    prep = self.prepare_request(req)
  File "/Users/i/Library/Python/3.9/lib/python/site-packages/requests/sessions.py", line 484, in prepare_request
    p.prepare(
  File "/Users/i/Library/Python/3.9/lib/python/site-packages/requests/models.py", line 367, in prepare
    self.prepare_url(url, params)
  File "/Users/i/Library/Python/3.9/lib/python/site-packages/requests/models.py", line 438, in prepare_url
    raise MissingSchema(
requests.exceptions.MissingSchema: Invalid URL 'backup.supersami.com/api/backup/scraping-job/': No scheme supplied. Perhaps you meant https://backup.supersami.com/api/backup/scraping-job/?
2025-04-17 23:52:40,270 - sitescrapers.management.commands.sync_jobs_to_sdb - ERROR - [sync_jobs_to_sdb.py:149] - Failed to sync ScrapingJob PK=22: Invalid URL 'backup.supersami.com/api/backup/scraping-job/': No scheme supplied. Perhaps you meant https://backup.supersami.com/api/backup/scraping-job/?
Traceback (most recent call last):
  File "/Users/i/Documents/work/scraper/sitescrapers/management/commands/sync_jobs_to_sdb.py", line 125, in handle
    response = requests.post(sdb_api_url, json=payload, timeout=30)
  File "/Users/i/Library/Python/3.9/lib/python/site-packages/requests/api.py", line 115, in post
    return request("post", url, data=data, json=json, **kwargs)
  File "/Users/i/Library/Python/3.9/lib/python/site-packages/requests/api.py", line 59, in request
    return session.request(method=method, url=url, **kwargs)
  File "/Users/i/Library/Python/3.9/lib/python/site-packages/requests/sessions.py", line 575, in request
    prep = self.prepare_request(req)
  File "/Users/i/Library/Python/3.9/lib/python/site-packages/requests/sessions.py", line 484, in prepare_request
    p.prepare(
  File "/Users/i/Library/Python/3.9/lib/python/site-packages/requests/models.py", line 367, in prepare
    self.prepare_url(url, params)
  File "/Users/i/Library/Python/3.9/lib/python/site-packages/requests/models.py", line 438, in prepare_url
    raise MissingSchema(
requests.exceptions.MissingSchema: Invalid URL 'backup.supersami.com/api/backup/scraping-job/': No scheme supplied. Perhaps you meant https://backup.supersami.com/api/backup/scraping-job/?
2025-04-17 23:52:40,326 - sitescrapers.management.commands.sync_jobs_to_sdb - ERROR - [sync_jobs_to_sdb.py:149] - Failed to sync ScrapingJob PK=23: Invalid URL 'backup.supersami.com/api/backup/scraping-job/': No scheme supplied. Perhaps you meant https://backup.supersami.com/api/backup/scraping-job/?
Traceback (most recent call last):
  File "/Users/i/Documents/work/scraper/sitescrapers/management/commands/sync_jobs_to_sdb.py", line 125, in handle
    response = requests.post(sdb_api_url, json=payload, timeout=30)
  File "/Users/i/Library/Python/3.9/lib/python/site-packages/requests/api.py", line 115, in post
    return request("post", url, data=data, json=json, **kwargs)
  File "/Users/i/Library/Python/3.9/lib/python/site-packages/requests/api.py", line 59, in request
    return session.request(method=method, url=url, **kwargs)
  File "/Users/i/Library/Python/3.9/lib/python/site-packages/requests/sessions.py", line 575, in request
    prep = self.prepare_request(req)
  File "/Users/i/Library/Python/3.9/lib/python/site-packages/requests/sessions.py", line 484, in prepare_request
    p.prepare(
  File "/Users/i/Library/Python/3.9/lib/python/site-packages/requests/models.py", line 367, in prepare
    self.prepare_url(url, params)
  File "/Users/i/Library/Python/3.9/lib/python/site-packages/requests/models.py", line 438, in prepare_url
    raise MissingSchema(
requests.exceptions.MissingSchema: Invalid URL 'backup.supersami.com/api/backup/scraping-job/': No scheme supplied. Perhaps you meant https://backup.supersami.com/api/backup/scraping-job/?
2025-04-17 23:52:40,384 - sitescrapers.management.commands.sync_jobs_to_sdb - ERROR - [sync_jobs_to_sdb.py:149] - Failed to sync ScrapingJob PK=24: Invalid URL 'backup.supersami.com/api/backup/scraping-job/': No scheme supplied. Perhaps you meant https://backup.supersami.com/api/backup/scraping-job/?
Traceback (most recent call last):
  File "/Users/i/Documents/work/scraper/sitescrapers/management/commands/sync_jobs_to_sdb.py", line 125, in handle
    response = requests.post(sdb_api_url, json=payload, timeout=30)
  File "/Users/i/Library/Python/3.9/lib/python/site-packages/requests/api.py", line 115, in post
    return request("post", url, data=data, json=json, **kwargs)
  File "/Users/i/Library/Python/3.9/lib/python/site-packages/requests/api.py", line 59, in request
    return session.request(method=method, url=url, **kwargs)
  File "/Users/i/Library/Python/3.9/lib/python/site-packages/requests/sessions.py", line 575, in request
    prep = self.prepare_request(req)
  File "/Users/i/Library/Python/3.9/lib/python/site-packages/requests/sessions.py", line 484, in prepare_request
    p.prepare(
  File "/Users/i/Library/Python/3.9/lib/python/site-packages/requests/models.py", line 367, in prepare
    self.prepare_url(url, params)
  File "/Users/i/Library/Python/3.9/lib/python/site-packages/requests/models.py", line 438, in prepare_url
    raise MissingSchema(
requests.exceptions.MissingSchema: Invalid URL 'backup.supersami.com/api/backup/scraping-job/': No scheme supplied. Perhaps you meant https://backup.supersami.com/api/backup/scraping-job/?
2025-04-17 23:52:40,441 - sitescrapers.management.commands.sync_jobs_to_sdb - ERROR - [sync_jobs_to_sdb.py:149] - Failed to sync ScrapingJob PK=25: Invalid URL 'backup.supersami.com/api/backup/scraping-job/': No scheme supplied. Perhaps you meant https://backup.supersami.com/api/backup/scraping-job/?
Traceback (most recent call last):
  File "/Users/i/Documents/work/scraper/sitescrapers/management/commands/sync_jobs_to_sdb.py", line 125, in handle
    response = requests.post(sdb_api_url, json=payload, timeout=30)
  File "/Users/i/Library/Python/3.9/lib/python/site-packages/requests/api.py", line 115, in post
    return request("post", url, data=data, json=json, **kwargs)
  File "/Users/i/Library/Python/3.9/lib/python/site-packages/requests/api.py", line 59, in request
    return session.request(method=method, url=url, **kwargs)
  File "/Users/i/Library/Python/3.9/lib/python/site-packages/requests/sessions.py", line 575, in request
    prep = self.prepare_request(req)
  File "/Users/i/Library/Python/3.9/lib/python/site-packages/requests/sessions.py", line 484, in prepare_request
    p.prepare(
  File "/Users/i/Library/Python/3.9/lib/python/site-packages/requests/models.py", line 367, in prepare
    self.prepare_url(url, params)
  File "/Users/i/Library/Python/3.9/lib/python/site-packages/requests/models.py", line 438, in prepare_url
    raise MissingSchema(
requests.exceptions.MissingSchema: Invalid URL 'backup.supersami.com/api/backup/scraping-job/': No scheme supplied. Perhaps you meant https://backup.supersami.com/api/backup/scraping-job/?
2025-04-17 23:52:40,498 - sitescrapers.management.commands.sync_jobs_to_sdb - ERROR - [sync_jobs_to_sdb.py:149] - Failed to sync ScrapingJob PK=26: Invalid URL 'backup.supersami.com/api/backup/scraping-job/': No scheme supplied. Perhaps you meant https://backup.supersami.com/api/backup/scraping-job/?
Traceback (most recent call last):
  File "/Users/i/Documents/work/scraper/sitescrapers/management/commands/sync_jobs_to_sdb.py", line 125, in handle
    response = requests.post(sdb_api_url, json=payload, timeout=30)
  File "/Users/i/Library/Python/3.9/lib/python/site-packages/requests/api.py", line 115, in post
    return request("post", url, data=data, json=json, **kwargs)
  File "/Users/i/Library/Python/3.9/lib/python/site-packages/requests/api.py", line 59, in request
    return session.request(method=method, url=url, **kwargs)
  File "/Users/i/Library/Python/3.9/lib/python/site-packages/requests/sessions.py", line 575, in request
    prep = self.prepare_request(req)
  File "/Users/i/Library/Python/3.9/lib/python/site-packages/requests/sessions.py", line 484, in prepare_request
    p.prepare(
  File "/Users/i/Library/Python/3.9/lib/python/site-packages/requests/models.py", line 367, in prepare
    self.prepare_url(url, params)
  File "/Users/i/Library/Python/3.9/lib/python/site-packages/requests/models.py", line 438, in prepare_url
    raise MissingSchema(
requests.exceptions.MissingSchema: Invalid URL 'backup.supersami.com/api/backup/scraping-job/': No scheme supplied. Perhaps you meant https://backup.supersami.com/api/backup/scraping-job/?
2025-04-17 23:52:40,554 - sitescrapers.management.commands.sync_jobs_to_sdb - ERROR - [sync_jobs_to_sdb.py:149] - Failed to sync ScrapingJob PK=27: Invalid URL 'backup.supersami.com/api/backup/scraping-job/': No scheme supplied. Perhaps you meant https://backup.supersami.com/api/backup/scraping-job/?
Traceback (most recent call last):
  File "/Users/i/Documents/work/scraper/sitescrapers/management/commands/sync_jobs_to_sdb.py", line 125, in handle
    response = requests.post(sdb_api_url, json=payload, timeout=30)
  File "/Users/i/Library/Python/3.9/lib/python/site-packages/requests/api.py", line 115, in post
    return request("post", url, data=data, json=json, **kwargs)
  File "/Users/i/Library/Python/3.9/lib/python/site-packages/requests/api.py", line 59, in request
    return session.request(method=method, url=url, **kwargs)
  File "/Users/i/Library/Python/3.9/lib/python/site-packages/requests/sessions.py", line 575, in request
    prep = self.prepare_request(req)
  File "/Users/i/Library/Python/3.9/lib/python/site-packages/requests/sessions.py", line 484, in prepare_request
    p.prepare(
  File "/Users/i/Library/Python/3.9/lib/python/site-packages/requests/models.py", line 367, in prepare
    self.prepare_url(url, params)
  File "/Users/i/Library/Python/3.9/lib/python/site-packages/requests/models.py", line 438, in prepare_url
    raise MissingSchema(
requests.exceptions.MissingSchema: Invalid URL 'backup.supersami.com/api/backup/scraping-job/': No scheme supplied. Perhaps you meant https://backup.supersami.com/api/backup/scraping-job/?
2025-04-17 23:52:40,612 - sitescrapers.management.commands.sync_jobs_to_sdb - ERROR - [sync_jobs_to_sdb.py:149] - Failed to sync ScrapingJob PK=28: Invalid URL 'backup.supersami.com/api/backup/scraping-job/': No scheme supplied. Perhaps you meant https://backup.supersami.com/api/backup/scraping-job/?
Traceback (most recent call last):
  File "/Users/i/Documents/work/scraper/sitescrapers/management/commands/sync_jobs_to_sdb.py", line 125, in handle
    response = requests.post(sdb_api_url, json=payload, timeout=30)
  File "/Users/i/Library/Python/3.9/lib/python/site-packages/requests/api.py", line 115, in post
    return request("post", url, data=data, json=json, **kwargs)
  File "/Users/i/Library/Python/3.9/lib/python/site-packages/requests/api.py", line 59, in request
    return session.request(method=method, url=url, **kwargs)
  File "/Users/i/Library/Python/3.9/lib/python/site-packages/requests/sessions.py", line 575, in request
    prep = self.prepare_request(req)
  File "/Users/i/Library/Python/3.9/lib/python/site-packages/requests/sessions.py", line 484, in prepare_request
    p.prepare(
  File "/Users/i/Library/Python/3.9/lib/python/site-packages/requests/models.py", line 367, in prepare
    self.prepare_url(url, params)
  File "/Users/i/Library/Python/3.9/lib/python/site-packages/requests/models.py", line 438, in prepare_url
    raise MissingSchema(
requests.exceptions.MissingSchema: Invalid URL 'backup.supersami.com/api/backup/scraping-job/': No scheme supplied. Perhaps you meant https://backup.supersami.com/api/backup/scraping-job/?
2025-04-17 23:52:40,670 - sitescrapers.management.commands.sync_jobs_to_sdb - ERROR - [sync_jobs_to_sdb.py:149] - Failed to sync ScrapingJob PK=29: Invalid URL 'backup.supersami.com/api/backup/scraping-job/': No scheme supplied. Perhaps you meant https://backup.supersami.com/api/backup/scraping-job/?
Traceback (most recent call last):
  File "/Users/i/Documents/work/scraper/sitescrapers/management/commands/sync_jobs_to_sdb.py", line 125, in handle
    response = requests.post(sdb_api_url, json=payload, timeout=30)
  File "/Users/i/Library/Python/3.9/lib/python/site-packages/requests/api.py", line 115, in post
    return request("post", url, data=data, json=json, **kwargs)
  File "/Users/i/Library/Python/3.9/lib/python/site-packages/requests/api.py", line 59, in request
    return session.request(method=method, url=url, **kwargs)
  File "/Users/i/Library/Python/3.9/lib/python/site-packages/requests/sessions.py", line 575, in request
    prep = self.prepare_request(req)
  File "/Users/i/Library/Python/3.9/lib/python/site-packages/requests/sessions.py", line 484, in prepare_request
    p.prepare(
  File "/Users/i/Library/Python/3.9/lib/python/site-packages/requests/models.py", line 367, in prepare
    self.prepare_url(url, params)
  File "/Users/i/Library/Python/3.9/lib/python/site-packages/requests/models.py", line 438, in prepare_url
    raise MissingSchema(
requests.exceptions.MissingSchema: Invalid URL 'backup.supersami.com/api/backup/scraping-job/': No scheme supplied. Perhaps you meant https://backup.supersami.com/api/backup/scraping-job/?
2025-04-17 23:52:40,728 - sitescrapers.management.commands.sync_jobs_to_sdb - ERROR - [sync_jobs_to_sdb.py:149] - Failed to sync ScrapingJob PK=30: Invalid URL 'backup.supersami.com/api/backup/scraping-job/': No scheme supplied. Perhaps you meant https://backup.supersami.com/api/backup/scraping-job/?
Traceback (most recent call last):
  File "/Users/i/Documents/work/scraper/sitescrapers/management/commands/sync_jobs_to_sdb.py", line 125, in handle
    response = requests.post(sdb_api_url, json=payload, timeout=30)
  File "/Users/i/Library/Python/3.9/lib/python/site-packages/requests/api.py", line 115, in post
    return request("post", url, data=data, json=json, **kwargs)
  File "/Users/i/Library/Python/3.9/lib/python/site-packages/requests/api.py", line 59, in request
    return session.request(method=method, url=url, **kwargs)
  File "/Users/i/Library/Python/3.9/lib/python/site-packages/requests/sessions.py", line 575, in request
    prep = self.prepare_request(req)
  File "/Users/i/Library/Python/3.9/lib/python/site-packages/requests/sessions.py", line 484, in prepare_request
    p.prepare(
  File "/Users/i/Library/Python/3.9/lib/python/site-packages/requests/models.py", line 367, in prepare
    self.prepare_url(url, params)
  File "/Users/i/Library/Python/3.9/lib/python/site-packages/requests/models.py", line 438, in prepare_url
    raise MissingSchema(
requests.exceptions.MissingSchema: Invalid URL 'backup.supersami.com/api/backup/scraping-job/': No scheme supplied. Perhaps you meant https://backup.supersami.com/api/backup/scraping-job/?
2025-04-17 23:52:40,786 - sitescrapers.management.commands.sync_jobs_to_sdb - ERROR - [sync_jobs_to_sdb.py:149] - Failed to sync ScrapingJob PK=31: Invalid URL 'backup.supersami.com/api/backup/scraping-job/': No scheme supplied. Perhaps you meant https://backup.supersami.com/api/backup/scraping-job/?
Traceback (most recent call last):
  File "/Users/i/Documents/work/scraper/sitescrapers/management/commands/sync_jobs_to_sdb.py", line 125, in handle
    response = requests.post(sdb_api_url, json=payload, timeout=30)
  File "/Users/i/Library/Python/3.9/lib/python/site-packages/requests/api.py", line 115, in post
    return request("post", url, data=data, json=json, **kwargs)
  File "/Users/i/Library/Python/3.9/lib/python/site-packages/requests/api.py", line 59, in request
    return session.request(method=method, url=url, **kwargs)
  File "/Users/i/Library/Python/3.9/lib/python/site-packages/requests/sessions.py", line 575, in request
    prep = self.prepare_request(req)
  File "/Users/i/Library/Python/3.9/lib/python/site-packages/requests/sessions.py", line 484, in prepare_request
    p.prepare(
  File "/Users/i/Library/Python/3.9/lib/python/site-packages/requests/models.py", line 367, in prepare
    self.prepare_url(url, params)
  File "/Users/i/Library/Python/3.9/lib/python/site-packages/requests/models.py", line 438, in prepare_url
    raise MissingSchema(
requests.exceptions.MissingSchema: Invalid URL 'backup.supersami.com/api/backup/scraping-job/': No scheme supplied. Perhaps you meant https://backup.supersami.com/api/backup/scraping-job/?
2025-04-17 23:52:40,842 - sitescrapers.management.commands.sync_jobs_to_sdb - ERROR - [sync_jobs_to_sdb.py:149] - Failed to sync ScrapingJob PK=32: Invalid URL 'backup.supersami.com/api/backup/scraping-job/': No scheme supplied. Perhaps you meant https://backup.supersami.com/api/backup/scraping-job/?
Traceback (most recent call last):
  File "/Users/i/Documents/work/scraper/sitescrapers/management/commands/sync_jobs_to_sdb.py", line 125, in handle
    response = requests.post(sdb_api_url, json=payload, timeout=30)
  File "/Users/i/Library/Python/3.9/lib/python/site-packages/requests/api.py", line 115, in post
    return request("post", url, data=data, json=json, **kwargs)
  File "/Users/i/Library/Python/3.9/lib/python/site-packages/requests/api.py", line 59, in request
    return session.request(method=method, url=url, **kwargs)
  File "/Users/i/Library/Python/3.9/lib/python/site-packages/requests/sessions.py", line 575, in request
    prep = self.prepare_request(req)
  File "/Users/i/Library/Python/3.9/lib/python/site-packages/requests/sessions.py", line 484, in prepare_request
    p.prepare(
  File "/Users/i/Library/Python/3.9/lib/python/site-packages/requests/models.py", line 367, in prepare
    self.prepare_url(url, params)
  File "/Users/i/Library/Python/3.9/lib/python/site-packages/requests/models.py", line 438, in prepare_url
    raise MissingSchema(
requests.exceptions.MissingSchema: Invalid URL 'backup.supersami.com/api/backup/scraping-job/': No scheme supplied. Perhaps you meant https://backup.supersami.com/api/backup/scraping-job/?
2025-04-17 23:52:40,899 - sitescrapers.management.commands.sync_jobs_to_sdb - ERROR - [sync_jobs_to_sdb.py:149] - Failed to sync ScrapingJob PK=33: Invalid URL 'backup.supersami.com/api/backup/scraping-job/': No scheme supplied. Perhaps you meant https://backup.supersami.com/api/backup/scraping-job/?
Traceback (most recent call last):
  File "/Users/i/Documents/work/scraper/sitescrapers/management/commands/sync_jobs_to_sdb.py", line 125, in handle
    response = requests.post(sdb_api_url, json=payload, timeout=30)
  File "/Users/i/Library/Python/3.9/lib/python/site-packages/requests/api.py", line 115, in post
    return request("post", url, data=data, json=json, **kwargs)
  File "/Users/i/Library/Python/3.9/lib/python/site-packages/requests/api.py", line 59, in request
    return session.request(method=method, url=url, **kwargs)
  File "/Users/i/Library/Python/3.9/lib/python/site-packages/requests/sessions.py", line 575, in request
    prep = self.prepare_request(req)
  File "/Users/i/Library/Python/3.9/lib/python/site-packages/requests/sessions.py", line 484, in prepare_request
    p.prepare(
  File "/Users/i/Library/Python/3.9/lib/python/site-packages/requests/models.py", line 367, in prepare
    self.prepare_url(url, params)
  File "/Users/i/Library/Python/3.9/lib/python/site-packages/requests/models.py", line 438, in prepare_url
    raise MissingSchema(
requests.exceptions.MissingSchema: Invalid URL 'backup.supersami.com/api/backup/scraping-job/': No scheme supplied. Perhaps you meant https://backup.supersami.com/api/backup/scraping-job/?
2025-04-17 23:52:40,954 - sitescrapers.management.commands.sync_jobs_to_sdb - ERROR - [sync_jobs_to_sdb.py:149] - Failed to sync ScrapingJob PK=34: Invalid URL 'backup.supersami.com/api/backup/scraping-job/': No scheme supplied. Perhaps you meant https://backup.supersami.com/api/backup/scraping-job/?
Traceback (most recent call last):
  File "/Users/i/Documents/work/scraper/sitescrapers/management/commands/sync_jobs_to_sdb.py", line 125, in handle
    response = requests.post(sdb_api_url, json=payload, timeout=30)
  File "/Users/i/Library/Python/3.9/lib/python/site-packages/requests/api.py", line 115, in post
    return request("post", url, data=data, json=json, **kwargs)
  File "/Users/i/Library/Python/3.9/lib/python/site-packages/requests/api.py", line 59, in request
    return session.request(method=method, url=url, **kwargs)
  File "/Users/i/Library/Python/3.9/lib/python/site-packages/requests/sessions.py", line 575, in request
    prep = self.prepare_request(req)
  File "/Users/i/Library/Python/3.9/lib/python/site-packages/requests/sessions.py", line 484, in prepare_request
    p.prepare(
  File "/Users/i/Library/Python/3.9/lib/python/site-packages/requests/models.py", line 367, in prepare
    self.prepare_url(url, params)
  File "/Users/i/Library/Python/3.9/lib/python/site-packages/requests/models.py", line 438, in prepare_url
    raise MissingSchema(
requests.exceptions.MissingSchema: Invalid URL 'backup.supersami.com/api/backup/scraping-job/': No scheme supplied. Perhaps you meant https://backup.supersami.com/api/backup/scraping-job/?
2025-04-17 23:52:41,006 - sitescrapers.management.commands.sync_jobs_to_sdb - ERROR - [sync_jobs_to_sdb.py:149] - Failed to sync ScrapingJob PK=35: Invalid URL 'backup.supersami.com/api/backup/scraping-job/': No scheme supplied. Perhaps you meant https://backup.supersami.com/api/backup/scraping-job/?
Traceback (most recent call last):
  File "/Users/i/Documents/work/scraper/sitescrapers/management/commands/sync_jobs_to_sdb.py", line 125, in handle
    response = requests.post(sdb_api_url, json=payload, timeout=30)
  File "/Users/i/Library/Python/3.9/lib/python/site-packages/requests/api.py", line 115, in post
    return request("post", url, data=data, json=json, **kwargs)
  File "/Users/i/Library/Python/3.9/lib/python/site-packages/requests/api.py", line 59, in request
    return session.request(method=method, url=url, **kwargs)
  File "/Users/i/Library/Python/3.9/lib/python/site-packages/requests/sessions.py", line 575, in request
    prep = self.prepare_request(req)
  File "/Users/i/Library/Python/3.9/lib/python/site-packages/requests/sessions.py", line 484, in prepare_request
    p.prepare(
  File "/Users/i/Library/Python/3.9/lib/python/site-packages/requests/models.py", line 367, in prepare
    self.prepare_url(url, params)
  File "/Users/i/Library/Python/3.9/lib/python/site-packages/requests/models.py", line 438, in prepare_url
    raise MissingSchema(
requests.exceptions.MissingSchema: Invalid URL 'backup.supersami.com/api/backup/scraping-job/': No scheme supplied. Perhaps you meant https://backup.supersami.com/api/backup/scraping-job/?
2025-04-17 23:52:41,060 - sitescrapers.management.commands.sync_jobs_to_sdb - ERROR - [sync_jobs_to_sdb.py:149] - Failed to sync ScrapingJob PK=36: Invalid URL 'backup.supersami.com/api/backup/scraping-job/': No scheme supplied. Perhaps you meant https://backup.supersami.com/api/backup/scraping-job/?
Traceback (most recent call last):
  File "/Users/i/Documents/work/scraper/sitescrapers/management/commands/sync_jobs_to_sdb.py", line 125, in handle
    response = requests.post(sdb_api_url, json=payload, timeout=30)
  File "/Users/i/Library/Python/3.9/lib/python/site-packages/requests/api.py", line 115, in post
    return request("post", url, data=data, json=json, **kwargs)
  File "/Users/i/Library/Python/3.9/lib/python/site-packages/requests/api.py", line 59, in request
    return session.request(method=method, url=url, **kwargs)
  File "/Users/i/Library/Python/3.9/lib/python/site-packages/requests/sessions.py", line 575, in request
    prep = self.prepare_request(req)
  File "/Users/i/Library/Python/3.9/lib/python/site-packages/requests/sessions.py", line 484, in prepare_request
    p.prepare(
  File "/Users/i/Library/Python/3.9/lib/python/site-packages/requests/models.py", line 367, in prepare
    self.prepare_url(url, params)
  File "/Users/i/Library/Python/3.9/lib/python/site-packages/requests/models.py", line 438, in prepare_url
    raise MissingSchema(
requests.exceptions.MissingSchema: Invalid URL 'backup.supersami.com/api/backup/scraping-job/': No scheme supplied. Perhaps you meant https://backup.supersami.com/api/backup/scraping-job/?
2025-04-17 23:52:41,118 - sitescrapers.management.commands.sync_jobs_to_sdb - ERROR - [sync_jobs_to_sdb.py:149] - Failed to sync ScrapingJob PK=37: Invalid URL 'backup.supersami.com/api/backup/scraping-job/': No scheme supplied. Perhaps you meant https://backup.supersami.com/api/backup/scraping-job/?
Traceback (most recent call last):
  File "/Users/i/Documents/work/scraper/sitescrapers/management/commands/sync_jobs_to_sdb.py", line 125, in handle
    response = requests.post(sdb_api_url, json=payload, timeout=30)
  File "/Users/i/Library/Python/3.9/lib/python/site-packages/requests/api.py", line 115, in post
    return request("post", url, data=data, json=json, **kwargs)
  File "/Users/i/Library/Python/3.9/lib/python/site-packages/requests/api.py", line 59, in request
    return session.request(method=method, url=url, **kwargs)
  File "/Users/i/Library/Python/3.9/lib/python/site-packages/requests/sessions.py", line 575, in request
    prep = self.prepare_request(req)
  File "/Users/i/Library/Python/3.9/lib/python/site-packages/requests/sessions.py", line 484, in prepare_request
    p.prepare(
  File "/Users/i/Library/Python/3.9/lib/python/site-packages/requests/models.py", line 367, in prepare
    self.prepare_url(url, params)
  File "/Users/i/Library/Python/3.9/lib/python/site-packages/requests/models.py", line 438, in prepare_url
    raise MissingSchema(
requests.exceptions.MissingSchema: Invalid URL 'backup.supersami.com/api/backup/scraping-job/': No scheme supplied. Perhaps you meant https://backup.supersami.com/api/backup/scraping-job/?
2025-04-17 23:52:41,176 - sitescrapers.management.commands.sync_jobs_to_sdb - ERROR - [sync_jobs_to_sdb.py:149] - Failed to sync ScrapingJob PK=38: Invalid URL 'backup.supersami.com/api/backup/scraping-job/': No scheme supplied. Perhaps you meant https://backup.supersami.com/api/backup/scraping-job/?
Traceback (most recent call last):
  File "/Users/i/Documents/work/scraper/sitescrapers/management/commands/sync_jobs_to_sdb.py", line 125, in handle
    response = requests.post(sdb_api_url, json=payload, timeout=30)
  File "/Users/i/Library/Python/3.9/lib/python/site-packages/requests/api.py", line 115, in post
    return request("post", url, data=data, json=json, **kwargs)
  File "/Users/i/Library/Python/3.9/lib/python/site-packages/requests/api.py", line 59, in request
    return session.request(method=method, url=url, **kwargs)
  File "/Users/i/Library/Python/3.9/lib/python/site-packages/requests/sessions.py", line 575, in request
    prep = self.prepare_request(req)
  File "/Users/i/Library/Python/3.9/lib/python/site-packages/requests/sessions.py", line 484, in prepare_request
    p.prepare(
  File "/Users/i/Library/Python/3.9/lib/python/site-packages/requests/models.py", line 367, in prepare
    self.prepare_url(url, params)
  File "/Users/i/Library/Python/3.9/lib/python/site-packages/requests/models.py", line 438, in prepare_url
    raise MissingSchema(
requests.exceptions.MissingSchema: Invalid URL 'backup.supersami.com/api/backup/scraping-job/': No scheme supplied. Perhaps you meant https://backup.supersami.com/api/backup/scraping-job/?
2025-04-17 23:52:41,231 - sitescrapers.management.commands.sync_jobs_to_sdb - ERROR - [sync_jobs_to_sdb.py:149] - Failed to sync ScrapingJob PK=39: Invalid URL 'backup.supersami.com/api/backup/scraping-job/': No scheme supplied. Perhaps you meant https://backup.supersami.com/api/backup/scraping-job/?
Traceback (most recent call last):
  File "/Users/i/Documents/work/scraper/sitescrapers/management/commands/sync_jobs_to_sdb.py", line 125, in handle
    response = requests.post(sdb_api_url, json=payload, timeout=30)
  File "/Users/i/Library/Python/3.9/lib/python/site-packages/requests/api.py", line 115, in post
    return request("post", url, data=data, json=json, **kwargs)
  File "/Users/i/Library/Python/3.9/lib/python/site-packages/requests/api.py", line 59, in request
    return session.request(method=method, url=url, **kwargs)
  File "/Users/i/Library/Python/3.9/lib/python/site-packages/requests/sessions.py", line 575, in request
    prep = self.prepare_request(req)
  File "/Users/i/Library/Python/3.9/lib/python/site-packages/requests/sessions.py", line 484, in prepare_request
    p.prepare(
  File "/Users/i/Library/Python/3.9/lib/python/site-packages/requests/models.py", line 367, in prepare
    self.prepare_url(url, params)
  File "/Users/i/Library/Python/3.9/lib/python/site-packages/requests/models.py", line 438, in prepare_url
    raise MissingSchema(
requests.exceptions.MissingSchema: Invalid URL 'backup.supersami.com/api/backup/scraping-job/': No scheme supplied. Perhaps you meant https://backup.supersami.com/api/backup/scraping-job/?
2025-04-17 23:52:41,287 - sitescrapers.management.commands.sync_jobs_to_sdb - ERROR - [sync_jobs_to_sdb.py:149] - Failed to sync ScrapingJob PK=40: Invalid URL 'backup.supersami.com/api/backup/scraping-job/': No scheme supplied. Perhaps you meant https://backup.supersami.com/api/backup/scraping-job/?
Traceback (most recent call last):
  File "/Users/i/Documents/work/scraper/sitescrapers/management/commands/sync_jobs_to_sdb.py", line 125, in handle
    response = requests.post(sdb_api_url, json=payload, timeout=30)
  File "/Users/i/Library/Python/3.9/lib/python/site-packages/requests/api.py", line 115, in post
    return request("post", url, data=data, json=json, **kwargs)
  File "/Users/i/Library/Python/3.9/lib/python/site-packages/requests/api.py", line 59, in request
    return session.request(method=method, url=url, **kwargs)
  File "/Users/i/Library/Python/3.9/lib/python/site-packages/requests/sessions.py", line 575, in request
    prep = self.prepare_request(req)
  File "/Users/i/Library/Python/3.9/lib/python/site-packages/requests/sessions.py", line 484, in prepare_request
    p.prepare(
  File "/Users/i/Library/Python/3.9/lib/python/site-packages/requests/models.py", line 367, in prepare
    self.prepare_url(url, params)
  File "/Users/i/Library/Python/3.9/lib/python/site-packages/requests/models.py", line 438, in prepare_url
    raise MissingSchema(
requests.exceptions.MissingSchema: Invalid URL 'backup.supersami.com/api/backup/scraping-job/': No scheme supplied. Perhaps you meant https://backup.supersami.com/api/backup/scraping-job/?
2025-04-17 23:52:41,341 - sitescrapers.management.commands.sync_jobs_to_sdb - ERROR - [sync_jobs_to_sdb.py:149] - Failed to sync ScrapingJob PK=41: Invalid URL 'backup.supersami.com/api/backup/scraping-job/': No scheme supplied. Perhaps you meant https://backup.supersami.com/api/backup/scraping-job/?
Traceback (most recent call last):
  File "/Users/i/Documents/work/scraper/sitescrapers/management/commands/sync_jobs_to_sdb.py", line 125, in handle
    response = requests.post(sdb_api_url, json=payload, timeout=30)
  File "/Users/i/Library/Python/3.9/lib/python/site-packages/requests/api.py", line 115, in post
    return request("post", url, data=data, json=json, **kwargs)
  File "/Users/i/Library/Python/3.9/lib/python/site-packages/requests/api.py", line 59, in request
    return session.request(method=method, url=url, **kwargs)
  File "/Users/i/Library/Python/3.9/lib/python/site-packages/requests/sessions.py", line 575, in request
    prep = self.prepare_request(req)
  File "/Users/i/Library/Python/3.9/lib/python/site-packages/requests/sessions.py", line 484, in prepare_request
    p.prepare(
  File "/Users/i/Library/Python/3.9/lib/python/site-packages/requests/models.py", line 367, in prepare
    self.prepare_url(url, params)
  File "/Users/i/Library/Python/3.9/lib/python/site-packages/requests/models.py", line 438, in prepare_url
    raise MissingSchema(
requests.exceptions.MissingSchema: Invalid URL 'backup.supersami.com/api/backup/scraping-job/': No scheme supplied. Perhaps you meant https://backup.supersami.com/api/backup/scraping-job/?
2025-04-17 23:52:41,396 - sitescrapers.management.commands.sync_jobs_to_sdb - ERROR - [sync_jobs_to_sdb.py:149] - Failed to sync ScrapingJob PK=42: Invalid URL 'backup.supersami.com/api/backup/scraping-job/': No scheme supplied. Perhaps you meant https://backup.supersami.com/api/backup/scraping-job/?
Traceback (most recent call last):
  File "/Users/i/Documents/work/scraper/sitescrapers/management/commands/sync_jobs_to_sdb.py", line 125, in handle
    response = requests.post(sdb_api_url, json=payload, timeout=30)
  File "/Users/i/Library/Python/3.9/lib/python/site-packages/requests/api.py", line 115, in post
    return request("post", url, data=data, json=json, **kwargs)
  File "/Users/i/Library/Python/3.9/lib/python/site-packages/requests/api.py", line 59, in request
    return session.request(method=method, url=url, **kwargs)
  File "/Users/i/Library/Python/3.9/lib/python/site-packages/requests/sessions.py", line 575, in request
    prep = self.prepare_request(req)
  File "/Users/i/Library/Python/3.9/lib/python/site-packages/requests/sessions.py", line 484, in prepare_request
    p.prepare(
  File "/Users/i/Library/Python/3.9/lib/python/site-packages/requests/models.py", line 367, in prepare
    self.prepare_url(url, params)
  File "/Users/i/Library/Python/3.9/lib/python/site-packages/requests/models.py", line 438, in prepare_url
    raise MissingSchema(
requests.exceptions.MissingSchema: Invalid URL 'backup.supersami.com/api/backup/scraping-job/': No scheme supplied. Perhaps you meant https://backup.supersami.com/api/backup/scraping-job/?
2025-04-17 23:52:41,453 - sitescrapers.management.commands.sync_jobs_to_sdb - ERROR - [sync_jobs_to_sdb.py:149] - Failed to sync ScrapingJob PK=43: Invalid URL 'backup.supersami.com/api/backup/scraping-job/': No scheme supplied. Perhaps you meant https://backup.supersami.com/api/backup/scraping-job/?
Traceback (most recent call last):
  File "/Users/i/Documents/work/scraper/sitescrapers/management/commands/sync_jobs_to_sdb.py", line 125, in handle
    response = requests.post(sdb_api_url, json=payload, timeout=30)
  File "/Users/i/Library/Python/3.9/lib/python/site-packages/requests/api.py", line 115, in post
    return request("post", url, data=data, json=json, **kwargs)
  File "/Users/i/Library/Python/3.9/lib/python/site-packages/requests/api.py", line 59, in request
    return session.request(method=method, url=url, **kwargs)
  File "/Users/i/Library/Python/3.9/lib/python/site-packages/requests/sessions.py", line 575, in request
    prep = self.prepare_request(req)
  File "/Users/i/Library/Python/3.9/lib/python/site-packages/requests/sessions.py", line 484, in prepare_request
    p.prepare(
  File "/Users/i/Library/Python/3.9/lib/python/site-packages/requests/models.py", line 367, in prepare
    self.prepare_url(url, params)
  File "/Users/i/Library/Python/3.9/lib/python/site-packages/requests/models.py", line 438, in prepare_url
    raise MissingSchema(
requests.exceptions.MissingSchema: Invalid URL 'backup.supersami.com/api/backup/scraping-job/': No scheme supplied. Perhaps you meant https://backup.supersami.com/api/backup/scraping-job/?
2025-04-17 23:52:41,509 - sitescrapers.management.commands.sync_jobs_to_sdb - ERROR - [sync_jobs_to_sdb.py:149] - Failed to sync ScrapingJob PK=44: Invalid URL 'backup.supersami.com/api/backup/scraping-job/': No scheme supplied. Perhaps you meant https://backup.supersami.com/api/backup/scraping-job/?
Traceback (most recent call last):
  File "/Users/i/Documents/work/scraper/sitescrapers/management/commands/sync_jobs_to_sdb.py", line 125, in handle
    response = requests.post(sdb_api_url, json=payload, timeout=30)
  File "/Users/i/Library/Python/3.9/lib/python/site-packages/requests/api.py", line 115, in post
    return request("post", url, data=data, json=json, **kwargs)
  File "/Users/i/Library/Python/3.9/lib/python/site-packages/requests/api.py", line 59, in request
    return session.request(method=method, url=url, **kwargs)
  File "/Users/i/Library/Python/3.9/lib/python/site-packages/requests/sessions.py", line 575, in request
    prep = self.prepare_request(req)
  File "/Users/i/Library/Python/3.9/lib/python/site-packages/requests/sessions.py", line 484, in prepare_request
    p.prepare(
  File "/Users/i/Library/Python/3.9/lib/python/site-packages/requests/models.py", line 367, in prepare
    self.prepare_url(url, params)
  File "/Users/i/Library/Python/3.9/lib/python/site-packages/requests/models.py", line 438, in prepare_url
    raise MissingSchema(
requests.exceptions.MissingSchema: Invalid URL 'backup.supersami.com/api/backup/scraping-job/': No scheme supplied. Perhaps you meant https://backup.supersami.com/api/backup/scraping-job/?
2025-04-17 23:52:41,563 - sitescrapers.management.commands.sync_jobs_to_sdb - ERROR - [sync_jobs_to_sdb.py:149] - Failed to sync ScrapingJob PK=45: Invalid URL 'backup.supersami.com/api/backup/scraping-job/': No scheme supplied. Perhaps you meant https://backup.supersami.com/api/backup/scraping-job/?
Traceback (most recent call last):
  File "/Users/i/Documents/work/scraper/sitescrapers/management/commands/sync_jobs_to_sdb.py", line 125, in handle
    response = requests.post(sdb_api_url, json=payload, timeout=30)
  File "/Users/i/Library/Python/3.9/lib/python/site-packages/requests/api.py", line 115, in post
    return request("post", url, data=data, json=json, **kwargs)
  File "/Users/i/Library/Python/3.9/lib/python/site-packages/requests/api.py", line 59, in request
    return session.request(method=method, url=url, **kwargs)
  File "/Users/i/Library/Python/3.9/lib/python/site-packages/requests/sessions.py", line 575, in request
    prep = self.prepare_request(req)
  File "/Users/i/Library/Python/3.9/lib/python/site-packages/requests/sessions.py", line 484, in prepare_request
    p.prepare(
  File "/Users/i/Library/Python/3.9/lib/python/site-packages/requests/models.py", line 367, in prepare
    self.prepare_url(url, params)
  File "/Users/i/Library/Python/3.9/lib/python/site-packages/requests/models.py", line 438, in prepare_url
    raise MissingSchema(
requests.exceptions.MissingSchema: Invalid URL 'backup.supersami.com/api/backup/scraping-job/': No scheme supplied. Perhaps you meant https://backup.supersami.com/api/backup/scraping-job/?
2025-04-17 23:52:41,621 - sitescrapers.management.commands.sync_jobs_to_sdb - ERROR - [sync_jobs_to_sdb.py:149] - Failed to sync ScrapingJob PK=46: Invalid URL 'backup.supersami.com/api/backup/scraping-job/': No scheme supplied. Perhaps you meant https://backup.supersami.com/api/backup/scraping-job/?
Traceback (most recent call last):
  File "/Users/i/Documents/work/scraper/sitescrapers/management/commands/sync_jobs_to_sdb.py", line 125, in handle
    response = requests.post(sdb_api_url, json=payload, timeout=30)
  File "/Users/i/Library/Python/3.9/lib/python/site-packages/requests/api.py", line 115, in post
    return request("post", url, data=data, json=json, **kwargs)
  File "/Users/i/Library/Python/3.9/lib/python/site-packages/requests/api.py", line 59, in request
    return session.request(method=method, url=url, **kwargs)
  File "/Users/i/Library/Python/3.9/lib/python/site-packages/requests/sessions.py", line 575, in request
    prep = self.prepare_request(req)
  File "/Users/i/Library/Python/3.9/lib/python/site-packages/requests/sessions.py", line 484, in prepare_request
    p.prepare(
  File "/Users/i/Library/Python/3.9/lib/python/site-packages/requests/models.py", line 367, in prepare
    self.prepare_url(url, params)
  File "/Users/i/Library/Python/3.9/lib/python/site-packages/requests/models.py", line 438, in prepare_url
    raise MissingSchema(
requests.exceptions.MissingSchema: Invalid URL 'backup.supersami.com/api/backup/scraping-job/': No scheme supplied. Perhaps you meant https://backup.supersami.com/api/backup/scraping-job/?
2025-04-17 23:52:41,679 - sitescrapers.management.commands.sync_jobs_to_sdb - ERROR - [sync_jobs_to_sdb.py:149] - Failed to sync ScrapingJob PK=47: Invalid URL 'backup.supersami.com/api/backup/scraping-job/': No scheme supplied. Perhaps you meant https://backup.supersami.com/api/backup/scraping-job/?
Traceback (most recent call last):
  File "/Users/i/Documents/work/scraper/sitescrapers/management/commands/sync_jobs_to_sdb.py", line 125, in handle
    response = requests.post(sdb_api_url, json=payload, timeout=30)
  File "/Users/i/Library/Python/3.9/lib/python/site-packages/requests/api.py", line 115, in post
    return request("post", url, data=data, json=json, **kwargs)
  File "/Users/i/Library/Python/3.9/lib/python/site-packages/requests/api.py", line 59, in request
    return session.request(method=method, url=url, **kwargs)
  File "/Users/i/Library/Python/3.9/lib/python/site-packages/requests/sessions.py", line 575, in request
    prep = self.prepare_request(req)
  File "/Users/i/Library/Python/3.9/lib/python/site-packages/requests/sessions.py", line 484, in prepare_request
    p.prepare(
  File "/Users/i/Library/Python/3.9/lib/python/site-packages/requests/models.py", line 367, in prepare
    self.prepare_url(url, params)
  File "/Users/i/Library/Python/3.9/lib/python/site-packages/requests/models.py", line 438, in prepare_url
    raise MissingSchema(
requests.exceptions.MissingSchema: Invalid URL 'backup.supersami.com/api/backup/scraping-job/': No scheme supplied. Perhaps you meant https://backup.supersami.com/api/backup/scraping-job/?
2025-04-17 23:52:41,732 - sitescrapers.management.commands.sync_jobs_to_sdb - ERROR - [sync_jobs_to_sdb.py:149] - Failed to sync ScrapingJob PK=48: Invalid URL 'backup.supersami.com/api/backup/scraping-job/': No scheme supplied. Perhaps you meant https://backup.supersami.com/api/backup/scraping-job/?
Traceback (most recent call last):
  File "/Users/i/Documents/work/scraper/sitescrapers/management/commands/sync_jobs_to_sdb.py", line 125, in handle
    response = requests.post(sdb_api_url, json=payload, timeout=30)
  File "/Users/i/Library/Python/3.9/lib/python/site-packages/requests/api.py", line 115, in post
    return request("post", url, data=data, json=json, **kwargs)
  File "/Users/i/Library/Python/3.9/lib/python/site-packages/requests/api.py", line 59, in request
    return session.request(method=method, url=url, **kwargs)
  File "/Users/i/Library/Python/3.9/lib/python/site-packages/requests/sessions.py", line 575, in request
    prep = self.prepare_request(req)
  File "/Users/i/Library/Python/3.9/lib/python/site-packages/requests/sessions.py", line 484, in prepare_request
    p.prepare(
  File "/Users/i/Library/Python/3.9/lib/python/site-packages/requests/models.py", line 367, in prepare
    self.prepare_url(url, params)
  File "/Users/i/Library/Python/3.9/lib/python/site-packages/requests/models.py", line 438, in prepare_url
    raise MissingSchema(
requests.exceptions.MissingSchema: Invalid URL 'backup.supersami.com/api/backup/scraping-job/': No scheme supplied. Perhaps you meant https://backup.supersami.com/api/backup/scraping-job/?
2025-04-17 23:52:41,787 - sitescrapers.management.commands.sync_jobs_to_sdb - ERROR - [sync_jobs_to_sdb.py:149] - Failed to sync ScrapingJob PK=49: Invalid URL 'backup.supersami.com/api/backup/scraping-job/': No scheme supplied. Perhaps you meant https://backup.supersami.com/api/backup/scraping-job/?
Traceback (most recent call last):
  File "/Users/i/Documents/work/scraper/sitescrapers/management/commands/sync_jobs_to_sdb.py", line 125, in handle
    response = requests.post(sdb_api_url, json=payload, timeout=30)
  File "/Users/i/Library/Python/3.9/lib/python/site-packages/requests/api.py", line 115, in post
    return request("post", url, data=data, json=json, **kwargs)
  File "/Users/i/Library/Python/3.9/lib/python/site-packages/requests/api.py", line 59, in request
    return session.request(method=method, url=url, **kwargs)
  File "/Users/i/Library/Python/3.9/lib/python/site-packages/requests/sessions.py", line 575, in request
    prep = self.prepare_request(req)
  File "/Users/i/Library/Python/3.9/lib/python/site-packages/requests/sessions.py", line 484, in prepare_request
    p.prepare(
  File "/Users/i/Library/Python/3.9/lib/python/site-packages/requests/models.py", line 367, in prepare
    self.prepare_url(url, params)
  File "/Users/i/Library/Python/3.9/lib/python/site-packages/requests/models.py", line 438, in prepare_url
    raise MissingSchema(
requests.exceptions.MissingSchema: Invalid URL 'backup.supersami.com/api/backup/scraping-job/': No scheme supplied. Perhaps you meant https://backup.supersami.com/api/backup/scraping-job/?
2025-04-17 23:52:41,844 - sitescrapers.management.commands.sync_jobs_to_sdb - ERROR - [sync_jobs_to_sdb.py:149] - Failed to sync ScrapingJob PK=50: Invalid URL 'backup.supersami.com/api/backup/scraping-job/': No scheme supplied. Perhaps you meant https://backup.supersami.com/api/backup/scraping-job/?
Traceback (most recent call last):
  File "/Users/i/Documents/work/scraper/sitescrapers/management/commands/sync_jobs_to_sdb.py", line 125, in handle
    response = requests.post(sdb_api_url, json=payload, timeout=30)
  File "/Users/i/Library/Python/3.9/lib/python/site-packages/requests/api.py", line 115, in post
    return request("post", url, data=data, json=json, **kwargs)
  File "/Users/i/Library/Python/3.9/lib/python/site-packages/requests/api.py", line 59, in request
    return session.request(method=method, url=url, **kwargs)
  File "/Users/i/Library/Python/3.9/lib/python/site-packages/requests/sessions.py", line 575, in request
    prep = self.prepare_request(req)
  File "/Users/i/Library/Python/3.9/lib/python/site-packages/requests/sessions.py", line 484, in prepare_request
    p.prepare(
  File "/Users/i/Library/Python/3.9/lib/python/site-packages/requests/models.py", line 367, in prepare
    self.prepare_url(url, params)
  File "/Users/i/Library/Python/3.9/lib/python/site-packages/requests/models.py", line 438, in prepare_url
    raise MissingSchema(
requests.exceptions.MissingSchema: Invalid URL 'backup.supersami.com/api/backup/scraping-job/': No scheme supplied. Perhaps you meant https://backup.supersami.com/api/backup/scraping-job/?
2025-04-17 23:52:41,895 - sitescrapers.management.commands.sync_jobs_to_sdb - ERROR - [sync_jobs_to_sdb.py:149] - Failed to sync ScrapingJob PK=51: Invalid URL 'backup.supersami.com/api/backup/scraping-job/': No scheme supplied. Perhaps you meant https://backup.supersami.com/api/backup/scraping-job/?
Traceback (most recent call last):
  File "/Users/i/Documents/work/scraper/sitescrapers/management/commands/sync_jobs_to_sdb.py", line 125, in handle
    response = requests.post(sdb_api_url, json=payload, timeout=30)
  File "/Users/i/Library/Python/3.9/lib/python/site-packages/requests/api.py", line 115, in post
    return request("post", url, data=data, json=json, **kwargs)
  File "/Users/i/Library/Python/3.9/lib/python/site-packages/requests/api.py", line 59, in request
    return session.request(method=method, url=url, **kwargs)
  File "/Users/i/Library/Python/3.9/lib/python/site-packages/requests/sessions.py", line 575, in request
    prep = self.prepare_request(req)
  File "/Users/i/Library/Python/3.9/lib/python/site-packages/requests/sessions.py", line 484, in prepare_request
    p.prepare(
  File "/Users/i/Library/Python/3.9/lib/python/site-packages/requests/models.py", line 367, in prepare
    self.prepare_url(url, params)
  File "/Users/i/Library/Python/3.9/lib/python/site-packages/requests/models.py", line 438, in prepare_url
    raise MissingSchema(
requests.exceptions.MissingSchema: Invalid URL 'backup.supersami.com/api/backup/scraping-job/': No scheme supplied. Perhaps you meant https://backup.supersami.com/api/backup/scraping-job/?
2025-04-17 23:52:41,950 - sitescrapers.management.commands.sync_jobs_to_sdb - ERROR - [sync_jobs_to_sdb.py:149] - Failed to sync ScrapingJob PK=52: Invalid URL 'backup.supersami.com/api/backup/scraping-job/': No scheme supplied. Perhaps you meant https://backup.supersami.com/api/backup/scraping-job/?
Traceback (most recent call last):
  File "/Users/i/Documents/work/scraper/sitescrapers/management/commands/sync_jobs_to_sdb.py", line 125, in handle
    response = requests.post(sdb_api_url, json=payload, timeout=30)
  File "/Users/i/Library/Python/3.9/lib/python/site-packages/requests/api.py", line 115, in post
    return request("post", url, data=data, json=json, **kwargs)
  File "/Users/i/Library/Python/3.9/lib/python/site-packages/requests/api.py", line 59, in request
    return session.request(method=method, url=url, **kwargs)
  File "/Users/i/Library/Python/3.9/lib/python/site-packages/requests/sessions.py", line 575, in request
    prep = self.prepare_request(req)
  File "/Users/i/Library/Python/3.9/lib/python/site-packages/requests/sessions.py", line 484, in prepare_request
    p.prepare(
  File "/Users/i/Library/Python/3.9/lib/python/site-packages/requests/models.py", line 367, in prepare
    self.prepare_url(url, params)
  File "/Users/i/Library/Python/3.9/lib/python/site-packages/requests/models.py", line 438, in prepare_url
    raise MissingSchema(
requests.exceptions.MissingSchema: Invalid URL 'backup.supersami.com/api/backup/scraping-job/': No scheme supplied. Perhaps you meant https://backup.supersami.com/api/backup/scraping-job/?
2025-04-17 23:52:42,009 - sitescrapers.management.commands.sync_jobs_to_sdb - ERROR - [sync_jobs_to_sdb.py:149] - Failed to sync ScrapingJob PK=53: Invalid URL 'backup.supersami.com/api/backup/scraping-job/': No scheme supplied. Perhaps you meant https://backup.supersami.com/api/backup/scraping-job/?
Traceback (most recent call last):
  File "/Users/i/Documents/work/scraper/sitescrapers/management/commands/sync_jobs_to_sdb.py", line 125, in handle
    response = requests.post(sdb_api_url, json=payload, timeout=30)
  File "/Users/i/Library/Python/3.9/lib/python/site-packages/requests/api.py", line 115, in post
    return request("post", url, data=data, json=json, **kwargs)
  File "/Users/i/Library/Python/3.9/lib/python/site-packages/requests/api.py", line 59, in request
    return session.request(method=method, url=url, **kwargs)
  File "/Users/i/Library/Python/3.9/lib/python/site-packages/requests/sessions.py", line 575, in request
    prep = self.prepare_request(req)
  File "/Users/i/Library/Python/3.9/lib/python/site-packages/requests/sessions.py", line 484, in prepare_request
    p.prepare(
  File "/Users/i/Library/Python/3.9/lib/python/site-packages/requests/models.py", line 367, in prepare
    self.prepare_url(url, params)
  File "/Users/i/Library/Python/3.9/lib/python/site-packages/requests/models.py", line 438, in prepare_url
    raise MissingSchema(
requests.exceptions.MissingSchema: Invalid URL 'backup.supersami.com/api/backup/scraping-job/': No scheme supplied. Perhaps you meant https://backup.supersami.com/api/backup/scraping-job/?
2025-04-17 23:52:42,062 - sitescrapers.management.commands.sync_jobs_to_sdb - ERROR - [sync_jobs_to_sdb.py:149] - Failed to sync ScrapingJob PK=54: Invalid URL 'backup.supersami.com/api/backup/scraping-job/': No scheme supplied. Perhaps you meant https://backup.supersami.com/api/backup/scraping-job/?
Traceback (most recent call last):
  File "/Users/i/Documents/work/scraper/sitescrapers/management/commands/sync_jobs_to_sdb.py", line 125, in handle
    response = requests.post(sdb_api_url, json=payload, timeout=30)
  File "/Users/i/Library/Python/3.9/lib/python/site-packages/requests/api.py", line 115, in post
    return request("post", url, data=data, json=json, **kwargs)
  File "/Users/i/Library/Python/3.9/lib/python/site-packages/requests/api.py", line 59, in request
    return session.request(method=method, url=url, **kwargs)
  File "/Users/i/Library/Python/3.9/lib/python/site-packages/requests/sessions.py", line 575, in request
    prep = self.prepare_request(req)
  File "/Users/i/Library/Python/3.9/lib/python/site-packages/requests/sessions.py", line 484, in prepare_request
    p.prepare(
  File "/Users/i/Library/Python/3.9/lib/python/site-packages/requests/models.py", line 367, in prepare
    self.prepare_url(url, params)
  File "/Users/i/Library/Python/3.9/lib/python/site-packages/requests/models.py", line 438, in prepare_url
    raise MissingSchema(
requests.exceptions.MissingSchema: Invalid URL 'backup.supersami.com/api/backup/scraping-job/': No scheme supplied. Perhaps you meant https://backup.supersami.com/api/backup/scraping-job/?
2025-04-17 23:52:42,117 - sitescrapers.management.commands.sync_jobs_to_sdb - ERROR - [sync_jobs_to_sdb.py:149] - Failed to sync ScrapingJob PK=55: Invalid URL 'backup.supersami.com/api/backup/scraping-job/': No scheme supplied. Perhaps you meant https://backup.supersami.com/api/backup/scraping-job/?
Traceback (most recent call last):
  File "/Users/i/Documents/work/scraper/sitescrapers/management/commands/sync_jobs_to_sdb.py", line 125, in handle
    response = requests.post(sdb_api_url, json=payload, timeout=30)
  File "/Users/i/Library/Python/3.9/lib/python/site-packages/requests/api.py", line 115, in post
    return request("post", url, data=data, json=json, **kwargs)
  File "/Users/i/Library/Python/3.9/lib/python/site-packages/requests/api.py", line 59, in request
    return session.request(method=method, url=url, **kwargs)
  File "/Users/i/Library/Python/3.9/lib/python/site-packages/requests/sessions.py", line 575, in request
    prep = self.prepare_request(req)
  File "/Users/i/Library/Python/3.9/lib/python/site-packages/requests/sessions.py", line 484, in prepare_request
    p.prepare(
  File "/Users/i/Library/Python/3.9/lib/python/site-packages/requests/models.py", line 367, in prepare
    self.prepare_url(url, params)
  File "/Users/i/Library/Python/3.9/lib/python/site-packages/requests/models.py", line 438, in prepare_url
    raise MissingSchema(
requests.exceptions.MissingSchema: Invalid URL 'backup.supersami.com/api/backup/scraping-job/': No scheme supplied. Perhaps you meant https://backup.supersami.com/api/backup/scraping-job/?
2025-04-17 23:52:42,172 - sitescrapers.management.commands.sync_jobs_to_sdb - ERROR - [sync_jobs_to_sdb.py:149] - Failed to sync ScrapingJob PK=56: Invalid URL 'backup.supersami.com/api/backup/scraping-job/': No scheme supplied. Perhaps you meant https://backup.supersami.com/api/backup/scraping-job/?
Traceback (most recent call last):
  File "/Users/i/Documents/work/scraper/sitescrapers/management/commands/sync_jobs_to_sdb.py", line 125, in handle
    response = requests.post(sdb_api_url, json=payload, timeout=30)
  File "/Users/i/Library/Python/3.9/lib/python/site-packages/requests/api.py", line 115, in post
    return request("post", url, data=data, json=json, **kwargs)
  File "/Users/i/Library/Python/3.9/lib/python/site-packages/requests/api.py", line 59, in request
    return session.request(method=method, url=url, **kwargs)
  File "/Users/i/Library/Python/3.9/lib/python/site-packages/requests/sessions.py", line 575, in request
    prep = self.prepare_request(req)
  File "/Users/i/Library/Python/3.9/lib/python/site-packages/requests/sessions.py", line 484, in prepare_request
    p.prepare(
  File "/Users/i/Library/Python/3.9/lib/python/site-packages/requests/models.py", line 367, in prepare
    self.prepare_url(url, params)
  File "/Users/i/Library/Python/3.9/lib/python/site-packages/requests/models.py", line 438, in prepare_url
    raise MissingSchema(
requests.exceptions.MissingSchema: Invalid URL 'backup.supersami.com/api/backup/scraping-job/': No scheme supplied. Perhaps you meant https://backup.supersami.com/api/backup/scraping-job/?
2025-04-17 23:52:42,228 - sitescrapers.management.commands.sync_jobs_to_sdb - ERROR - [sync_jobs_to_sdb.py:149] - Failed to sync ScrapingJob PK=57: Invalid URL 'backup.supersami.com/api/backup/scraping-job/': No scheme supplied. Perhaps you meant https://backup.supersami.com/api/backup/scraping-job/?
Traceback (most recent call last):
  File "/Users/i/Documents/work/scraper/sitescrapers/management/commands/sync_jobs_to_sdb.py", line 125, in handle
    response = requests.post(sdb_api_url, json=payload, timeout=30)
  File "/Users/i/Library/Python/3.9/lib/python/site-packages/requests/api.py", line 115, in post
    return request("post", url, data=data, json=json, **kwargs)
  File "/Users/i/Library/Python/3.9/lib/python/site-packages/requests/api.py", line 59, in request
    return session.request(method=method, url=url, **kwargs)
  File "/Users/i/Library/Python/3.9/lib/python/site-packages/requests/sessions.py", line 575, in request
    prep = self.prepare_request(req)
  File "/Users/i/Library/Python/3.9/lib/python/site-packages/requests/sessions.py", line 484, in prepare_request
    p.prepare(
  File "/Users/i/Library/Python/3.9/lib/python/site-packages/requests/models.py", line 367, in prepare
    self.prepare_url(url, params)
  File "/Users/i/Library/Python/3.9/lib/python/site-packages/requests/models.py", line 438, in prepare_url
    raise MissingSchema(
requests.exceptions.MissingSchema: Invalid URL 'backup.supersami.com/api/backup/scraping-job/': No scheme supplied. Perhaps you meant https://backup.supersami.com/api/backup/scraping-job/?
2025-04-17 23:52:42,283 - sitescrapers.management.commands.sync_jobs_to_sdb - ERROR - [sync_jobs_to_sdb.py:149] - Failed to sync ScrapingJob PK=58: Invalid URL 'backup.supersami.com/api/backup/scraping-job/': No scheme supplied. Perhaps you meant https://backup.supersami.com/api/backup/scraping-job/?
Traceback (most recent call last):
  File "/Users/i/Documents/work/scraper/sitescrapers/management/commands/sync_jobs_to_sdb.py", line 125, in handle
    response = requests.post(sdb_api_url, json=payload, timeout=30)
  File "/Users/i/Library/Python/3.9/lib/python/site-packages/requests/api.py", line 115, in post
    return request("post", url, data=data, json=json, **kwargs)
  File "/Users/i/Library/Python/3.9/lib/python/site-packages/requests/api.py", line 59, in request
    return session.request(method=method, url=url, **kwargs)
  File "/Users/i/Library/Python/3.9/lib/python/site-packages/requests/sessions.py", line 575, in request
    prep = self.prepare_request(req)
  File "/Users/i/Library/Python/3.9/lib/python/site-packages/requests/sessions.py", line 484, in prepare_request
    p.prepare(
  File "/Users/i/Library/Python/3.9/lib/python/site-packages/requests/models.py", line 367, in prepare
    self.prepare_url(url, params)
  File "/Users/i/Library/Python/3.9/lib/python/site-packages/requests/models.py", line 438, in prepare_url
    raise MissingSchema(
requests.exceptions.MissingSchema: Invalid URL 'backup.supersami.com/api/backup/scraping-job/': No scheme supplied. Perhaps you meant https://backup.supersami.com/api/backup/scraping-job/?
2025-04-17 23:52:42,338 - sitescrapers.management.commands.sync_jobs_to_sdb - ERROR - [sync_jobs_to_sdb.py:149] - Failed to sync ScrapingJob PK=59: Invalid URL 'backup.supersami.com/api/backup/scraping-job/': No scheme supplied. Perhaps you meant https://backup.supersami.com/api/backup/scraping-job/?
Traceback (most recent call last):
  File "/Users/i/Documents/work/scraper/sitescrapers/management/commands/sync_jobs_to_sdb.py", line 125, in handle
    response = requests.post(sdb_api_url, json=payload, timeout=30)
  File "/Users/i/Library/Python/3.9/lib/python/site-packages/requests/api.py", line 115, in post
    return request("post", url, data=data, json=json, **kwargs)
  File "/Users/i/Library/Python/3.9/lib/python/site-packages/requests/api.py", line 59, in request
    return session.request(method=method, url=url, **kwargs)
  File "/Users/i/Library/Python/3.9/lib/python/site-packages/requests/sessions.py", line 575, in request
    prep = self.prepare_request(req)
  File "/Users/i/Library/Python/3.9/lib/python/site-packages/requests/sessions.py", line 484, in prepare_request
    p.prepare(
  File "/Users/i/Library/Python/3.9/lib/python/site-packages/requests/models.py", line 367, in prepare
    self.prepare_url(url, params)
  File "/Users/i/Library/Python/3.9/lib/python/site-packages/requests/models.py", line 438, in prepare_url
    raise MissingSchema(
requests.exceptions.MissingSchema: Invalid URL 'backup.supersami.com/api/backup/scraping-job/': No scheme supplied. Perhaps you meant https://backup.supersami.com/api/backup/scraping-job/?
2025-04-17 23:52:42,394 - sitescrapers.management.commands.sync_jobs_to_sdb - ERROR - [sync_jobs_to_sdb.py:149] - Failed to sync ScrapingJob PK=60: Invalid URL 'backup.supersami.com/api/backup/scraping-job/': No scheme supplied. Perhaps you meant https://backup.supersami.com/api/backup/scraping-job/?
Traceback (most recent call last):
  File "/Users/i/Documents/work/scraper/sitescrapers/management/commands/sync_jobs_to_sdb.py", line 125, in handle
    response = requests.post(sdb_api_url, json=payload, timeout=30)
  File "/Users/i/Library/Python/3.9/lib/python/site-packages/requests/api.py", line 115, in post
    return request("post", url, data=data, json=json, **kwargs)
  File "/Users/i/Library/Python/3.9/lib/python/site-packages/requests/api.py", line 59, in request
    return session.request(method=method, url=url, **kwargs)
  File "/Users/i/Library/Python/3.9/lib/python/site-packages/requests/sessions.py", line 575, in request
    prep = self.prepare_request(req)
  File "/Users/i/Library/Python/3.9/lib/python/site-packages/requests/sessions.py", line 484, in prepare_request
    p.prepare(
  File "/Users/i/Library/Python/3.9/lib/python/site-packages/requests/models.py", line 367, in prepare
    self.prepare_url(url, params)
  File "/Users/i/Library/Python/3.9/lib/python/site-packages/requests/models.py", line 438, in prepare_url
    raise MissingSchema(
requests.exceptions.MissingSchema: Invalid URL 'backup.supersami.com/api/backup/scraping-job/': No scheme supplied. Perhaps you meant https://backup.supersami.com/api/backup/scraping-job/?
2025-04-17 23:52:42,450 - sitescrapers.management.commands.sync_jobs_to_sdb - ERROR - [sync_jobs_to_sdb.py:149] - Failed to sync ScrapingJob PK=61: Invalid URL 'backup.supersami.com/api/backup/scraping-job/': No scheme supplied. Perhaps you meant https://backup.supersami.com/api/backup/scraping-job/?
Traceback (most recent call last):
  File "/Users/i/Documents/work/scraper/sitescrapers/management/commands/sync_jobs_to_sdb.py", line 125, in handle
    response = requests.post(sdb_api_url, json=payload, timeout=30)
  File "/Users/i/Library/Python/3.9/lib/python/site-packages/requests/api.py", line 115, in post
    return request("post", url, data=data, json=json, **kwargs)
  File "/Users/i/Library/Python/3.9/lib/python/site-packages/requests/api.py", line 59, in request
    return session.request(method=method, url=url, **kwargs)
  File "/Users/i/Library/Python/3.9/lib/python/site-packages/requests/sessions.py", line 575, in request
    prep = self.prepare_request(req)
  File "/Users/i/Library/Python/3.9/lib/python/site-packages/requests/sessions.py", line 484, in prepare_request
    p.prepare(
  File "/Users/i/Library/Python/3.9/lib/python/site-packages/requests/models.py", line 367, in prepare
    self.prepare_url(url, params)
  File "/Users/i/Library/Python/3.9/lib/python/site-packages/requests/models.py", line 438, in prepare_url
    raise MissingSchema(
requests.exceptions.MissingSchema: Invalid URL 'backup.supersami.com/api/backup/scraping-job/': No scheme supplied. Perhaps you meant https://backup.supersami.com/api/backup/scraping-job/?
2025-04-17 23:52:42,505 - sitescrapers.management.commands.sync_jobs_to_sdb - ERROR - [sync_jobs_to_sdb.py:149] - Failed to sync ScrapingJob PK=62: Invalid URL 'backup.supersami.com/api/backup/scraping-job/': No scheme supplied. Perhaps you meant https://backup.supersami.com/api/backup/scraping-job/?
Traceback (most recent call last):
  File "/Users/i/Documents/work/scraper/sitescrapers/management/commands/sync_jobs_to_sdb.py", line 125, in handle
    response = requests.post(sdb_api_url, json=payload, timeout=30)
  File "/Users/i/Library/Python/3.9/lib/python/site-packages/requests/api.py", line 115, in post
    return request("post", url, data=data, json=json, **kwargs)
  File "/Users/i/Library/Python/3.9/lib/python/site-packages/requests/api.py", line 59, in request
    return session.request(method=method, url=url, **kwargs)
  File "/Users/i/Library/Python/3.9/lib/python/site-packages/requests/sessions.py", line 575, in request
    prep = self.prepare_request(req)
  File "/Users/i/Library/Python/3.9/lib/python/site-packages/requests/sessions.py", line 484, in prepare_request
    p.prepare(
  File "/Users/i/Library/Python/3.9/lib/python/site-packages/requests/models.py", line 367, in prepare
    self.prepare_url(url, params)
  File "/Users/i/Library/Python/3.9/lib/python/site-packages/requests/models.py", line 438, in prepare_url
    raise MissingSchema(
requests.exceptions.MissingSchema: Invalid URL 'backup.supersami.com/api/backup/scraping-job/': No scheme supplied. Perhaps you meant https://backup.supersami.com/api/backup/scraping-job/?
2025-04-17 23:52:42,562 - sitescrapers.management.commands.sync_jobs_to_sdb - ERROR - [sync_jobs_to_sdb.py:149] - Failed to sync ScrapingJob PK=63: Invalid URL 'backup.supersami.com/api/backup/scraping-job/': No scheme supplied. Perhaps you meant https://backup.supersami.com/api/backup/scraping-job/?
Traceback (most recent call last):
  File "/Users/i/Documents/work/scraper/sitescrapers/management/commands/sync_jobs_to_sdb.py", line 125, in handle
    response = requests.post(sdb_api_url, json=payload, timeout=30)
  File "/Users/i/Library/Python/3.9/lib/python/site-packages/requests/api.py", line 115, in post
    return request("post", url, data=data, json=json, **kwargs)
  File "/Users/i/Library/Python/3.9/lib/python/site-packages/requests/api.py", line 59, in request
    return session.request(method=method, url=url, **kwargs)
  File "/Users/i/Library/Python/3.9/lib/python/site-packages/requests/sessions.py", line 575, in request
    prep = self.prepare_request(req)
  File "/Users/i/Library/Python/3.9/lib/python/site-packages/requests/sessions.py", line 484, in prepare_request
    p.prepare(
  File "/Users/i/Library/Python/3.9/lib/python/site-packages/requests/models.py", line 367, in prepare
    self.prepare_url(url, params)
  File "/Users/i/Library/Python/3.9/lib/python/site-packages/requests/models.py", line 438, in prepare_url
    raise MissingSchema(
requests.exceptions.MissingSchema: Invalid URL 'backup.supersami.com/api/backup/scraping-job/': No scheme supplied. Perhaps you meant https://backup.supersami.com/api/backup/scraping-job/?
2025-04-17 23:52:42,620 - sitescrapers.management.commands.sync_jobs_to_sdb - ERROR - [sync_jobs_to_sdb.py:149] - Failed to sync ScrapingJob PK=64: Invalid URL 'backup.supersami.com/api/backup/scraping-job/': No scheme supplied. Perhaps you meant https://backup.supersami.com/api/backup/scraping-job/?
Traceback (most recent call last):
  File "/Users/i/Documents/work/scraper/sitescrapers/management/commands/sync_jobs_to_sdb.py", line 125, in handle
    response = requests.post(sdb_api_url, json=payload, timeout=30)
  File "/Users/i/Library/Python/3.9/lib/python/site-packages/requests/api.py", line 115, in post
    return request("post", url, data=data, json=json, **kwargs)
  File "/Users/i/Library/Python/3.9/lib/python/site-packages/requests/api.py", line 59, in request
    return session.request(method=method, url=url, **kwargs)
  File "/Users/i/Library/Python/3.9/lib/python/site-packages/requests/sessions.py", line 575, in request
    prep = self.prepare_request(req)
  File "/Users/i/Library/Python/3.9/lib/python/site-packages/requests/sessions.py", line 484, in prepare_request
    p.prepare(
  File "/Users/i/Library/Python/3.9/lib/python/site-packages/requests/models.py", line 367, in prepare
    self.prepare_url(url, params)
  File "/Users/i/Library/Python/3.9/lib/python/site-packages/requests/models.py", line 438, in prepare_url
    raise MissingSchema(
requests.exceptions.MissingSchema: Invalid URL 'backup.supersami.com/api/backup/scraping-job/': No scheme supplied. Perhaps you meant https://backup.supersami.com/api/backup/scraping-job/?
2025-04-17 23:52:42,676 - sitescrapers.management.commands.sync_jobs_to_sdb - ERROR - [sync_jobs_to_sdb.py:149] - Failed to sync ScrapingJob PK=65: Invalid URL 'backup.supersami.com/api/backup/scraping-job/': No scheme supplied. Perhaps you meant https://backup.supersami.com/api/backup/scraping-job/?
Traceback (most recent call last):
  File "/Users/i/Documents/work/scraper/sitescrapers/management/commands/sync_jobs_to_sdb.py", line 125, in handle
    response = requests.post(sdb_api_url, json=payload, timeout=30)
  File "/Users/i/Library/Python/3.9/lib/python/site-packages/requests/api.py", line 115, in post
    return request("post", url, data=data, json=json, **kwargs)
  File "/Users/i/Library/Python/3.9/lib/python/site-packages/requests/api.py", line 59, in request
    return session.request(method=method, url=url, **kwargs)
  File "/Users/i/Library/Python/3.9/lib/python/site-packages/requests/sessions.py", line 575, in request
    prep = self.prepare_request(req)
  File "/Users/i/Library/Python/3.9/lib/python/site-packages/requests/sessions.py", line 484, in prepare_request
    p.prepare(
  File "/Users/i/Library/Python/3.9/lib/python/site-packages/requests/models.py", line 367, in prepare
    self.prepare_url(url, params)
  File "/Users/i/Library/Python/3.9/lib/python/site-packages/requests/models.py", line 438, in prepare_url
    raise MissingSchema(
requests.exceptions.MissingSchema: Invalid URL 'backup.supersami.com/api/backup/scraping-job/': No scheme supplied. Perhaps you meant https://backup.supersami.com/api/backup/scraping-job/?
2025-04-17 23:52:42,734 - sitescrapers.management.commands.sync_jobs_to_sdb - ERROR - [sync_jobs_to_sdb.py:149] - Failed to sync ScrapingJob PK=66: Invalid URL 'backup.supersami.com/api/backup/scraping-job/': No scheme supplied. Perhaps you meant https://backup.supersami.com/api/backup/scraping-job/?
Traceback (most recent call last):
  File "/Users/i/Documents/work/scraper/sitescrapers/management/commands/sync_jobs_to_sdb.py", line 125, in handle
    response = requests.post(sdb_api_url, json=payload, timeout=30)
  File "/Users/i/Library/Python/3.9/lib/python/site-packages/requests/api.py", line 115, in post
    return request("post", url, data=data, json=json, **kwargs)
  File "/Users/i/Library/Python/3.9/lib/python/site-packages/requests/api.py", line 59, in request
    return session.request(method=method, url=url, **kwargs)
  File "/Users/i/Library/Python/3.9/lib/python/site-packages/requests/sessions.py", line 575, in request
    prep = self.prepare_request(req)
  File "/Users/i/Library/Python/3.9/lib/python/site-packages/requests/sessions.py", line 484, in prepare_request
    p.prepare(
  File "/Users/i/Library/Python/3.9/lib/python/site-packages/requests/models.py", line 367, in prepare
    self.prepare_url(url, params)
  File "/Users/i/Library/Python/3.9/lib/python/site-packages/requests/models.py", line 438, in prepare_url
    raise MissingSchema(
requests.exceptions.MissingSchema: Invalid URL 'backup.supersami.com/api/backup/scraping-job/': No scheme supplied. Perhaps you meant https://backup.supersami.com/api/backup/scraping-job/?
2025-04-17 23:52:42,789 - sitescrapers.management.commands.sync_jobs_to_sdb - ERROR - [sync_jobs_to_sdb.py:149] - Failed to sync ScrapingJob PK=67: Invalid URL 'backup.supersami.com/api/backup/scraping-job/': No scheme supplied. Perhaps you meant https://backup.supersami.com/api/backup/scraping-job/?
Traceback (most recent call last):
  File "/Users/i/Documents/work/scraper/sitescrapers/management/commands/sync_jobs_to_sdb.py", line 125, in handle
    response = requests.post(sdb_api_url, json=payload, timeout=30)
  File "/Users/i/Library/Python/3.9/lib/python/site-packages/requests/api.py", line 115, in post
    return request("post", url, data=data, json=json, **kwargs)
  File "/Users/i/Library/Python/3.9/lib/python/site-packages/requests/api.py", line 59, in request
    return session.request(method=method, url=url, **kwargs)
  File "/Users/i/Library/Python/3.9/lib/python/site-packages/requests/sessions.py", line 575, in request
    prep = self.prepare_request(req)
  File "/Users/i/Library/Python/3.9/lib/python/site-packages/requests/sessions.py", line 484, in prepare_request
    p.prepare(
  File "/Users/i/Library/Python/3.9/lib/python/site-packages/requests/models.py", line 367, in prepare
    self.prepare_url(url, params)
  File "/Users/i/Library/Python/3.9/lib/python/site-packages/requests/models.py", line 438, in prepare_url
    raise MissingSchema(
requests.exceptions.MissingSchema: Invalid URL 'backup.supersami.com/api/backup/scraping-job/': No scheme supplied. Perhaps you meant https://backup.supersami.com/api/backup/scraping-job/?
2025-04-17 23:52:42,842 - sitescrapers.management.commands.sync_jobs_to_sdb - ERROR - [sync_jobs_to_sdb.py:149] - Failed to sync ScrapingJob PK=68: Invalid URL 'backup.supersami.com/api/backup/scraping-job/': No scheme supplied. Perhaps you meant https://backup.supersami.com/api/backup/scraping-job/?
Traceback (most recent call last):
  File "/Users/i/Documents/work/scraper/sitescrapers/management/commands/sync_jobs_to_sdb.py", line 125, in handle
    response = requests.post(sdb_api_url, json=payload, timeout=30)
  File "/Users/i/Library/Python/3.9/lib/python/site-packages/requests/api.py", line 115, in post
    return request("post", url, data=data, json=json, **kwargs)
  File "/Users/i/Library/Python/3.9/lib/python/site-packages/requests/api.py", line 59, in request
    return session.request(method=method, url=url, **kwargs)
  File "/Users/i/Library/Python/3.9/lib/python/site-packages/requests/sessions.py", line 575, in request
    prep = self.prepare_request(req)
  File "/Users/i/Library/Python/3.9/lib/python/site-packages/requests/sessions.py", line 484, in prepare_request
    p.prepare(
  File "/Users/i/Library/Python/3.9/lib/python/site-packages/requests/models.py", line 367, in prepare
    self.prepare_url(url, params)
  File "/Users/i/Library/Python/3.9/lib/python/site-packages/requests/models.py", line 438, in prepare_url
    raise MissingSchema(
requests.exceptions.MissingSchema: Invalid URL 'backup.supersami.com/api/backup/scraping-job/': No scheme supplied. Perhaps you meant https://backup.supersami.com/api/backup/scraping-job/?
2025-04-17 23:52:42,900 - sitescrapers.management.commands.sync_jobs_to_sdb - ERROR - [sync_jobs_to_sdb.py:149] - Failed to sync ScrapingJob PK=69: Invalid URL 'backup.supersami.com/api/backup/scraping-job/': No scheme supplied. Perhaps you meant https://backup.supersami.com/api/backup/scraping-job/?
Traceback (most recent call last):
  File "/Users/i/Documents/work/scraper/sitescrapers/management/commands/sync_jobs_to_sdb.py", line 125, in handle
    response = requests.post(sdb_api_url, json=payload, timeout=30)
  File "/Users/i/Library/Python/3.9/lib/python/site-packages/requests/api.py", line 115, in post
    return request("post", url, data=data, json=json, **kwargs)
  File "/Users/i/Library/Python/3.9/lib/python/site-packages/requests/api.py", line 59, in request
    return session.request(method=method, url=url, **kwargs)
  File "/Users/i/Library/Python/3.9/lib/python/site-packages/requests/sessions.py", line 575, in request
    prep = self.prepare_request(req)
  File "/Users/i/Library/Python/3.9/lib/python/site-packages/requests/sessions.py", line 484, in prepare_request
    p.prepare(
  File "/Users/i/Library/Python/3.9/lib/python/site-packages/requests/models.py", line 367, in prepare
    self.prepare_url(url, params)
  File "/Users/i/Library/Python/3.9/lib/python/site-packages/requests/models.py", line 438, in prepare_url
    raise MissingSchema(
requests.exceptions.MissingSchema: Invalid URL 'backup.supersami.com/api/backup/scraping-job/': No scheme supplied. Perhaps you meant https://backup.supersami.com/api/backup/scraping-job/?
2025-04-17 23:52:42,957 - sitescrapers.management.commands.sync_jobs_to_sdb - ERROR - [sync_jobs_to_sdb.py:149] - Failed to sync ScrapingJob PK=70: Invalid URL 'backup.supersami.com/api/backup/scraping-job/': No scheme supplied. Perhaps you meant https://backup.supersami.com/api/backup/scraping-job/?
Traceback (most recent call last):
  File "/Users/i/Documents/work/scraper/sitescrapers/management/commands/sync_jobs_to_sdb.py", line 125, in handle
    response = requests.post(sdb_api_url, json=payload, timeout=30)
  File "/Users/i/Library/Python/3.9/lib/python/site-packages/requests/api.py", line 115, in post
    return request("post", url, data=data, json=json, **kwargs)
  File "/Users/i/Library/Python/3.9/lib/python/site-packages/requests/api.py", line 59, in request
    return session.request(method=method, url=url, **kwargs)
  File "/Users/i/Library/Python/3.9/lib/python/site-packages/requests/sessions.py", line 575, in request
    prep = self.prepare_request(req)
  File "/Users/i/Library/Python/3.9/lib/python/site-packages/requests/sessions.py", line 484, in prepare_request
    p.prepare(
  File "/Users/i/Library/Python/3.9/lib/python/site-packages/requests/models.py", line 367, in prepare
    self.prepare_url(url, params)
  File "/Users/i/Library/Python/3.9/lib/python/site-packages/requests/models.py", line 438, in prepare_url
    raise MissingSchema(
requests.exceptions.MissingSchema: Invalid URL 'backup.supersami.com/api/backup/scraping-job/': No scheme supplied. Perhaps you meant https://backup.supersami.com/api/backup/scraping-job/?
2025-04-17 23:52:43,014 - sitescrapers.management.commands.sync_jobs_to_sdb - ERROR - [sync_jobs_to_sdb.py:149] - Failed to sync ScrapingJob PK=71: Invalid URL 'backup.supersami.com/api/backup/scraping-job/': No scheme supplied. Perhaps you meant https://backup.supersami.com/api/backup/scraping-job/?
Traceback (most recent call last):
  File "/Users/i/Documents/work/scraper/sitescrapers/management/commands/sync_jobs_to_sdb.py", line 125, in handle
    response = requests.post(sdb_api_url, json=payload, timeout=30)
  File "/Users/i/Library/Python/3.9/lib/python/site-packages/requests/api.py", line 115, in post
    return request("post", url, data=data, json=json, **kwargs)
  File "/Users/i/Library/Python/3.9/lib/python/site-packages/requests/api.py", line 59, in request
    return session.request(method=method, url=url, **kwargs)
  File "/Users/i/Library/Python/3.9/lib/python/site-packages/requests/sessions.py", line 575, in request
    prep = self.prepare_request(req)
  File "/Users/i/Library/Python/3.9/lib/python/site-packages/requests/sessions.py", line 484, in prepare_request
    p.prepare(
  File "/Users/i/Library/Python/3.9/lib/python/site-packages/requests/models.py", line 367, in prepare
    self.prepare_url(url, params)
  File "/Users/i/Library/Python/3.9/lib/python/site-packages/requests/models.py", line 438, in prepare_url
    raise MissingSchema(
requests.exceptions.MissingSchema: Invalid URL 'backup.supersami.com/api/backup/scraping-job/': No scheme supplied. Perhaps you meant https://backup.supersami.com/api/backup/scraping-job/?
2025-04-17 23:52:43,070 - sitescrapers.management.commands.sync_jobs_to_sdb - ERROR - [sync_jobs_to_sdb.py:149] - Failed to sync ScrapingJob PK=72: Invalid URL 'backup.supersami.com/api/backup/scraping-job/': No scheme supplied. Perhaps you meant https://backup.supersami.com/api/backup/scraping-job/?
Traceback (most recent call last):
  File "/Users/i/Documents/work/scraper/sitescrapers/management/commands/sync_jobs_to_sdb.py", line 125, in handle
    response = requests.post(sdb_api_url, json=payload, timeout=30)
  File "/Users/i/Library/Python/3.9/lib/python/site-packages/requests/api.py", line 115, in post
    return request("post", url, data=data, json=json, **kwargs)
  File "/Users/i/Library/Python/3.9/lib/python/site-packages/requests/api.py", line 59, in request
    return session.request(method=method, url=url, **kwargs)
  File "/Users/i/Library/Python/3.9/lib/python/site-packages/requests/sessions.py", line 575, in request
    prep = self.prepare_request(req)
  File "/Users/i/Library/Python/3.9/lib/python/site-packages/requests/sessions.py", line 484, in prepare_request
    p.prepare(
  File "/Users/i/Library/Python/3.9/lib/python/site-packages/requests/models.py", line 367, in prepare
    self.prepare_url(url, params)
  File "/Users/i/Library/Python/3.9/lib/python/site-packages/requests/models.py", line 438, in prepare_url
    raise MissingSchema(
requests.exceptions.MissingSchema: Invalid URL 'backup.supersami.com/api/backup/scraping-job/': No scheme supplied. Perhaps you meant https://backup.supersami.com/api/backup/scraping-job/?
2025-04-17 23:52:43,126 - sitescrapers.management.commands.sync_jobs_to_sdb - ERROR - [sync_jobs_to_sdb.py:149] - Failed to sync ScrapingJob PK=73: Invalid URL 'backup.supersami.com/api/backup/scraping-job/': No scheme supplied. Perhaps you meant https://backup.supersami.com/api/backup/scraping-job/?
Traceback (most recent call last):
  File "/Users/i/Documents/work/scraper/sitescrapers/management/commands/sync_jobs_to_sdb.py", line 125, in handle
    response = requests.post(sdb_api_url, json=payload, timeout=30)
  File "/Users/i/Library/Python/3.9/lib/python/site-packages/requests/api.py", line 115, in post
    return request("post", url, data=data, json=json, **kwargs)
  File "/Users/i/Library/Python/3.9/lib/python/site-packages/requests/api.py", line 59, in request
    return session.request(method=method, url=url, **kwargs)
  File "/Users/i/Library/Python/3.9/lib/python/site-packages/requests/sessions.py", line 575, in request
    prep = self.prepare_request(req)
  File "/Users/i/Library/Python/3.9/lib/python/site-packages/requests/sessions.py", line 484, in prepare_request
    p.prepare(
  File "/Users/i/Library/Python/3.9/lib/python/site-packages/requests/models.py", line 367, in prepare
    self.prepare_url(url, params)
  File "/Users/i/Library/Python/3.9/lib/python/site-packages/requests/models.py", line 438, in prepare_url
    raise MissingSchema(
requests.exceptions.MissingSchema: Invalid URL 'backup.supersami.com/api/backup/scraping-job/': No scheme supplied. Perhaps you meant https://backup.supersami.com/api/backup/scraping-job/?
2025-04-17 23:52:43,179 - sitescrapers.management.commands.sync_jobs_to_sdb - ERROR - [sync_jobs_to_sdb.py:149] - Failed to sync ScrapingJob PK=74: Invalid URL 'backup.supersami.com/api/backup/scraping-job/': No scheme supplied. Perhaps you meant https://backup.supersami.com/api/backup/scraping-job/?
Traceback (most recent call last):
  File "/Users/i/Documents/work/scraper/sitescrapers/management/commands/sync_jobs_to_sdb.py", line 125, in handle
    response = requests.post(sdb_api_url, json=payload, timeout=30)
  File "/Users/i/Library/Python/3.9/lib/python/site-packages/requests/api.py", line 115, in post
    return request("post", url, data=data, json=json, **kwargs)
  File "/Users/i/Library/Python/3.9/lib/python/site-packages/requests/api.py", line 59, in request
    return session.request(method=method, url=url, **kwargs)
  File "/Users/i/Library/Python/3.9/lib/python/site-packages/requests/sessions.py", line 575, in request
    prep = self.prepare_request(req)
  File "/Users/i/Library/Python/3.9/lib/python/site-packages/requests/sessions.py", line 484, in prepare_request
    p.prepare(
  File "/Users/i/Library/Python/3.9/lib/python/site-packages/requests/models.py", line 367, in prepare
    self.prepare_url(url, params)
  File "/Users/i/Library/Python/3.9/lib/python/site-packages/requests/models.py", line 438, in prepare_url
    raise MissingSchema(
requests.exceptions.MissingSchema: Invalid URL 'backup.supersami.com/api/backup/scraping-job/': No scheme supplied. Perhaps you meant https://backup.supersami.com/api/backup/scraping-job/?
2025-04-17 23:52:43,234 - sitescrapers.management.commands.sync_jobs_to_sdb - ERROR - [sync_jobs_to_sdb.py:149] - Failed to sync ScrapingJob PK=75: Invalid URL 'backup.supersami.com/api/backup/scraping-job/': No scheme supplied. Perhaps you meant https://backup.supersami.com/api/backup/scraping-job/?
Traceback (most recent call last):
  File "/Users/i/Documents/work/scraper/sitescrapers/management/commands/sync_jobs_to_sdb.py", line 125, in handle
    response = requests.post(sdb_api_url, json=payload, timeout=30)
  File "/Users/i/Library/Python/3.9/lib/python/site-packages/requests/api.py", line 115, in post
    return request("post", url, data=data, json=json, **kwargs)
  File "/Users/i/Library/Python/3.9/lib/python/site-packages/requests/api.py", line 59, in request
    return session.request(method=method, url=url, **kwargs)
  File "/Users/i/Library/Python/3.9/lib/python/site-packages/requests/sessions.py", line 575, in request
    prep = self.prepare_request(req)
  File "/Users/i/Library/Python/3.9/lib/python/site-packages/requests/sessions.py", line 484, in prepare_request
    p.prepare(
  File "/Users/i/Library/Python/3.9/lib/python/site-packages/requests/models.py", line 367, in prepare
    self.prepare_url(url, params)
  File "/Users/i/Library/Python/3.9/lib/python/site-packages/requests/models.py", line 438, in prepare_url
    raise MissingSchema(
requests.exceptions.MissingSchema: Invalid URL 'backup.supersami.com/api/backup/scraping-job/': No scheme supplied. Perhaps you meant https://backup.supersami.com/api/backup/scraping-job/?
2025-04-17 23:52:43,292 - sitescrapers.management.commands.sync_jobs_to_sdb - ERROR - [sync_jobs_to_sdb.py:149] - Failed to sync ScrapingJob PK=76: Invalid URL 'backup.supersami.com/api/backup/scraping-job/': No scheme supplied. Perhaps you meant https://backup.supersami.com/api/backup/scraping-job/?
Traceback (most recent call last):
  File "/Users/i/Documents/work/scraper/sitescrapers/management/commands/sync_jobs_to_sdb.py", line 125, in handle
    response = requests.post(sdb_api_url, json=payload, timeout=30)
  File "/Users/i/Library/Python/3.9/lib/python/site-packages/requests/api.py", line 115, in post
    return request("post", url, data=data, json=json, **kwargs)
  File "/Users/i/Library/Python/3.9/lib/python/site-packages/requests/api.py", line 59, in request
    return session.request(method=method, url=url, **kwargs)
  File "/Users/i/Library/Python/3.9/lib/python/site-packages/requests/sessions.py", line 575, in request
    prep = self.prepare_request(req)
  File "/Users/i/Library/Python/3.9/lib/python/site-packages/requests/sessions.py", line 484, in prepare_request
    p.prepare(
  File "/Users/i/Library/Python/3.9/lib/python/site-packages/requests/models.py", line 367, in prepare
    self.prepare_url(url, params)
  File "/Users/i/Library/Python/3.9/lib/python/site-packages/requests/models.py", line 438, in prepare_url
    raise MissingSchema(
requests.exceptions.MissingSchema: Invalid URL 'backup.supersami.com/api/backup/scraping-job/': No scheme supplied. Perhaps you meant https://backup.supersami.com/api/backup/scraping-job/?
2025-04-17 23:52:43,346 - sitescrapers.management.commands.sync_jobs_to_sdb - ERROR - [sync_jobs_to_sdb.py:149] - Failed to sync ScrapingJob PK=77: Invalid URL 'backup.supersami.com/api/backup/scraping-job/': No scheme supplied. Perhaps you meant https://backup.supersami.com/api/backup/scraping-job/?
Traceback (most recent call last):
  File "/Users/i/Documents/work/scraper/sitescrapers/management/commands/sync_jobs_to_sdb.py", line 125, in handle
    response = requests.post(sdb_api_url, json=payload, timeout=30)
  File "/Users/i/Library/Python/3.9/lib/python/site-packages/requests/api.py", line 115, in post
    return request("post", url, data=data, json=json, **kwargs)
  File "/Users/i/Library/Python/3.9/lib/python/site-packages/requests/api.py", line 59, in request
    return session.request(method=method, url=url, **kwargs)
  File "/Users/i/Library/Python/3.9/lib/python/site-packages/requests/sessions.py", line 575, in request
    prep = self.prepare_request(req)
  File "/Users/i/Library/Python/3.9/lib/python/site-packages/requests/sessions.py", line 484, in prepare_request
    p.prepare(
  File "/Users/i/Library/Python/3.9/lib/python/site-packages/requests/models.py", line 367, in prepare
    self.prepare_url(url, params)
  File "/Users/i/Library/Python/3.9/lib/python/site-packages/requests/models.py", line 438, in prepare_url
    raise MissingSchema(
requests.exceptions.MissingSchema: Invalid URL 'backup.supersami.com/api/backup/scraping-job/': No scheme supplied. Perhaps you meant https://backup.supersami.com/api/backup/scraping-job/?
2025-04-17 23:52:43,400 - sitescrapers.management.commands.sync_jobs_to_sdb - ERROR - [sync_jobs_to_sdb.py:149] - Failed to sync ScrapingJob PK=78: Invalid URL 'backup.supersami.com/api/backup/scraping-job/': No scheme supplied. Perhaps you meant https://backup.supersami.com/api/backup/scraping-job/?
Traceback (most recent call last):
  File "/Users/i/Documents/work/scraper/sitescrapers/management/commands/sync_jobs_to_sdb.py", line 125, in handle
    response = requests.post(sdb_api_url, json=payload, timeout=30)
  File "/Users/i/Library/Python/3.9/lib/python/site-packages/requests/api.py", line 115, in post
    return request("post", url, data=data, json=json, **kwargs)
  File "/Users/i/Library/Python/3.9/lib/python/site-packages/requests/api.py", line 59, in request
    return session.request(method=method, url=url, **kwargs)
  File "/Users/i/Library/Python/3.9/lib/python/site-packages/requests/sessions.py", line 575, in request
    prep = self.prepare_request(req)
  File "/Users/i/Library/Python/3.9/lib/python/site-packages/requests/sessions.py", line 484, in prepare_request
    p.prepare(
  File "/Users/i/Library/Python/3.9/lib/python/site-packages/requests/models.py", line 367, in prepare
    self.prepare_url(url, params)
  File "/Users/i/Library/Python/3.9/lib/python/site-packages/requests/models.py", line 438, in prepare_url
    raise MissingSchema(
requests.exceptions.MissingSchema: Invalid URL 'backup.supersami.com/api/backup/scraping-job/': No scheme supplied. Perhaps you meant https://backup.supersami.com/api/backup/scraping-job/?
2025-04-17 23:52:43,456 - sitescrapers.management.commands.sync_jobs_to_sdb - ERROR - [sync_jobs_to_sdb.py:149] - Failed to sync ScrapingJob PK=79: Invalid URL 'backup.supersami.com/api/backup/scraping-job/': No scheme supplied. Perhaps you meant https://backup.supersami.com/api/backup/scraping-job/?
Traceback (most recent call last):
  File "/Users/i/Documents/work/scraper/sitescrapers/management/commands/sync_jobs_to_sdb.py", line 125, in handle
    response = requests.post(sdb_api_url, json=payload, timeout=30)
  File "/Users/i/Library/Python/3.9/lib/python/site-packages/requests/api.py", line 115, in post
    return request("post", url, data=data, json=json, **kwargs)
  File "/Users/i/Library/Python/3.9/lib/python/site-packages/requests/api.py", line 59, in request
    return session.request(method=method, url=url, **kwargs)
  File "/Users/i/Library/Python/3.9/lib/python/site-packages/requests/sessions.py", line 575, in request
    prep = self.prepare_request(req)
  File "/Users/i/Library/Python/3.9/lib/python/site-packages/requests/sessions.py", line 484, in prepare_request
    p.prepare(
  File "/Users/i/Library/Python/3.9/lib/python/site-packages/requests/models.py", line 367, in prepare
    self.prepare_url(url, params)
  File "/Users/i/Library/Python/3.9/lib/python/site-packages/requests/models.py", line 438, in prepare_url
    raise MissingSchema(
requests.exceptions.MissingSchema: Invalid URL 'backup.supersami.com/api/backup/scraping-job/': No scheme supplied. Perhaps you meant https://backup.supersami.com/api/backup/scraping-job/?
2025-04-17 23:52:43,512 - sitescrapers.management.commands.sync_jobs_to_sdb - ERROR - [sync_jobs_to_sdb.py:149] - Failed to sync ScrapingJob PK=80: Invalid URL 'backup.supersami.com/api/backup/scraping-job/': No scheme supplied. Perhaps you meant https://backup.supersami.com/api/backup/scraping-job/?
Traceback (most recent call last):
  File "/Users/i/Documents/work/scraper/sitescrapers/management/commands/sync_jobs_to_sdb.py", line 125, in handle
    response = requests.post(sdb_api_url, json=payload, timeout=30)
  File "/Users/i/Library/Python/3.9/lib/python/site-packages/requests/api.py", line 115, in post
    return request("post", url, data=data, json=json, **kwargs)
  File "/Users/i/Library/Python/3.9/lib/python/site-packages/requests/api.py", line 59, in request
    return session.request(method=method, url=url, **kwargs)
  File "/Users/i/Library/Python/3.9/lib/python/site-packages/requests/sessions.py", line 575, in request
    prep = self.prepare_request(req)
  File "/Users/i/Library/Python/3.9/lib/python/site-packages/requests/sessions.py", line 484, in prepare_request
    p.prepare(
  File "/Users/i/Library/Python/3.9/lib/python/site-packages/requests/models.py", line 367, in prepare
    self.prepare_url(url, params)
  File "/Users/i/Library/Python/3.9/lib/python/site-packages/requests/models.py", line 438, in prepare_url
    raise MissingSchema(
requests.exceptions.MissingSchema: Invalid URL 'backup.supersami.com/api/backup/scraping-job/': No scheme supplied. Perhaps you meant https://backup.supersami.com/api/backup/scraping-job/?
2025-04-17 23:52:43,568 - sitescrapers.management.commands.sync_jobs_to_sdb - ERROR - [sync_jobs_to_sdb.py:149] - Failed to sync ScrapingJob PK=81: Invalid URL 'backup.supersami.com/api/backup/scraping-job/': No scheme supplied. Perhaps you meant https://backup.supersami.com/api/backup/scraping-job/?
Traceback (most recent call last):
  File "/Users/i/Documents/work/scraper/sitescrapers/management/commands/sync_jobs_to_sdb.py", line 125, in handle
    response = requests.post(sdb_api_url, json=payload, timeout=30)
  File "/Users/i/Library/Python/3.9/lib/python/site-packages/requests/api.py", line 115, in post
    return request("post", url, data=data, json=json, **kwargs)
  File "/Users/i/Library/Python/3.9/lib/python/site-packages/requests/api.py", line 59, in request
    return session.request(method=method, url=url, **kwargs)
  File "/Users/i/Library/Python/3.9/lib/python/site-packages/requests/sessions.py", line 575, in request
    prep = self.prepare_request(req)
  File "/Users/i/Library/Python/3.9/lib/python/site-packages/requests/sessions.py", line 484, in prepare_request
    p.prepare(
  File "/Users/i/Library/Python/3.9/lib/python/site-packages/requests/models.py", line 367, in prepare
    self.prepare_url(url, params)
  File "/Users/i/Library/Python/3.9/lib/python/site-packages/requests/models.py", line 438, in prepare_url
    raise MissingSchema(
requests.exceptions.MissingSchema: Invalid URL 'backup.supersami.com/api/backup/scraping-job/': No scheme supplied. Perhaps you meant https://backup.supersami.com/api/backup/scraping-job/?
2025-04-17 23:52:43,625 - sitescrapers.management.commands.sync_jobs_to_sdb - ERROR - [sync_jobs_to_sdb.py:149] - Failed to sync ScrapingJob PK=82: Invalid URL 'backup.supersami.com/api/backup/scraping-job/': No scheme supplied. Perhaps you meant https://backup.supersami.com/api/backup/scraping-job/?
Traceback (most recent call last):
  File "/Users/i/Documents/work/scraper/sitescrapers/management/commands/sync_jobs_to_sdb.py", line 125, in handle
    response = requests.post(sdb_api_url, json=payload, timeout=30)
  File "/Users/i/Library/Python/3.9/lib/python/site-packages/requests/api.py", line 115, in post
    return request("post", url, data=data, json=json, **kwargs)
  File "/Users/i/Library/Python/3.9/lib/python/site-packages/requests/api.py", line 59, in request
    return session.request(method=method, url=url, **kwargs)
  File "/Users/i/Library/Python/3.9/lib/python/site-packages/requests/sessions.py", line 575, in request
    prep = self.prepare_request(req)
  File "/Users/i/Library/Python/3.9/lib/python/site-packages/requests/sessions.py", line 484, in prepare_request
    p.prepare(
  File "/Users/i/Library/Python/3.9/lib/python/site-packages/requests/models.py", line 367, in prepare
    self.prepare_url(url, params)
  File "/Users/i/Library/Python/3.9/lib/python/site-packages/requests/models.py", line 438, in prepare_url
    raise MissingSchema(
requests.exceptions.MissingSchema: Invalid URL 'backup.supersami.com/api/backup/scraping-job/': No scheme supplied. Perhaps you meant https://backup.supersami.com/api/backup/scraping-job/?
2025-04-17 23:52:43,683 - sitescrapers.management.commands.sync_jobs_to_sdb - ERROR - [sync_jobs_to_sdb.py:149] - Failed to sync ScrapingJob PK=83: Invalid URL 'backup.supersami.com/api/backup/scraping-job/': No scheme supplied. Perhaps you meant https://backup.supersami.com/api/backup/scraping-job/?
Traceback (most recent call last):
  File "/Users/i/Documents/work/scraper/sitescrapers/management/commands/sync_jobs_to_sdb.py", line 125, in handle
    response = requests.post(sdb_api_url, json=payload, timeout=30)
  File "/Users/i/Library/Python/3.9/lib/python/site-packages/requests/api.py", line 115, in post
    return request("post", url, data=data, json=json, **kwargs)
  File "/Users/i/Library/Python/3.9/lib/python/site-packages/requests/api.py", line 59, in request
    return session.request(method=method, url=url, **kwargs)
  File "/Users/i/Library/Python/3.9/lib/python/site-packages/requests/sessions.py", line 575, in request
    prep = self.prepare_request(req)
  File "/Users/i/Library/Python/3.9/lib/python/site-packages/requests/sessions.py", line 484, in prepare_request
    p.prepare(
  File "/Users/i/Library/Python/3.9/lib/python/site-packages/requests/models.py", line 367, in prepare
    self.prepare_url(url, params)
  File "/Users/i/Library/Python/3.9/lib/python/site-packages/requests/models.py", line 438, in prepare_url
    raise MissingSchema(
requests.exceptions.MissingSchema: Invalid URL 'backup.supersami.com/api/backup/scraping-job/': No scheme supplied. Perhaps you meant https://backup.supersami.com/api/backup/scraping-job/?
2025-04-17 23:52:43,740 - sitescrapers.management.commands.sync_jobs_to_sdb - ERROR - [sync_jobs_to_sdb.py:149] - Failed to sync ScrapingJob PK=84: Invalid URL 'backup.supersami.com/api/backup/scraping-job/': No scheme supplied. Perhaps you meant https://backup.supersami.com/api/backup/scraping-job/?
Traceback (most recent call last):
  File "/Users/i/Documents/work/scraper/sitescrapers/management/commands/sync_jobs_to_sdb.py", line 125, in handle
    response = requests.post(sdb_api_url, json=payload, timeout=30)
  File "/Users/i/Library/Python/3.9/lib/python/site-packages/requests/api.py", line 115, in post
    return request("post", url, data=data, json=json, **kwargs)
  File "/Users/i/Library/Python/3.9/lib/python/site-packages/requests/api.py", line 59, in request
    return session.request(method=method, url=url, **kwargs)
  File "/Users/i/Library/Python/3.9/lib/python/site-packages/requests/sessions.py", line 575, in request
    prep = self.prepare_request(req)
  File "/Users/i/Library/Python/3.9/lib/python/site-packages/requests/sessions.py", line 484, in prepare_request
    p.prepare(
  File "/Users/i/Library/Python/3.9/lib/python/site-packages/requests/models.py", line 367, in prepare
    self.prepare_url(url, params)
  File "/Users/i/Library/Python/3.9/lib/python/site-packages/requests/models.py", line 438, in prepare_url
    raise MissingSchema(
requests.exceptions.MissingSchema: Invalid URL 'backup.supersami.com/api/backup/scraping-job/': No scheme supplied. Perhaps you meant https://backup.supersami.com/api/backup/scraping-job/?
2025-04-17 23:52:43,798 - sitescrapers.management.commands.sync_jobs_to_sdb - ERROR - [sync_jobs_to_sdb.py:149] - Failed to sync ScrapingJob PK=85: Invalid URL 'backup.supersami.com/api/backup/scraping-job/': No scheme supplied. Perhaps you meant https://backup.supersami.com/api/backup/scraping-job/?
Traceback (most recent call last):
  File "/Users/i/Documents/work/scraper/sitescrapers/management/commands/sync_jobs_to_sdb.py", line 125, in handle
    response = requests.post(sdb_api_url, json=payload, timeout=30)
  File "/Users/i/Library/Python/3.9/lib/python/site-packages/requests/api.py", line 115, in post
    return request("post", url, data=data, json=json, **kwargs)
  File "/Users/i/Library/Python/3.9/lib/python/site-packages/requests/api.py", line 59, in request
    return session.request(method=method, url=url, **kwargs)
  File "/Users/i/Library/Python/3.9/lib/python/site-packages/requests/sessions.py", line 575, in request
    prep = self.prepare_request(req)
  File "/Users/i/Library/Python/3.9/lib/python/site-packages/requests/sessions.py", line 484, in prepare_request
    p.prepare(
  File "/Users/i/Library/Python/3.9/lib/python/site-packages/requests/models.py", line 367, in prepare
    self.prepare_url(url, params)
  File "/Users/i/Library/Python/3.9/lib/python/site-packages/requests/models.py", line 438, in prepare_url
    raise MissingSchema(
requests.exceptions.MissingSchema: Invalid URL 'backup.supersami.com/api/backup/scraping-job/': No scheme supplied. Perhaps you meant https://backup.supersami.com/api/backup/scraping-job/?
2025-04-17 23:52:43,854 - sitescrapers.management.commands.sync_jobs_to_sdb - ERROR - [sync_jobs_to_sdb.py:149] - Failed to sync ScrapingJob PK=86: Invalid URL 'backup.supersami.com/api/backup/scraping-job/': No scheme supplied. Perhaps you meant https://backup.supersami.com/api/backup/scraping-job/?
Traceback (most recent call last):
  File "/Users/i/Documents/work/scraper/sitescrapers/management/commands/sync_jobs_to_sdb.py", line 125, in handle
    response = requests.post(sdb_api_url, json=payload, timeout=30)
  File "/Users/i/Library/Python/3.9/lib/python/site-packages/requests/api.py", line 115, in post
    return request("post", url, data=data, json=json, **kwargs)
  File "/Users/i/Library/Python/3.9/lib/python/site-packages/requests/api.py", line 59, in request
    return session.request(method=method, url=url, **kwargs)
  File "/Users/i/Library/Python/3.9/lib/python/site-packages/requests/sessions.py", line 575, in request
    prep = self.prepare_request(req)
  File "/Users/i/Library/Python/3.9/lib/python/site-packages/requests/sessions.py", line 484, in prepare_request
    p.prepare(
  File "/Users/i/Library/Python/3.9/lib/python/site-packages/requests/models.py", line 367, in prepare
    self.prepare_url(url, params)
  File "/Users/i/Library/Python/3.9/lib/python/site-packages/requests/models.py", line 438, in prepare_url
    raise MissingSchema(
requests.exceptions.MissingSchema: Invalid URL 'backup.supersami.com/api/backup/scraping-job/': No scheme supplied. Perhaps you meant https://backup.supersami.com/api/backup/scraping-job/?
2025-04-17 23:52:43,911 - sitescrapers.management.commands.sync_jobs_to_sdb - ERROR - [sync_jobs_to_sdb.py:149] - Failed to sync ScrapingJob PK=87: Invalid URL 'backup.supersami.com/api/backup/scraping-job/': No scheme supplied. Perhaps you meant https://backup.supersami.com/api/backup/scraping-job/?
Traceback (most recent call last):
  File "/Users/i/Documents/work/scraper/sitescrapers/management/commands/sync_jobs_to_sdb.py", line 125, in handle
    response = requests.post(sdb_api_url, json=payload, timeout=30)
  File "/Users/i/Library/Python/3.9/lib/python/site-packages/requests/api.py", line 115, in post
    return request("post", url, data=data, json=json, **kwargs)
  File "/Users/i/Library/Python/3.9/lib/python/site-packages/requests/api.py", line 59, in request
    return session.request(method=method, url=url, **kwargs)
  File "/Users/i/Library/Python/3.9/lib/python/site-packages/requests/sessions.py", line 575, in request
    prep = self.prepare_request(req)
  File "/Users/i/Library/Python/3.9/lib/python/site-packages/requests/sessions.py", line 484, in prepare_request
    p.prepare(
  File "/Users/i/Library/Python/3.9/lib/python/site-packages/requests/models.py", line 367, in prepare
    self.prepare_url(url, params)
  File "/Users/i/Library/Python/3.9/lib/python/site-packages/requests/models.py", line 438, in prepare_url
    raise MissingSchema(
requests.exceptions.MissingSchema: Invalid URL 'backup.supersami.com/api/backup/scraping-job/': No scheme supplied. Perhaps you meant https://backup.supersami.com/api/backup/scraping-job/?
2025-04-17 23:52:43,969 - sitescrapers.management.commands.sync_jobs_to_sdb - ERROR - [sync_jobs_to_sdb.py:149] - Failed to sync ScrapingJob PK=88: Invalid URL 'backup.supersami.com/api/backup/scraping-job/': No scheme supplied. Perhaps you meant https://backup.supersami.com/api/backup/scraping-job/?
Traceback (most recent call last):
  File "/Users/i/Documents/work/scraper/sitescrapers/management/commands/sync_jobs_to_sdb.py", line 125, in handle
    response = requests.post(sdb_api_url, json=payload, timeout=30)
  File "/Users/i/Library/Python/3.9/lib/python/site-packages/requests/api.py", line 115, in post
    return request("post", url, data=data, json=json, **kwargs)
  File "/Users/i/Library/Python/3.9/lib/python/site-packages/requests/api.py", line 59, in request
    return session.request(method=method, url=url, **kwargs)
  File "/Users/i/Library/Python/3.9/lib/python/site-packages/requests/sessions.py", line 575, in request
    prep = self.prepare_request(req)
  File "/Users/i/Library/Python/3.9/lib/python/site-packages/requests/sessions.py", line 484, in prepare_request
    p.prepare(
  File "/Users/i/Library/Python/3.9/lib/python/site-packages/requests/models.py", line 367, in prepare
    self.prepare_url(url, params)
  File "/Users/i/Library/Python/3.9/lib/python/site-packages/requests/models.py", line 438, in prepare_url
    raise MissingSchema(
requests.exceptions.MissingSchema: Invalid URL 'backup.supersami.com/api/backup/scraping-job/': No scheme supplied. Perhaps you meant https://backup.supersami.com/api/backup/scraping-job/?
2025-04-17 23:52:44,026 - sitescrapers.management.commands.sync_jobs_to_sdb - ERROR - [sync_jobs_to_sdb.py:149] - Failed to sync ScrapingJob PK=89: Invalid URL 'backup.supersami.com/api/backup/scraping-job/': No scheme supplied. Perhaps you meant https://backup.supersami.com/api/backup/scraping-job/?
Traceback (most recent call last):
  File "/Users/i/Documents/work/scraper/sitescrapers/management/commands/sync_jobs_to_sdb.py", line 125, in handle
    response = requests.post(sdb_api_url, json=payload, timeout=30)
  File "/Users/i/Library/Python/3.9/lib/python/site-packages/requests/api.py", line 115, in post
    return request("post", url, data=data, json=json, **kwargs)
  File "/Users/i/Library/Python/3.9/lib/python/site-packages/requests/api.py", line 59, in request
    return session.request(method=method, url=url, **kwargs)
  File "/Users/i/Library/Python/3.9/lib/python/site-packages/requests/sessions.py", line 575, in request
    prep = self.prepare_request(req)
  File "/Users/i/Library/Python/3.9/lib/python/site-packages/requests/sessions.py", line 484, in prepare_request
    p.prepare(
  File "/Users/i/Library/Python/3.9/lib/python/site-packages/requests/models.py", line 367, in prepare
    self.prepare_url(url, params)
  File "/Users/i/Library/Python/3.9/lib/python/site-packages/requests/models.py", line 438, in prepare_url
    raise MissingSchema(
requests.exceptions.MissingSchema: Invalid URL 'backup.supersami.com/api/backup/scraping-job/': No scheme supplied. Perhaps you meant https://backup.supersami.com/api/backup/scraping-job/?
2025-04-17 23:52:44,083 - sitescrapers.management.commands.sync_jobs_to_sdb - ERROR - [sync_jobs_to_sdb.py:149] - Failed to sync ScrapingJob PK=90: Invalid URL 'backup.supersami.com/api/backup/scraping-job/': No scheme supplied. Perhaps you meant https://backup.supersami.com/api/backup/scraping-job/?
Traceback (most recent call last):
  File "/Users/i/Documents/work/scraper/sitescrapers/management/commands/sync_jobs_to_sdb.py", line 125, in handle
    response = requests.post(sdb_api_url, json=payload, timeout=30)
  File "/Users/i/Library/Python/3.9/lib/python/site-packages/requests/api.py", line 115, in post
    return request("post", url, data=data, json=json, **kwargs)
  File "/Users/i/Library/Python/3.9/lib/python/site-packages/requests/api.py", line 59, in request
    return session.request(method=method, url=url, **kwargs)
  File "/Users/i/Library/Python/3.9/lib/python/site-packages/requests/sessions.py", line 575, in request
    prep = self.prepare_request(req)
  File "/Users/i/Library/Python/3.9/lib/python/site-packages/requests/sessions.py", line 484, in prepare_request
    p.prepare(
  File "/Users/i/Library/Python/3.9/lib/python/site-packages/requests/models.py", line 367, in prepare
    self.prepare_url(url, params)
  File "/Users/i/Library/Python/3.9/lib/python/site-packages/requests/models.py", line 438, in prepare_url
    raise MissingSchema(
requests.exceptions.MissingSchema: Invalid URL 'backup.supersami.com/api/backup/scraping-job/': No scheme supplied. Perhaps you meant https://backup.supersami.com/api/backup/scraping-job/?
2025-04-17 23:52:44,141 - sitescrapers.management.commands.sync_jobs_to_sdb - ERROR - [sync_jobs_to_sdb.py:149] - Failed to sync ScrapingJob PK=91: Invalid URL 'backup.supersami.com/api/backup/scraping-job/': No scheme supplied. Perhaps you meant https://backup.supersami.com/api/backup/scraping-job/?
Traceback (most recent call last):
  File "/Users/i/Documents/work/scraper/sitescrapers/management/commands/sync_jobs_to_sdb.py", line 125, in handle
    response = requests.post(sdb_api_url, json=payload, timeout=30)
  File "/Users/i/Library/Python/3.9/lib/python/site-packages/requests/api.py", line 115, in post
    return request("post", url, data=data, json=json, **kwargs)
  File "/Users/i/Library/Python/3.9/lib/python/site-packages/requests/api.py", line 59, in request
    return session.request(method=method, url=url, **kwargs)
  File "/Users/i/Library/Python/3.9/lib/python/site-packages/requests/sessions.py", line 575, in request
    prep = self.prepare_request(req)
  File "/Users/i/Library/Python/3.9/lib/python/site-packages/requests/sessions.py", line 484, in prepare_request
    p.prepare(
  File "/Users/i/Library/Python/3.9/lib/python/site-packages/requests/models.py", line 367, in prepare
    self.prepare_url(url, params)
  File "/Users/i/Library/Python/3.9/lib/python/site-packages/requests/models.py", line 438, in prepare_url
    raise MissingSchema(
requests.exceptions.MissingSchema: Invalid URL 'backup.supersami.com/api/backup/scraping-job/': No scheme supplied. Perhaps you meant https://backup.supersami.com/api/backup/scraping-job/?
2025-04-17 23:52:44,198 - sitescrapers.management.commands.sync_jobs_to_sdb - ERROR - [sync_jobs_to_sdb.py:149] - Failed to sync ScrapingJob PK=92: Invalid URL 'backup.supersami.com/api/backup/scraping-job/': No scheme supplied. Perhaps you meant https://backup.supersami.com/api/backup/scraping-job/?
Traceback (most recent call last):
  File "/Users/i/Documents/work/scraper/sitescrapers/management/commands/sync_jobs_to_sdb.py", line 125, in handle
    response = requests.post(sdb_api_url, json=payload, timeout=30)
  File "/Users/i/Library/Python/3.9/lib/python/site-packages/requests/api.py", line 115, in post
    return request("post", url, data=data, json=json, **kwargs)
  File "/Users/i/Library/Python/3.9/lib/python/site-packages/requests/api.py", line 59, in request
    return session.request(method=method, url=url, **kwargs)
  File "/Users/i/Library/Python/3.9/lib/python/site-packages/requests/sessions.py", line 575, in request
    prep = self.prepare_request(req)
  File "/Users/i/Library/Python/3.9/lib/python/site-packages/requests/sessions.py", line 484, in prepare_request
    p.prepare(
  File "/Users/i/Library/Python/3.9/lib/python/site-packages/requests/models.py", line 367, in prepare
    self.prepare_url(url, params)
  File "/Users/i/Library/Python/3.9/lib/python/site-packages/requests/models.py", line 438, in prepare_url
    raise MissingSchema(
requests.exceptions.MissingSchema: Invalid URL 'backup.supersami.com/api/backup/scraping-job/': No scheme supplied. Perhaps you meant https://backup.supersami.com/api/backup/scraping-job/?
2025-04-17 23:52:44,253 - sitescrapers.management.commands.sync_jobs_to_sdb - ERROR - [sync_jobs_to_sdb.py:149] - Failed to sync ScrapingJob PK=93: Invalid URL 'backup.supersami.com/api/backup/scraping-job/': No scheme supplied. Perhaps you meant https://backup.supersami.com/api/backup/scraping-job/?
Traceback (most recent call last):
  File "/Users/i/Documents/work/scraper/sitescrapers/management/commands/sync_jobs_to_sdb.py", line 125, in handle
    response = requests.post(sdb_api_url, json=payload, timeout=30)
  File "/Users/i/Library/Python/3.9/lib/python/site-packages/requests/api.py", line 115, in post
    return request("post", url, data=data, json=json, **kwargs)
  File "/Users/i/Library/Python/3.9/lib/python/site-packages/requests/api.py", line 59, in request
    return session.request(method=method, url=url, **kwargs)
  File "/Users/i/Library/Python/3.9/lib/python/site-packages/requests/sessions.py", line 575, in request
    prep = self.prepare_request(req)
  File "/Users/i/Library/Python/3.9/lib/python/site-packages/requests/sessions.py", line 484, in prepare_request
    p.prepare(
  File "/Users/i/Library/Python/3.9/lib/python/site-packages/requests/models.py", line 367, in prepare
    self.prepare_url(url, params)
  File "/Users/i/Library/Python/3.9/lib/python/site-packages/requests/models.py", line 438, in prepare_url
    raise MissingSchema(
requests.exceptions.MissingSchema: Invalid URL 'backup.supersami.com/api/backup/scraping-job/': No scheme supplied. Perhaps you meant https://backup.supersami.com/api/backup/scraping-job/?
2025-04-17 23:52:44,309 - sitescrapers.management.commands.sync_jobs_to_sdb - ERROR - [sync_jobs_to_sdb.py:149] - Failed to sync ScrapingJob PK=94: Invalid URL 'backup.supersami.com/api/backup/scraping-job/': No scheme supplied. Perhaps you meant https://backup.supersami.com/api/backup/scraping-job/?
Traceback (most recent call last):
  File "/Users/i/Documents/work/scraper/sitescrapers/management/commands/sync_jobs_to_sdb.py", line 125, in handle
    response = requests.post(sdb_api_url, json=payload, timeout=30)
  File "/Users/i/Library/Python/3.9/lib/python/site-packages/requests/api.py", line 115, in post
    return request("post", url, data=data, json=json, **kwargs)
  File "/Users/i/Library/Python/3.9/lib/python/site-packages/requests/api.py", line 59, in request
    return session.request(method=method, url=url, **kwargs)
  File "/Users/i/Library/Python/3.9/lib/python/site-packages/requests/sessions.py", line 575, in request
    prep = self.prepare_request(req)
  File "/Users/i/Library/Python/3.9/lib/python/site-packages/requests/sessions.py", line 484, in prepare_request
    p.prepare(
  File "/Users/i/Library/Python/3.9/lib/python/site-packages/requests/models.py", line 367, in prepare
    self.prepare_url(url, params)
  File "/Users/i/Library/Python/3.9/lib/python/site-packages/requests/models.py", line 438, in prepare_url
    raise MissingSchema(
requests.exceptions.MissingSchema: Invalid URL 'backup.supersami.com/api/backup/scraping-job/': No scheme supplied. Perhaps you meant https://backup.supersami.com/api/backup/scraping-job/?
2025-04-17 23:52:44,365 - sitescrapers.management.commands.sync_jobs_to_sdb - ERROR - [sync_jobs_to_sdb.py:149] - Failed to sync ScrapingJob PK=95: Invalid URL 'backup.supersami.com/api/backup/scraping-job/': No scheme supplied. Perhaps you meant https://backup.supersami.com/api/backup/scraping-job/?
Traceback (most recent call last):
  File "/Users/i/Documents/work/scraper/sitescrapers/management/commands/sync_jobs_to_sdb.py", line 125, in handle
    response = requests.post(sdb_api_url, json=payload, timeout=30)
  File "/Users/i/Library/Python/3.9/lib/python/site-packages/requests/api.py", line 115, in post
    return request("post", url, data=data, json=json, **kwargs)
  File "/Users/i/Library/Python/3.9/lib/python/site-packages/requests/api.py", line 59, in request
    return session.request(method=method, url=url, **kwargs)
  File "/Users/i/Library/Python/3.9/lib/python/site-packages/requests/sessions.py", line 575, in request
    prep = self.prepare_request(req)
  File "/Users/i/Library/Python/3.9/lib/python/site-packages/requests/sessions.py", line 484, in prepare_request
    p.prepare(
  File "/Users/i/Library/Python/3.9/lib/python/site-packages/requests/models.py", line 367, in prepare
    self.prepare_url(url, params)
  File "/Users/i/Library/Python/3.9/lib/python/site-packages/requests/models.py", line 438, in prepare_url
    raise MissingSchema(
requests.exceptions.MissingSchema: Invalid URL 'backup.supersami.com/api/backup/scraping-job/': No scheme supplied. Perhaps you meant https://backup.supersami.com/api/backup/scraping-job/?
2025-04-17 23:52:44,422 - sitescrapers.management.commands.sync_jobs_to_sdb - ERROR - [sync_jobs_to_sdb.py:149] - Failed to sync ScrapingJob PK=96: Invalid URL 'backup.supersami.com/api/backup/scraping-job/': No scheme supplied. Perhaps you meant https://backup.supersami.com/api/backup/scraping-job/?
Traceback (most recent call last):
  File "/Users/i/Documents/work/scraper/sitescrapers/management/commands/sync_jobs_to_sdb.py", line 125, in handle
    response = requests.post(sdb_api_url, json=payload, timeout=30)
  File "/Users/i/Library/Python/3.9/lib/python/site-packages/requests/api.py", line 115, in post
    return request("post", url, data=data, json=json, **kwargs)
  File "/Users/i/Library/Python/3.9/lib/python/site-packages/requests/api.py", line 59, in request
    return session.request(method=method, url=url, **kwargs)
  File "/Users/i/Library/Python/3.9/lib/python/site-packages/requests/sessions.py", line 575, in request
    prep = self.prepare_request(req)
  File "/Users/i/Library/Python/3.9/lib/python/site-packages/requests/sessions.py", line 484, in prepare_request
    p.prepare(
  File "/Users/i/Library/Python/3.9/lib/python/site-packages/requests/models.py", line 367, in prepare
    self.prepare_url(url, params)
  File "/Users/i/Library/Python/3.9/lib/python/site-packages/requests/models.py", line 438, in prepare_url
    raise MissingSchema(
requests.exceptions.MissingSchema: Invalid URL 'backup.supersami.com/api/backup/scraping-job/': No scheme supplied. Perhaps you meant https://backup.supersami.com/api/backup/scraping-job/?
2025-04-17 23:52:44,479 - sitescrapers.management.commands.sync_jobs_to_sdb - ERROR - [sync_jobs_to_sdb.py:149] - Failed to sync ScrapingJob PK=97: Invalid URL 'backup.supersami.com/api/backup/scraping-job/': No scheme supplied. Perhaps you meant https://backup.supersami.com/api/backup/scraping-job/?
Traceback (most recent call last):
  File "/Users/i/Documents/work/scraper/sitescrapers/management/commands/sync_jobs_to_sdb.py", line 125, in handle
    response = requests.post(sdb_api_url, json=payload, timeout=30)
  File "/Users/i/Library/Python/3.9/lib/python/site-packages/requests/api.py", line 115, in post
    return request("post", url, data=data, json=json, **kwargs)
  File "/Users/i/Library/Python/3.9/lib/python/site-packages/requests/api.py", line 59, in request
    return session.request(method=method, url=url, **kwargs)
  File "/Users/i/Library/Python/3.9/lib/python/site-packages/requests/sessions.py", line 575, in request
    prep = self.prepare_request(req)
  File "/Users/i/Library/Python/3.9/lib/python/site-packages/requests/sessions.py", line 484, in prepare_request
    p.prepare(
  File "/Users/i/Library/Python/3.9/lib/python/site-packages/requests/models.py", line 367, in prepare
    self.prepare_url(url, params)
  File "/Users/i/Library/Python/3.9/lib/python/site-packages/requests/models.py", line 438, in prepare_url
    raise MissingSchema(
requests.exceptions.MissingSchema: Invalid URL 'backup.supersami.com/api/backup/scraping-job/': No scheme supplied. Perhaps you meant https://backup.supersami.com/api/backup/scraping-job/?
2025-04-17 23:52:44,542 - sitescrapers.management.commands.sync_jobs_to_sdb - ERROR - [sync_jobs_to_sdb.py:149] - Failed to sync ScrapingJob PK=98: Invalid URL 'backup.supersami.com/api/backup/scraping-job/': No scheme supplied. Perhaps you meant https://backup.supersami.com/api/backup/scraping-job/?
Traceback (most recent call last):
  File "/Users/i/Documents/work/scraper/sitescrapers/management/commands/sync_jobs_to_sdb.py", line 125, in handle
    response = requests.post(sdb_api_url, json=payload, timeout=30)
  File "/Users/i/Library/Python/3.9/lib/python/site-packages/requests/api.py", line 115, in post
    return request("post", url, data=data, json=json, **kwargs)
  File "/Users/i/Library/Python/3.9/lib/python/site-packages/requests/api.py", line 59, in request
    return session.request(method=method, url=url, **kwargs)
  File "/Users/i/Library/Python/3.9/lib/python/site-packages/requests/sessions.py", line 575, in request
    prep = self.prepare_request(req)
  File "/Users/i/Library/Python/3.9/lib/python/site-packages/requests/sessions.py", line 484, in prepare_request
    p.prepare(
  File "/Users/i/Library/Python/3.9/lib/python/site-packages/requests/models.py", line 367, in prepare
    self.prepare_url(url, params)
  File "/Users/i/Library/Python/3.9/lib/python/site-packages/requests/models.py", line 438, in prepare_url
    raise MissingSchema(
requests.exceptions.MissingSchema: Invalid URL 'backup.supersami.com/api/backup/scraping-job/': No scheme supplied. Perhaps you meant https://backup.supersami.com/api/backup/scraping-job/?
2025-04-17 23:52:44,603 - sitescrapers.management.commands.sync_jobs_to_sdb - ERROR - [sync_jobs_to_sdb.py:149] - Failed to sync ScrapingJob PK=99: Invalid URL 'backup.supersami.com/api/backup/scraping-job/': No scheme supplied. Perhaps you meant https://backup.supersami.com/api/backup/scraping-job/?
Traceback (most recent call last):
  File "/Users/i/Documents/work/scraper/sitescrapers/management/commands/sync_jobs_to_sdb.py", line 125, in handle
    response = requests.post(sdb_api_url, json=payload, timeout=30)
  File "/Users/i/Library/Python/3.9/lib/python/site-packages/requests/api.py", line 115, in post
    return request("post", url, data=data, json=json, **kwargs)
  File "/Users/i/Library/Python/3.9/lib/python/site-packages/requests/api.py", line 59, in request
    return session.request(method=method, url=url, **kwargs)
  File "/Users/i/Library/Python/3.9/lib/python/site-packages/requests/sessions.py", line 575, in request
    prep = self.prepare_request(req)
  File "/Users/i/Library/Python/3.9/lib/python/site-packages/requests/sessions.py", line 484, in prepare_request
    p.prepare(
  File "/Users/i/Library/Python/3.9/lib/python/site-packages/requests/models.py", line 367, in prepare
    self.prepare_url(url, params)
  File "/Users/i/Library/Python/3.9/lib/python/site-packages/requests/models.py", line 438, in prepare_url
    raise MissingSchema(
requests.exceptions.MissingSchema: Invalid URL 'backup.supersami.com/api/backup/scraping-job/': No scheme supplied. Perhaps you meant https://backup.supersami.com/api/backup/scraping-job/?
2025-04-17 23:52:44,658 - sitescrapers.management.commands.sync_jobs_to_sdb - ERROR - [sync_jobs_to_sdb.py:149] - Failed to sync ScrapingJob PK=100: Invalid URL 'backup.supersami.com/api/backup/scraping-job/': No scheme supplied. Perhaps you meant https://backup.supersami.com/api/backup/scraping-job/?
Traceback (most recent call last):
  File "/Users/i/Documents/work/scraper/sitescrapers/management/commands/sync_jobs_to_sdb.py", line 125, in handle
    response = requests.post(sdb_api_url, json=payload, timeout=30)
  File "/Users/i/Library/Python/3.9/lib/python/site-packages/requests/api.py", line 115, in post
    return request("post", url, data=data, json=json, **kwargs)
  File "/Users/i/Library/Python/3.9/lib/python/site-packages/requests/api.py", line 59, in request
    return session.request(method=method, url=url, **kwargs)
  File "/Users/i/Library/Python/3.9/lib/python/site-packages/requests/sessions.py", line 575, in request
    prep = self.prepare_request(req)
  File "/Users/i/Library/Python/3.9/lib/python/site-packages/requests/sessions.py", line 484, in prepare_request
    p.prepare(
  File "/Users/i/Library/Python/3.9/lib/python/site-packages/requests/models.py", line 367, in prepare
    self.prepare_url(url, params)
  File "/Users/i/Library/Python/3.9/lib/python/site-packages/requests/models.py", line 438, in prepare_url
    raise MissingSchema(
requests.exceptions.MissingSchema: Invalid URL 'backup.supersami.com/api/backup/scraping-job/': No scheme supplied. Perhaps you meant https://backup.supersami.com/api/backup/scraping-job/?
2025-04-17 23:52:44,714 - sitescrapers.management.commands.sync_jobs_to_sdb - ERROR - [sync_jobs_to_sdb.py:149] - Failed to sync ScrapingJob PK=101: Invalid URL 'backup.supersami.com/api/backup/scraping-job/': No scheme supplied. Perhaps you meant https://backup.supersami.com/api/backup/scraping-job/?
Traceback (most recent call last):
  File "/Users/i/Documents/work/scraper/sitescrapers/management/commands/sync_jobs_to_sdb.py", line 125, in handle
    response = requests.post(sdb_api_url, json=payload, timeout=30)
  File "/Users/i/Library/Python/3.9/lib/python/site-packages/requests/api.py", line 115, in post
    return request("post", url, data=data, json=json, **kwargs)
  File "/Users/i/Library/Python/3.9/lib/python/site-packages/requests/api.py", line 59, in request
    return session.request(method=method, url=url, **kwargs)
  File "/Users/i/Library/Python/3.9/lib/python/site-packages/requests/sessions.py", line 575, in request
    prep = self.prepare_request(req)
  File "/Users/i/Library/Python/3.9/lib/python/site-packages/requests/sessions.py", line 484, in prepare_request
    p.prepare(
  File "/Users/i/Library/Python/3.9/lib/python/site-packages/requests/models.py", line 367, in prepare
    self.prepare_url(url, params)
  File "/Users/i/Library/Python/3.9/lib/python/site-packages/requests/models.py", line 438, in prepare_url
    raise MissingSchema(
requests.exceptions.MissingSchema: Invalid URL 'backup.supersami.com/api/backup/scraping-job/': No scheme supplied. Perhaps you meant https://backup.supersami.com/api/backup/scraping-job/?
2025-04-17 23:52:44,765 - sitescrapers.management.commands.sync_jobs_to_sdb - ERROR - [sync_jobs_to_sdb.py:149] - Failed to sync ScrapingJob PK=102: Invalid URL 'backup.supersami.com/api/backup/scraping-job/': No scheme supplied. Perhaps you meant https://backup.supersami.com/api/backup/scraping-job/?
Traceback (most recent call last):
  File "/Users/i/Documents/work/scraper/sitescrapers/management/commands/sync_jobs_to_sdb.py", line 125, in handle
    response = requests.post(sdb_api_url, json=payload, timeout=30)
  File "/Users/i/Library/Python/3.9/lib/python/site-packages/requests/api.py", line 115, in post
    return request("post", url, data=data, json=json, **kwargs)
  File "/Users/i/Library/Python/3.9/lib/python/site-packages/requests/api.py", line 59, in request
    return session.request(method=method, url=url, **kwargs)
  File "/Users/i/Library/Python/3.9/lib/python/site-packages/requests/sessions.py", line 575, in request
    prep = self.prepare_request(req)
  File "/Users/i/Library/Python/3.9/lib/python/site-packages/requests/sessions.py", line 484, in prepare_request
    p.prepare(
  File "/Users/i/Library/Python/3.9/lib/python/site-packages/requests/models.py", line 367, in prepare
    self.prepare_url(url, params)
  File "/Users/i/Library/Python/3.9/lib/python/site-packages/requests/models.py", line 438, in prepare_url
    raise MissingSchema(
requests.exceptions.MissingSchema: Invalid URL 'backup.supersami.com/api/backup/scraping-job/': No scheme supplied. Perhaps you meant https://backup.supersami.com/api/backup/scraping-job/?
2025-04-17 23:52:44,822 - sitescrapers.management.commands.sync_jobs_to_sdb - ERROR - [sync_jobs_to_sdb.py:149] - Failed to sync ScrapingJob PK=103: Invalid URL 'backup.supersami.com/api/backup/scraping-job/': No scheme supplied. Perhaps you meant https://backup.supersami.com/api/backup/scraping-job/?
Traceback (most recent call last):
  File "/Users/i/Documents/work/scraper/sitescrapers/management/commands/sync_jobs_to_sdb.py", line 125, in handle
    response = requests.post(sdb_api_url, json=payload, timeout=30)
  File "/Users/i/Library/Python/3.9/lib/python/site-packages/requests/api.py", line 115, in post
    return request("post", url, data=data, json=json, **kwargs)
  File "/Users/i/Library/Python/3.9/lib/python/site-packages/requests/api.py", line 59, in request
    return session.request(method=method, url=url, **kwargs)
  File "/Users/i/Library/Python/3.9/lib/python/site-packages/requests/sessions.py", line 575, in request
    prep = self.prepare_request(req)
  File "/Users/i/Library/Python/3.9/lib/python/site-packages/requests/sessions.py", line 484, in prepare_request
    p.prepare(
  File "/Users/i/Library/Python/3.9/lib/python/site-packages/requests/models.py", line 367, in prepare
    self.prepare_url(url, params)
  File "/Users/i/Library/Python/3.9/lib/python/site-packages/requests/models.py", line 438, in prepare_url
    raise MissingSchema(
requests.exceptions.MissingSchema: Invalid URL 'backup.supersami.com/api/backup/scraping-job/': No scheme supplied. Perhaps you meant https://backup.supersami.com/api/backup/scraping-job/?
2025-04-17 23:52:44,878 - sitescrapers.management.commands.sync_jobs_to_sdb - ERROR - [sync_jobs_to_sdb.py:149] - Failed to sync ScrapingJob PK=104: Invalid URL 'backup.supersami.com/api/backup/scraping-job/': No scheme supplied. Perhaps you meant https://backup.supersami.com/api/backup/scraping-job/?
Traceback (most recent call last):
  File "/Users/i/Documents/work/scraper/sitescrapers/management/commands/sync_jobs_to_sdb.py", line 125, in handle
    response = requests.post(sdb_api_url, json=payload, timeout=30)
  File "/Users/i/Library/Python/3.9/lib/python/site-packages/requests/api.py", line 115, in post
    return request("post", url, data=data, json=json, **kwargs)
  File "/Users/i/Library/Python/3.9/lib/python/site-packages/requests/api.py", line 59, in request
    return session.request(method=method, url=url, **kwargs)
  File "/Users/i/Library/Python/3.9/lib/python/site-packages/requests/sessions.py", line 575, in request
    prep = self.prepare_request(req)
  File "/Users/i/Library/Python/3.9/lib/python/site-packages/requests/sessions.py", line 484, in prepare_request
    p.prepare(
  File "/Users/i/Library/Python/3.9/lib/python/site-packages/requests/models.py", line 367, in prepare
    self.prepare_url(url, params)
  File "/Users/i/Library/Python/3.9/lib/python/site-packages/requests/models.py", line 438, in prepare_url
    raise MissingSchema(
requests.exceptions.MissingSchema: Invalid URL 'backup.supersami.com/api/backup/scraping-job/': No scheme supplied. Perhaps you meant https://backup.supersami.com/api/backup/scraping-job/?
2025-04-17 23:52:44,935 - sitescrapers.management.commands.sync_jobs_to_sdb - ERROR - [sync_jobs_to_sdb.py:149] - Failed to sync ScrapingJob PK=105: Invalid URL 'backup.supersami.com/api/backup/scraping-job/': No scheme supplied. Perhaps you meant https://backup.supersami.com/api/backup/scraping-job/?
Traceback (most recent call last):
  File "/Users/i/Documents/work/scraper/sitescrapers/management/commands/sync_jobs_to_sdb.py", line 125, in handle
    response = requests.post(sdb_api_url, json=payload, timeout=30)
  File "/Users/i/Library/Python/3.9/lib/python/site-packages/requests/api.py", line 115, in post
    return request("post", url, data=data, json=json, **kwargs)
  File "/Users/i/Library/Python/3.9/lib/python/site-packages/requests/api.py", line 59, in request
    return session.request(method=method, url=url, **kwargs)
  File "/Users/i/Library/Python/3.9/lib/python/site-packages/requests/sessions.py", line 575, in request
    prep = self.prepare_request(req)
  File "/Users/i/Library/Python/3.9/lib/python/site-packages/requests/sessions.py", line 484, in prepare_request
    p.prepare(
  File "/Users/i/Library/Python/3.9/lib/python/site-packages/requests/models.py", line 367, in prepare
    self.prepare_url(url, params)
  File "/Users/i/Library/Python/3.9/lib/python/site-packages/requests/models.py", line 438, in prepare_url
    raise MissingSchema(
requests.exceptions.MissingSchema: Invalid URL 'backup.supersami.com/api/backup/scraping-job/': No scheme supplied. Perhaps you meant https://backup.supersami.com/api/backup/scraping-job/?
2025-04-17 23:52:44,991 - sitescrapers.management.commands.sync_jobs_to_sdb - ERROR - [sync_jobs_to_sdb.py:149] - Failed to sync ScrapingJob PK=106: Invalid URL 'backup.supersami.com/api/backup/scraping-job/': No scheme supplied. Perhaps you meant https://backup.supersami.com/api/backup/scraping-job/?
Traceback (most recent call last):
  File "/Users/i/Documents/work/scraper/sitescrapers/management/commands/sync_jobs_to_sdb.py", line 125, in handle
    response = requests.post(sdb_api_url, json=payload, timeout=30)
  File "/Users/i/Library/Python/3.9/lib/python/site-packages/requests/api.py", line 115, in post
    return request("post", url, data=data, json=json, **kwargs)
  File "/Users/i/Library/Python/3.9/lib/python/site-packages/requests/api.py", line 59, in request
    return session.request(method=method, url=url, **kwargs)
  File "/Users/i/Library/Python/3.9/lib/python/site-packages/requests/sessions.py", line 575, in request
    prep = self.prepare_request(req)
  File "/Users/i/Library/Python/3.9/lib/python/site-packages/requests/sessions.py", line 484, in prepare_request
    p.prepare(
  File "/Users/i/Library/Python/3.9/lib/python/site-packages/requests/models.py", line 367, in prepare
    self.prepare_url(url, params)
  File "/Users/i/Library/Python/3.9/lib/python/site-packages/requests/models.py", line 438, in prepare_url
    raise MissingSchema(
requests.exceptions.MissingSchema: Invalid URL 'backup.supersami.com/api/backup/scraping-job/': No scheme supplied. Perhaps you meant https://backup.supersami.com/api/backup/scraping-job/?
2025-04-17 23:52:45,048 - sitescrapers.management.commands.sync_jobs_to_sdb - ERROR - [sync_jobs_to_sdb.py:149] - Failed to sync ScrapingJob PK=107: Invalid URL 'backup.supersami.com/api/backup/scraping-job/': No scheme supplied. Perhaps you meant https://backup.supersami.com/api/backup/scraping-job/?
Traceback (most recent call last):
  File "/Users/i/Documents/work/scraper/sitescrapers/management/commands/sync_jobs_to_sdb.py", line 125, in handle
    response = requests.post(sdb_api_url, json=payload, timeout=30)
  File "/Users/i/Library/Python/3.9/lib/python/site-packages/requests/api.py", line 115, in post
    return request("post", url, data=data, json=json, **kwargs)
  File "/Users/i/Library/Python/3.9/lib/python/site-packages/requests/api.py", line 59, in request
    return session.request(method=method, url=url, **kwargs)
  File "/Users/i/Library/Python/3.9/lib/python/site-packages/requests/sessions.py", line 575, in request
    prep = self.prepare_request(req)
  File "/Users/i/Library/Python/3.9/lib/python/site-packages/requests/sessions.py", line 484, in prepare_request
    p.prepare(
  File "/Users/i/Library/Python/3.9/lib/python/site-packages/requests/models.py", line 367, in prepare
    self.prepare_url(url, params)
  File "/Users/i/Library/Python/3.9/lib/python/site-packages/requests/models.py", line 438, in prepare_url
    raise MissingSchema(
requests.exceptions.MissingSchema: Invalid URL 'backup.supersami.com/api/backup/scraping-job/': No scheme supplied. Perhaps you meant https://backup.supersami.com/api/backup/scraping-job/?
2025-04-17 23:52:45,105 - sitescrapers.management.commands.sync_jobs_to_sdb - ERROR - [sync_jobs_to_sdb.py:149] - Failed to sync ScrapingJob PK=108: Invalid URL 'backup.supersami.com/api/backup/scraping-job/': No scheme supplied. Perhaps you meant https://backup.supersami.com/api/backup/scraping-job/?
Traceback (most recent call last):
  File "/Users/i/Documents/work/scraper/sitescrapers/management/commands/sync_jobs_to_sdb.py", line 125, in handle
    response = requests.post(sdb_api_url, json=payload, timeout=30)
  File "/Users/i/Library/Python/3.9/lib/python/site-packages/requests/api.py", line 115, in post
    return request("post", url, data=data, json=json, **kwargs)
  File "/Users/i/Library/Python/3.9/lib/python/site-packages/requests/api.py", line 59, in request
    return session.request(method=method, url=url, **kwargs)
  File "/Users/i/Library/Python/3.9/lib/python/site-packages/requests/sessions.py", line 575, in request
    prep = self.prepare_request(req)
  File "/Users/i/Library/Python/3.9/lib/python/site-packages/requests/sessions.py", line 484, in prepare_request
    p.prepare(
  File "/Users/i/Library/Python/3.9/lib/python/site-packages/requests/models.py", line 367, in prepare
    self.prepare_url(url, params)
  File "/Users/i/Library/Python/3.9/lib/python/site-packages/requests/models.py", line 438, in prepare_url
    raise MissingSchema(
requests.exceptions.MissingSchema: Invalid URL 'backup.supersami.com/api/backup/scraping-job/': No scheme supplied. Perhaps you meant https://backup.supersami.com/api/backup/scraping-job/?
2025-04-17 23:52:45,162 - sitescrapers.management.commands.sync_jobs_to_sdb - ERROR - [sync_jobs_to_sdb.py:149] - Failed to sync ScrapingJob PK=109: Invalid URL 'backup.supersami.com/api/backup/scraping-job/': No scheme supplied. Perhaps you meant https://backup.supersami.com/api/backup/scraping-job/?
Traceback (most recent call last):
  File "/Users/i/Documents/work/scraper/sitescrapers/management/commands/sync_jobs_to_sdb.py", line 125, in handle
    response = requests.post(sdb_api_url, json=payload, timeout=30)
  File "/Users/i/Library/Python/3.9/lib/python/site-packages/requests/api.py", line 115, in post
    return request("post", url, data=data, json=json, **kwargs)
  File "/Users/i/Library/Python/3.9/lib/python/site-packages/requests/api.py", line 59, in request
    return session.request(method=method, url=url, **kwargs)
  File "/Users/i/Library/Python/3.9/lib/python/site-packages/requests/sessions.py", line 575, in request
    prep = self.prepare_request(req)
  File "/Users/i/Library/Python/3.9/lib/python/site-packages/requests/sessions.py", line 484, in prepare_request
    p.prepare(
  File "/Users/i/Library/Python/3.9/lib/python/site-packages/requests/models.py", line 367, in prepare
    self.prepare_url(url, params)
  File "/Users/i/Library/Python/3.9/lib/python/site-packages/requests/models.py", line 438, in prepare_url
    raise MissingSchema(
requests.exceptions.MissingSchema: Invalid URL 'backup.supersami.com/api/backup/scraping-job/': No scheme supplied. Perhaps you meant https://backup.supersami.com/api/backup/scraping-job/?
2025-04-17 23:52:45,218 - sitescrapers.management.commands.sync_jobs_to_sdb - ERROR - [sync_jobs_to_sdb.py:149] - Failed to sync ScrapingJob PK=110: Invalid URL 'backup.supersami.com/api/backup/scraping-job/': No scheme supplied. Perhaps you meant https://backup.supersami.com/api/backup/scraping-job/?
Traceback (most recent call last):
  File "/Users/i/Documents/work/scraper/sitescrapers/management/commands/sync_jobs_to_sdb.py", line 125, in handle
    response = requests.post(sdb_api_url, json=payload, timeout=30)
  File "/Users/i/Library/Python/3.9/lib/python/site-packages/requests/api.py", line 115, in post
    return request("post", url, data=data, json=json, **kwargs)
  File "/Users/i/Library/Python/3.9/lib/python/site-packages/requests/api.py", line 59, in request
    return session.request(method=method, url=url, **kwargs)
  File "/Users/i/Library/Python/3.9/lib/python/site-packages/requests/sessions.py", line 575, in request
    prep = self.prepare_request(req)
  File "/Users/i/Library/Python/3.9/lib/python/site-packages/requests/sessions.py", line 484, in prepare_request
    p.prepare(
  File "/Users/i/Library/Python/3.9/lib/python/site-packages/requests/models.py", line 367, in prepare
    self.prepare_url(url, params)
  File "/Users/i/Library/Python/3.9/lib/python/site-packages/requests/models.py", line 438, in prepare_url
    raise MissingSchema(
requests.exceptions.MissingSchema: Invalid URL 'backup.supersami.com/api/backup/scraping-job/': No scheme supplied. Perhaps you meant https://backup.supersami.com/api/backup/scraping-job/?
2025-04-17 23:52:45,274 - sitescrapers.management.commands.sync_jobs_to_sdb - ERROR - [sync_jobs_to_sdb.py:149] - Failed to sync ScrapingJob PK=111: Invalid URL 'backup.supersami.com/api/backup/scraping-job/': No scheme supplied. Perhaps you meant https://backup.supersami.com/api/backup/scraping-job/?
Traceback (most recent call last):
  File "/Users/i/Documents/work/scraper/sitescrapers/management/commands/sync_jobs_to_sdb.py", line 125, in handle
    response = requests.post(sdb_api_url, json=payload, timeout=30)
  File "/Users/i/Library/Python/3.9/lib/python/site-packages/requests/api.py", line 115, in post
    return request("post", url, data=data, json=json, **kwargs)
  File "/Users/i/Library/Python/3.9/lib/python/site-packages/requests/api.py", line 59, in request
    return session.request(method=method, url=url, **kwargs)
  File "/Users/i/Library/Python/3.9/lib/python/site-packages/requests/sessions.py", line 575, in request
    prep = self.prepare_request(req)
  File "/Users/i/Library/Python/3.9/lib/python/site-packages/requests/sessions.py", line 484, in prepare_request
    p.prepare(
  File "/Users/i/Library/Python/3.9/lib/python/site-packages/requests/models.py", line 367, in prepare
    self.prepare_url(url, params)
  File "/Users/i/Library/Python/3.9/lib/python/site-packages/requests/models.py", line 438, in prepare_url
    raise MissingSchema(
requests.exceptions.MissingSchema: Invalid URL 'backup.supersami.com/api/backup/scraping-job/': No scheme supplied. Perhaps you meant https://backup.supersami.com/api/backup/scraping-job/?
2025-04-17 23:52:45,329 - sitescrapers.management.commands.sync_jobs_to_sdb - ERROR - [sync_jobs_to_sdb.py:149] - Failed to sync ScrapingJob PK=112: Invalid URL 'backup.supersami.com/api/backup/scraping-job/': No scheme supplied. Perhaps you meant https://backup.supersami.com/api/backup/scraping-job/?
Traceback (most recent call last):
  File "/Users/i/Documents/work/scraper/sitescrapers/management/commands/sync_jobs_to_sdb.py", line 125, in handle
    response = requests.post(sdb_api_url, json=payload, timeout=30)
  File "/Users/i/Library/Python/3.9/lib/python/site-packages/requests/api.py", line 115, in post
    return request("post", url, data=data, json=json, **kwargs)
  File "/Users/i/Library/Python/3.9/lib/python/site-packages/requests/api.py", line 59, in request
    return session.request(method=method, url=url, **kwargs)
  File "/Users/i/Library/Python/3.9/lib/python/site-packages/requests/sessions.py", line 575, in request
    prep = self.prepare_request(req)
  File "/Users/i/Library/Python/3.9/lib/python/site-packages/requests/sessions.py", line 484, in prepare_request
    p.prepare(
  File "/Users/i/Library/Python/3.9/lib/python/site-packages/requests/models.py", line 367, in prepare
    self.prepare_url(url, params)
  File "/Users/i/Library/Python/3.9/lib/python/site-packages/requests/models.py", line 438, in prepare_url
    raise MissingSchema(
requests.exceptions.MissingSchema: Invalid URL 'backup.supersami.com/api/backup/scraping-job/': No scheme supplied. Perhaps you meant https://backup.supersami.com/api/backup/scraping-job/?
2025-04-17 23:52:45,385 - sitescrapers.management.commands.sync_jobs_to_sdb - ERROR - [sync_jobs_to_sdb.py:149] - Failed to sync ScrapingJob PK=113: Invalid URL 'backup.supersami.com/api/backup/scraping-job/': No scheme supplied. Perhaps you meant https://backup.supersami.com/api/backup/scraping-job/?
Traceback (most recent call last):
  File "/Users/i/Documents/work/scraper/sitescrapers/management/commands/sync_jobs_to_sdb.py", line 125, in handle
    response = requests.post(sdb_api_url, json=payload, timeout=30)
  File "/Users/i/Library/Python/3.9/lib/python/site-packages/requests/api.py", line 115, in post
    return request("post", url, data=data, json=json, **kwargs)
  File "/Users/i/Library/Python/3.9/lib/python/site-packages/requests/api.py", line 59, in request
    return session.request(method=method, url=url, **kwargs)
  File "/Users/i/Library/Python/3.9/lib/python/site-packages/requests/sessions.py", line 575, in request
    prep = self.prepare_request(req)
  File "/Users/i/Library/Python/3.9/lib/python/site-packages/requests/sessions.py", line 484, in prepare_request
    p.prepare(
  File "/Users/i/Library/Python/3.9/lib/python/site-packages/requests/models.py", line 367, in prepare
    self.prepare_url(url, params)
  File "/Users/i/Library/Python/3.9/lib/python/site-packages/requests/models.py", line 438, in prepare_url
    raise MissingSchema(
requests.exceptions.MissingSchema: Invalid URL 'backup.supersami.com/api/backup/scraping-job/': No scheme supplied. Perhaps you meant https://backup.supersami.com/api/backup/scraping-job/?
2025-04-17 23:52:45,440 - sitescrapers.management.commands.sync_jobs_to_sdb - ERROR - [sync_jobs_to_sdb.py:149] - Failed to sync ScrapingJob PK=114: Invalid URL 'backup.supersami.com/api/backup/scraping-job/': No scheme supplied. Perhaps you meant https://backup.supersami.com/api/backup/scraping-job/?
Traceback (most recent call last):
  File "/Users/i/Documents/work/scraper/sitescrapers/management/commands/sync_jobs_to_sdb.py", line 125, in handle
    response = requests.post(sdb_api_url, json=payload, timeout=30)
  File "/Users/i/Library/Python/3.9/lib/python/site-packages/requests/api.py", line 115, in post
    return request("post", url, data=data, json=json, **kwargs)
  File "/Users/i/Library/Python/3.9/lib/python/site-packages/requests/api.py", line 59, in request
    return session.request(method=method, url=url, **kwargs)
  File "/Users/i/Library/Python/3.9/lib/python/site-packages/requests/sessions.py", line 575, in request
    prep = self.prepare_request(req)
  File "/Users/i/Library/Python/3.9/lib/python/site-packages/requests/sessions.py", line 484, in prepare_request
    p.prepare(
  File "/Users/i/Library/Python/3.9/lib/python/site-packages/requests/models.py", line 367, in prepare
    self.prepare_url(url, params)
  File "/Users/i/Library/Python/3.9/lib/python/site-packages/requests/models.py", line 438, in prepare_url
    raise MissingSchema(
requests.exceptions.MissingSchema: Invalid URL 'backup.supersami.com/api/backup/scraping-job/': No scheme supplied. Perhaps you meant https://backup.supersami.com/api/backup/scraping-job/?
2025-04-17 23:52:45,493 - sitescrapers.management.commands.sync_jobs_to_sdb - ERROR - [sync_jobs_to_sdb.py:149] - Failed to sync ScrapingJob PK=115: Invalid URL 'backup.supersami.com/api/backup/scraping-job/': No scheme supplied. Perhaps you meant https://backup.supersami.com/api/backup/scraping-job/?
Traceback (most recent call last):
  File "/Users/i/Documents/work/scraper/sitescrapers/management/commands/sync_jobs_to_sdb.py", line 125, in handle
    response = requests.post(sdb_api_url, json=payload, timeout=30)
  File "/Users/i/Library/Python/3.9/lib/python/site-packages/requests/api.py", line 115, in post
    return request("post", url, data=data, json=json, **kwargs)
  File "/Users/i/Library/Python/3.9/lib/python/site-packages/requests/api.py", line 59, in request
    return session.request(method=method, url=url, **kwargs)
  File "/Users/i/Library/Python/3.9/lib/python/site-packages/requests/sessions.py", line 575, in request
    prep = self.prepare_request(req)
  File "/Users/i/Library/Python/3.9/lib/python/site-packages/requests/sessions.py", line 484, in prepare_request
    p.prepare(
  File "/Users/i/Library/Python/3.9/lib/python/site-packages/requests/models.py", line 367, in prepare
    self.prepare_url(url, params)
  File "/Users/i/Library/Python/3.9/lib/python/site-packages/requests/models.py", line 438, in prepare_url
    raise MissingSchema(
requests.exceptions.MissingSchema: Invalid URL 'backup.supersami.com/api/backup/scraping-job/': No scheme supplied. Perhaps you meant https://backup.supersami.com/api/backup/scraping-job/?
2025-04-17 23:52:45,545 - sitescrapers.management.commands.sync_jobs_to_sdb - ERROR - [sync_jobs_to_sdb.py:149] - Failed to sync ScrapingJob PK=116: Invalid URL 'backup.supersami.com/api/backup/scraping-job/': No scheme supplied. Perhaps you meant https://backup.supersami.com/api/backup/scraping-job/?
Traceback (most recent call last):
  File "/Users/i/Documents/work/scraper/sitescrapers/management/commands/sync_jobs_to_sdb.py", line 125, in handle
    response = requests.post(sdb_api_url, json=payload, timeout=30)
  File "/Users/i/Library/Python/3.9/lib/python/site-packages/requests/api.py", line 115, in post
    return request("post", url, data=data, json=json, **kwargs)
  File "/Users/i/Library/Python/3.9/lib/python/site-packages/requests/api.py", line 59, in request
    return session.request(method=method, url=url, **kwargs)
  File "/Users/i/Library/Python/3.9/lib/python/site-packages/requests/sessions.py", line 575, in request
    prep = self.prepare_request(req)
  File "/Users/i/Library/Python/3.9/lib/python/site-packages/requests/sessions.py", line 484, in prepare_request
    p.prepare(
  File "/Users/i/Library/Python/3.9/lib/python/site-packages/requests/models.py", line 367, in prepare
    self.prepare_url(url, params)
  File "/Users/i/Library/Python/3.9/lib/python/site-packages/requests/models.py", line 438, in prepare_url
    raise MissingSchema(
requests.exceptions.MissingSchema: Invalid URL 'backup.supersami.com/api/backup/scraping-job/': No scheme supplied. Perhaps you meant https://backup.supersami.com/api/backup/scraping-job/?
2025-04-17 23:52:45,602 - sitescrapers.management.commands.sync_jobs_to_sdb - ERROR - [sync_jobs_to_sdb.py:149] - Failed to sync ScrapingJob PK=117: Invalid URL 'backup.supersami.com/api/backup/scraping-job/': No scheme supplied. Perhaps you meant https://backup.supersami.com/api/backup/scraping-job/?
Traceback (most recent call last):
  File "/Users/i/Documents/work/scraper/sitescrapers/management/commands/sync_jobs_to_sdb.py", line 125, in handle
    response = requests.post(sdb_api_url, json=payload, timeout=30)
  File "/Users/i/Library/Python/3.9/lib/python/site-packages/requests/api.py", line 115, in post
    return request("post", url, data=data, json=json, **kwargs)
  File "/Users/i/Library/Python/3.9/lib/python/site-packages/requests/api.py", line 59, in request
    return session.request(method=method, url=url, **kwargs)
  File "/Users/i/Library/Python/3.9/lib/python/site-packages/requests/sessions.py", line 575, in request
    prep = self.prepare_request(req)
  File "/Users/i/Library/Python/3.9/lib/python/site-packages/requests/sessions.py", line 484, in prepare_request
    p.prepare(
  File "/Users/i/Library/Python/3.9/lib/python/site-packages/requests/models.py", line 367, in prepare
    self.prepare_url(url, params)
  File "/Users/i/Library/Python/3.9/lib/python/site-packages/requests/models.py", line 438, in prepare_url
    raise MissingSchema(
requests.exceptions.MissingSchema: Invalid URL 'backup.supersami.com/api/backup/scraping-job/': No scheme supplied. Perhaps you meant https://backup.supersami.com/api/backup/scraping-job/?
2025-04-17 23:52:45,656 - sitescrapers.management.commands.sync_jobs_to_sdb - ERROR - [sync_jobs_to_sdb.py:149] - Failed to sync ScrapingJob PK=118: Invalid URL 'backup.supersami.com/api/backup/scraping-job/': No scheme supplied. Perhaps you meant https://backup.supersami.com/api/backup/scraping-job/?
Traceback (most recent call last):
  File "/Users/i/Documents/work/scraper/sitescrapers/management/commands/sync_jobs_to_sdb.py", line 125, in handle
    response = requests.post(sdb_api_url, json=payload, timeout=30)
  File "/Users/i/Library/Python/3.9/lib/python/site-packages/requests/api.py", line 115, in post
    return request("post", url, data=data, json=json, **kwargs)
  File "/Users/i/Library/Python/3.9/lib/python/site-packages/requests/api.py", line 59, in request
    return session.request(method=method, url=url, **kwargs)
  File "/Users/i/Library/Python/3.9/lib/python/site-packages/requests/sessions.py", line 575, in request
    prep = self.prepare_request(req)
  File "/Users/i/Library/Python/3.9/lib/python/site-packages/requests/sessions.py", line 484, in prepare_request
    p.prepare(
  File "/Users/i/Library/Python/3.9/lib/python/site-packages/requests/models.py", line 367, in prepare
    self.prepare_url(url, params)
  File "/Users/i/Library/Python/3.9/lib/python/site-packages/requests/models.py", line 438, in prepare_url
    raise MissingSchema(
requests.exceptions.MissingSchema: Invalid URL 'backup.supersami.com/api/backup/scraping-job/': No scheme supplied. Perhaps you meant https://backup.supersami.com/api/backup/scraping-job/?
2025-04-17 23:52:45,712 - sitescrapers.management.commands.sync_jobs_to_sdb - ERROR - [sync_jobs_to_sdb.py:149] - Failed to sync ScrapingJob PK=119: Invalid URL 'backup.supersami.com/api/backup/scraping-job/': No scheme supplied. Perhaps you meant https://backup.supersami.com/api/backup/scraping-job/?
Traceback (most recent call last):
  File "/Users/i/Documents/work/scraper/sitescrapers/management/commands/sync_jobs_to_sdb.py", line 125, in handle
    response = requests.post(sdb_api_url, json=payload, timeout=30)
  File "/Users/i/Library/Python/3.9/lib/python/site-packages/requests/api.py", line 115, in post
    return request("post", url, data=data, json=json, **kwargs)
  File "/Users/i/Library/Python/3.9/lib/python/site-packages/requests/api.py", line 59, in request
    return session.request(method=method, url=url, **kwargs)
  File "/Users/i/Library/Python/3.9/lib/python/site-packages/requests/sessions.py", line 575, in request
    prep = self.prepare_request(req)
  File "/Users/i/Library/Python/3.9/lib/python/site-packages/requests/sessions.py", line 484, in prepare_request
    p.prepare(
  File "/Users/i/Library/Python/3.9/lib/python/site-packages/requests/models.py", line 367, in prepare
    self.prepare_url(url, params)
  File "/Users/i/Library/Python/3.9/lib/python/site-packages/requests/models.py", line 438, in prepare_url
    raise MissingSchema(
requests.exceptions.MissingSchema: Invalid URL 'backup.supersami.com/api/backup/scraping-job/': No scheme supplied. Perhaps you meant https://backup.supersami.com/api/backup/scraping-job/?
2025-04-17 23:52:45,765 - sitescrapers.management.commands.sync_jobs_to_sdb - ERROR - [sync_jobs_to_sdb.py:149] - Failed to sync ScrapingJob PK=120: Invalid URL 'backup.supersami.com/api/backup/scraping-job/': No scheme supplied. Perhaps you meant https://backup.supersami.com/api/backup/scraping-job/?
Traceback (most recent call last):
  File "/Users/i/Documents/work/scraper/sitescrapers/management/commands/sync_jobs_to_sdb.py", line 125, in handle
    response = requests.post(sdb_api_url, json=payload, timeout=30)
  File "/Users/i/Library/Python/3.9/lib/python/site-packages/requests/api.py", line 115, in post
    return request("post", url, data=data, json=json, **kwargs)
  File "/Users/i/Library/Python/3.9/lib/python/site-packages/requests/api.py", line 59, in request
    return session.request(method=method, url=url, **kwargs)
  File "/Users/i/Library/Python/3.9/lib/python/site-packages/requests/sessions.py", line 575, in request
    prep = self.prepare_request(req)
  File "/Users/i/Library/Python/3.9/lib/python/site-packages/requests/sessions.py", line 484, in prepare_request
    p.prepare(
  File "/Users/i/Library/Python/3.9/lib/python/site-packages/requests/models.py", line 367, in prepare
    self.prepare_url(url, params)
  File "/Users/i/Library/Python/3.9/lib/python/site-packages/requests/models.py", line 438, in prepare_url
    raise MissingSchema(
requests.exceptions.MissingSchema: Invalid URL 'backup.supersami.com/api/backup/scraping-job/': No scheme supplied. Perhaps you meant https://backup.supersami.com/api/backup/scraping-job/?
2025-04-17 23:52:45,821 - sitescrapers.management.commands.sync_jobs_to_sdb - ERROR - [sync_jobs_to_sdb.py:149] - Failed to sync ScrapingJob PK=121: Invalid URL 'backup.supersami.com/api/backup/scraping-job/': No scheme supplied. Perhaps you meant https://backup.supersami.com/api/backup/scraping-job/?
Traceback (most recent call last):
  File "/Users/i/Documents/work/scraper/sitescrapers/management/commands/sync_jobs_to_sdb.py", line 125, in handle
    response = requests.post(sdb_api_url, json=payload, timeout=30)
  File "/Users/i/Library/Python/3.9/lib/python/site-packages/requests/api.py", line 115, in post
    return request("post", url, data=data, json=json, **kwargs)
  File "/Users/i/Library/Python/3.9/lib/python/site-packages/requests/api.py", line 59, in request
    return session.request(method=method, url=url, **kwargs)
  File "/Users/i/Library/Python/3.9/lib/python/site-packages/requests/sessions.py", line 575, in request
    prep = self.prepare_request(req)
  File "/Users/i/Library/Python/3.9/lib/python/site-packages/requests/sessions.py", line 484, in prepare_request
    p.prepare(
  File "/Users/i/Library/Python/3.9/lib/python/site-packages/requests/models.py", line 367, in prepare
    self.prepare_url(url, params)
  File "/Users/i/Library/Python/3.9/lib/python/site-packages/requests/models.py", line 438, in prepare_url
    raise MissingSchema(
requests.exceptions.MissingSchema: Invalid URL 'backup.supersami.com/api/backup/scraping-job/': No scheme supplied. Perhaps you meant https://backup.supersami.com/api/backup/scraping-job/?
2025-04-17 23:52:45,877 - sitescrapers.management.commands.sync_jobs_to_sdb - ERROR - [sync_jobs_to_sdb.py:149] - Failed to sync ScrapingJob PK=122: Invalid URL 'backup.supersami.com/api/backup/scraping-job/': No scheme supplied. Perhaps you meant https://backup.supersami.com/api/backup/scraping-job/?
Traceback (most recent call last):
  File "/Users/i/Documents/work/scraper/sitescrapers/management/commands/sync_jobs_to_sdb.py", line 125, in handle
    response = requests.post(sdb_api_url, json=payload, timeout=30)
  File "/Users/i/Library/Python/3.9/lib/python/site-packages/requests/api.py", line 115, in post
    return request("post", url, data=data, json=json, **kwargs)
  File "/Users/i/Library/Python/3.9/lib/python/site-packages/requests/api.py", line 59, in request
    return session.request(method=method, url=url, **kwargs)
  File "/Users/i/Library/Python/3.9/lib/python/site-packages/requests/sessions.py", line 575, in request
    prep = self.prepare_request(req)
  File "/Users/i/Library/Python/3.9/lib/python/site-packages/requests/sessions.py", line 484, in prepare_request
    p.prepare(
  File "/Users/i/Library/Python/3.9/lib/python/site-packages/requests/models.py", line 367, in prepare
    self.prepare_url(url, params)
  File "/Users/i/Library/Python/3.9/lib/python/site-packages/requests/models.py", line 438, in prepare_url
    raise MissingSchema(
requests.exceptions.MissingSchema: Invalid URL 'backup.supersami.com/api/backup/scraping-job/': No scheme supplied. Perhaps you meant https://backup.supersami.com/api/backup/scraping-job/?
2025-04-17 23:52:45,934 - sitescrapers.management.commands.sync_jobs_to_sdb - ERROR - [sync_jobs_to_sdb.py:149] - Failed to sync ScrapingJob PK=123: Invalid URL 'backup.supersami.com/api/backup/scraping-job/': No scheme supplied. Perhaps you meant https://backup.supersami.com/api/backup/scraping-job/?
Traceback (most recent call last):
  File "/Users/i/Documents/work/scraper/sitescrapers/management/commands/sync_jobs_to_sdb.py", line 125, in handle
    response = requests.post(sdb_api_url, json=payload, timeout=30)
  File "/Users/i/Library/Python/3.9/lib/python/site-packages/requests/api.py", line 115, in post
    return request("post", url, data=data, json=json, **kwargs)
  File "/Users/i/Library/Python/3.9/lib/python/site-packages/requests/api.py", line 59, in request
    return session.request(method=method, url=url, **kwargs)
  File "/Users/i/Library/Python/3.9/lib/python/site-packages/requests/sessions.py", line 575, in request
    prep = self.prepare_request(req)
  File "/Users/i/Library/Python/3.9/lib/python/site-packages/requests/sessions.py", line 484, in prepare_request
    p.prepare(
  File "/Users/i/Library/Python/3.9/lib/python/site-packages/requests/models.py", line 367, in prepare
    self.prepare_url(url, params)
  File "/Users/i/Library/Python/3.9/lib/python/site-packages/requests/models.py", line 438, in prepare_url
    raise MissingSchema(
requests.exceptions.MissingSchema: Invalid URL 'backup.supersami.com/api/backup/scraping-job/': No scheme supplied. Perhaps you meant https://backup.supersami.com/api/backup/scraping-job/?
2025-04-17 23:52:45,990 - sitescrapers.management.commands.sync_jobs_to_sdb - ERROR - [sync_jobs_to_sdb.py:149] - Failed to sync ScrapingJob PK=124: Invalid URL 'backup.supersami.com/api/backup/scraping-job/': No scheme supplied. Perhaps you meant https://backup.supersami.com/api/backup/scraping-job/?
Traceback (most recent call last):
  File "/Users/i/Documents/work/scraper/sitescrapers/management/commands/sync_jobs_to_sdb.py", line 125, in handle
    response = requests.post(sdb_api_url, json=payload, timeout=30)
  File "/Users/i/Library/Python/3.9/lib/python/site-packages/requests/api.py", line 115, in post
    return request("post", url, data=data, json=json, **kwargs)
  File "/Users/i/Library/Python/3.9/lib/python/site-packages/requests/api.py", line 59, in request
    return session.request(method=method, url=url, **kwargs)
  File "/Users/i/Library/Python/3.9/lib/python/site-packages/requests/sessions.py", line 575, in request
    prep = self.prepare_request(req)
  File "/Users/i/Library/Python/3.9/lib/python/site-packages/requests/sessions.py", line 484, in prepare_request
    p.prepare(
  File "/Users/i/Library/Python/3.9/lib/python/site-packages/requests/models.py", line 367, in prepare
    self.prepare_url(url, params)
  File "/Users/i/Library/Python/3.9/lib/python/site-packages/requests/models.py", line 438, in prepare_url
    raise MissingSchema(
requests.exceptions.MissingSchema: Invalid URL 'backup.supersami.com/api/backup/scraping-job/': No scheme supplied. Perhaps you meant https://backup.supersami.com/api/backup/scraping-job/?
2025-04-17 23:52:46,045 - sitescrapers.management.commands.sync_jobs_to_sdb - ERROR - [sync_jobs_to_sdb.py:149] - Failed to sync ScrapingJob PK=125: Invalid URL 'backup.supersami.com/api/backup/scraping-job/': No scheme supplied. Perhaps you meant https://backup.supersami.com/api/backup/scraping-job/?
Traceback (most recent call last):
  File "/Users/i/Documents/work/scraper/sitescrapers/management/commands/sync_jobs_to_sdb.py", line 125, in handle
    response = requests.post(sdb_api_url, json=payload, timeout=30)
  File "/Users/i/Library/Python/3.9/lib/python/site-packages/requests/api.py", line 115, in post
    return request("post", url, data=data, json=json, **kwargs)
  File "/Users/i/Library/Python/3.9/lib/python/site-packages/requests/api.py", line 59, in request
    return session.request(method=method, url=url, **kwargs)
  File "/Users/i/Library/Python/3.9/lib/python/site-packages/requests/sessions.py", line 575, in request
    prep = self.prepare_request(req)
  File "/Users/i/Library/Python/3.9/lib/python/site-packages/requests/sessions.py", line 484, in prepare_request
    p.prepare(
  File "/Users/i/Library/Python/3.9/lib/python/site-packages/requests/models.py", line 367, in prepare
    self.prepare_url(url, params)
  File "/Users/i/Library/Python/3.9/lib/python/site-packages/requests/models.py", line 438, in prepare_url
    raise MissingSchema(
requests.exceptions.MissingSchema: Invalid URL 'backup.supersami.com/api/backup/scraping-job/': No scheme supplied. Perhaps you meant https://backup.supersami.com/api/backup/scraping-job/?
2025-04-17 23:52:46,097 - sitescrapers.management.commands.sync_jobs_to_sdb - ERROR - [sync_jobs_to_sdb.py:149] - Failed to sync ScrapingJob PK=126: Invalid URL 'backup.supersami.com/api/backup/scraping-job/': No scheme supplied. Perhaps you meant https://backup.supersami.com/api/backup/scraping-job/?
Traceback (most recent call last):
  File "/Users/i/Documents/work/scraper/sitescrapers/management/commands/sync_jobs_to_sdb.py", line 125, in handle
    response = requests.post(sdb_api_url, json=payload, timeout=30)
  File "/Users/i/Library/Python/3.9/lib/python/site-packages/requests/api.py", line 115, in post
    return request("post", url, data=data, json=json, **kwargs)
  File "/Users/i/Library/Python/3.9/lib/python/site-packages/requests/api.py", line 59, in request
    return session.request(method=method, url=url, **kwargs)
  File "/Users/i/Library/Python/3.9/lib/python/site-packages/requests/sessions.py", line 575, in request
    prep = self.prepare_request(req)
  File "/Users/i/Library/Python/3.9/lib/python/site-packages/requests/sessions.py", line 484, in prepare_request
    p.prepare(
  File "/Users/i/Library/Python/3.9/lib/python/site-packages/requests/models.py", line 367, in prepare
    self.prepare_url(url, params)
  File "/Users/i/Library/Python/3.9/lib/python/site-packages/requests/models.py", line 438, in prepare_url
    raise MissingSchema(
requests.exceptions.MissingSchema: Invalid URL 'backup.supersami.com/api/backup/scraping-job/': No scheme supplied. Perhaps you meant https://backup.supersami.com/api/backup/scraping-job/?
2025-04-17 23:52:46,152 - sitescrapers.management.commands.sync_jobs_to_sdb - ERROR - [sync_jobs_to_sdb.py:149] - Failed to sync ScrapingJob PK=127: Invalid URL 'backup.supersami.com/api/backup/scraping-job/': No scheme supplied. Perhaps you meant https://backup.supersami.com/api/backup/scraping-job/?
Traceback (most recent call last):
  File "/Users/i/Documents/work/scraper/sitescrapers/management/commands/sync_jobs_to_sdb.py", line 125, in handle
    response = requests.post(sdb_api_url, json=payload, timeout=30)
  File "/Users/i/Library/Python/3.9/lib/python/site-packages/requests/api.py", line 115, in post
    return request("post", url, data=data, json=json, **kwargs)
  File "/Users/i/Library/Python/3.9/lib/python/site-packages/requests/api.py", line 59, in request
    return session.request(method=method, url=url, **kwargs)
  File "/Users/i/Library/Python/3.9/lib/python/site-packages/requests/sessions.py", line 575, in request
    prep = self.prepare_request(req)
  File "/Users/i/Library/Python/3.9/lib/python/site-packages/requests/sessions.py", line 484, in prepare_request
    p.prepare(
  File "/Users/i/Library/Python/3.9/lib/python/site-packages/requests/models.py", line 367, in prepare
    self.prepare_url(url, params)
  File "/Users/i/Library/Python/3.9/lib/python/site-packages/requests/models.py", line 438, in prepare_url
    raise MissingSchema(
requests.exceptions.MissingSchema: Invalid URL 'backup.supersami.com/api/backup/scraping-job/': No scheme supplied. Perhaps you meant https://backup.supersami.com/api/backup/scraping-job/?
2025-04-17 23:52:46,209 - sitescrapers.management.commands.sync_jobs_to_sdb - ERROR - [sync_jobs_to_sdb.py:149] - Failed to sync ScrapingJob PK=128: Invalid URL 'backup.supersami.com/api/backup/scraping-job/': No scheme supplied. Perhaps you meant https://backup.supersami.com/api/backup/scraping-job/?
Traceback (most recent call last):
  File "/Users/i/Documents/work/scraper/sitescrapers/management/commands/sync_jobs_to_sdb.py", line 125, in handle
    response = requests.post(sdb_api_url, json=payload, timeout=30)
  File "/Users/i/Library/Python/3.9/lib/python/site-packages/requests/api.py", line 115, in post
    return request("post", url, data=data, json=json, **kwargs)
  File "/Users/i/Library/Python/3.9/lib/python/site-packages/requests/api.py", line 59, in request
    return session.request(method=method, url=url, **kwargs)
  File "/Users/i/Library/Python/3.9/lib/python/site-packages/requests/sessions.py", line 575, in request
    prep = self.prepare_request(req)
  File "/Users/i/Library/Python/3.9/lib/python/site-packages/requests/sessions.py", line 484, in prepare_request
    p.prepare(
  File "/Users/i/Library/Python/3.9/lib/python/site-packages/requests/models.py", line 367, in prepare
    self.prepare_url(url, params)
  File "/Users/i/Library/Python/3.9/lib/python/site-packages/requests/models.py", line 438, in prepare_url
    raise MissingSchema(
requests.exceptions.MissingSchema: Invalid URL 'backup.supersami.com/api/backup/scraping-job/': No scheme supplied. Perhaps you meant https://backup.supersami.com/api/backup/scraping-job/?
2025-04-17 23:52:46,265 - sitescrapers.management.commands.sync_jobs_to_sdb - ERROR - [sync_jobs_to_sdb.py:149] - Failed to sync ScrapingJob PK=129: Invalid URL 'backup.supersami.com/api/backup/scraping-job/': No scheme supplied. Perhaps you meant https://backup.supersami.com/api/backup/scraping-job/?
Traceback (most recent call last):
  File "/Users/i/Documents/work/scraper/sitescrapers/management/commands/sync_jobs_to_sdb.py", line 125, in handle
    response = requests.post(sdb_api_url, json=payload, timeout=30)
  File "/Users/i/Library/Python/3.9/lib/python/site-packages/requests/api.py", line 115, in post
    return request("post", url, data=data, json=json, **kwargs)
  File "/Users/i/Library/Python/3.9/lib/python/site-packages/requests/api.py", line 59, in request
    return session.request(method=method, url=url, **kwargs)
  File "/Users/i/Library/Python/3.9/lib/python/site-packages/requests/sessions.py", line 575, in request
    prep = self.prepare_request(req)
  File "/Users/i/Library/Python/3.9/lib/python/site-packages/requests/sessions.py", line 484, in prepare_request
    p.prepare(
  File "/Users/i/Library/Python/3.9/lib/python/site-packages/requests/models.py", line 367, in prepare
    self.prepare_url(url, params)
  File "/Users/i/Library/Python/3.9/lib/python/site-packages/requests/models.py", line 438, in prepare_url
    raise MissingSchema(
requests.exceptions.MissingSchema: Invalid URL 'backup.supersami.com/api/backup/scraping-job/': No scheme supplied. Perhaps you meant https://backup.supersami.com/api/backup/scraping-job/?
2025-04-17 23:52:46,318 - sitescrapers.management.commands.sync_jobs_to_sdb - ERROR - [sync_jobs_to_sdb.py:149] - Failed to sync ScrapingJob PK=130: Invalid URL 'backup.supersami.com/api/backup/scraping-job/': No scheme supplied. Perhaps you meant https://backup.supersami.com/api/backup/scraping-job/?
Traceback (most recent call last):
  File "/Users/i/Documents/work/scraper/sitescrapers/management/commands/sync_jobs_to_sdb.py", line 125, in handle
    response = requests.post(sdb_api_url, json=payload, timeout=30)
  File "/Users/i/Library/Python/3.9/lib/python/site-packages/requests/api.py", line 115, in post
    return request("post", url, data=data, json=json, **kwargs)
  File "/Users/i/Library/Python/3.9/lib/python/site-packages/requests/api.py", line 59, in request
    return session.request(method=method, url=url, **kwargs)
  File "/Users/i/Library/Python/3.9/lib/python/site-packages/requests/sessions.py", line 575, in request
    prep = self.prepare_request(req)
  File "/Users/i/Library/Python/3.9/lib/python/site-packages/requests/sessions.py", line 484, in prepare_request
    p.prepare(
  File "/Users/i/Library/Python/3.9/lib/python/site-packages/requests/models.py", line 367, in prepare
    self.prepare_url(url, params)
  File "/Users/i/Library/Python/3.9/lib/python/site-packages/requests/models.py", line 438, in prepare_url
    raise MissingSchema(
requests.exceptions.MissingSchema: Invalid URL 'backup.supersami.com/api/backup/scraping-job/': No scheme supplied. Perhaps you meant https://backup.supersami.com/api/backup/scraping-job/?
2025-04-17 23:52:46,374 - sitescrapers.management.commands.sync_jobs_to_sdb - ERROR - [sync_jobs_to_sdb.py:149] - Failed to sync ScrapingJob PK=131: Invalid URL 'backup.supersami.com/api/backup/scraping-job/': No scheme supplied. Perhaps you meant https://backup.supersami.com/api/backup/scraping-job/?
Traceback (most recent call last):
  File "/Users/i/Documents/work/scraper/sitescrapers/management/commands/sync_jobs_to_sdb.py", line 125, in handle
    response = requests.post(sdb_api_url, json=payload, timeout=30)
  File "/Users/i/Library/Python/3.9/lib/python/site-packages/requests/api.py", line 115, in post
    return request("post", url, data=data, json=json, **kwargs)
  File "/Users/i/Library/Python/3.9/lib/python/site-packages/requests/api.py", line 59, in request
    return session.request(method=method, url=url, **kwargs)
  File "/Users/i/Library/Python/3.9/lib/python/site-packages/requests/sessions.py", line 575, in request
    prep = self.prepare_request(req)
  File "/Users/i/Library/Python/3.9/lib/python/site-packages/requests/sessions.py", line 484, in prepare_request
    p.prepare(
  File "/Users/i/Library/Python/3.9/lib/python/site-packages/requests/models.py", line 367, in prepare
    self.prepare_url(url, params)
  File "/Users/i/Library/Python/3.9/lib/python/site-packages/requests/models.py", line 438, in prepare_url
    raise MissingSchema(
requests.exceptions.MissingSchema: Invalid URL 'backup.supersami.com/api/backup/scraping-job/': No scheme supplied. Perhaps you meant https://backup.supersami.com/api/backup/scraping-job/?
2025-04-17 23:52:46,430 - sitescrapers.management.commands.sync_jobs_to_sdb - ERROR - [sync_jobs_to_sdb.py:149] - Failed to sync ScrapingJob PK=132: Invalid URL 'backup.supersami.com/api/backup/scraping-job/': No scheme supplied. Perhaps you meant https://backup.supersami.com/api/backup/scraping-job/?
Traceback (most recent call last):
  File "/Users/i/Documents/work/scraper/sitescrapers/management/commands/sync_jobs_to_sdb.py", line 125, in handle
    response = requests.post(sdb_api_url, json=payload, timeout=30)
  File "/Users/i/Library/Python/3.9/lib/python/site-packages/requests/api.py", line 115, in post
    return request("post", url, data=data, json=json, **kwargs)
  File "/Users/i/Library/Python/3.9/lib/python/site-packages/requests/api.py", line 59, in request
    return session.request(method=method, url=url, **kwargs)
  File "/Users/i/Library/Python/3.9/lib/python/site-packages/requests/sessions.py", line 575, in request
    prep = self.prepare_request(req)
  File "/Users/i/Library/Python/3.9/lib/python/site-packages/requests/sessions.py", line 484, in prepare_request
    p.prepare(
  File "/Users/i/Library/Python/3.9/lib/python/site-packages/requests/models.py", line 367, in prepare
    self.prepare_url(url, params)
  File "/Users/i/Library/Python/3.9/lib/python/site-packages/requests/models.py", line 438, in prepare_url
    raise MissingSchema(
requests.exceptions.MissingSchema: Invalid URL 'backup.supersami.com/api/backup/scraping-job/': No scheme supplied. Perhaps you meant https://backup.supersami.com/api/backup/scraping-job/?
2025-04-17 23:52:46,487 - sitescrapers.management.commands.sync_jobs_to_sdb - ERROR - [sync_jobs_to_sdb.py:149] - Failed to sync ScrapingJob PK=133: Invalid URL 'backup.supersami.com/api/backup/scraping-job/': No scheme supplied. Perhaps you meant https://backup.supersami.com/api/backup/scraping-job/?
Traceback (most recent call last):
  File "/Users/i/Documents/work/scraper/sitescrapers/management/commands/sync_jobs_to_sdb.py", line 125, in handle
    response = requests.post(sdb_api_url, json=payload, timeout=30)
  File "/Users/i/Library/Python/3.9/lib/python/site-packages/requests/api.py", line 115, in post
    return request("post", url, data=data, json=json, **kwargs)
  File "/Users/i/Library/Python/3.9/lib/python/site-packages/requests/api.py", line 59, in request
    return session.request(method=method, url=url, **kwargs)
  File "/Users/i/Library/Python/3.9/lib/python/site-packages/requests/sessions.py", line 575, in request
    prep = self.prepare_request(req)
  File "/Users/i/Library/Python/3.9/lib/python/site-packages/requests/sessions.py", line 484, in prepare_request
    p.prepare(
  File "/Users/i/Library/Python/3.9/lib/python/site-packages/requests/models.py", line 367, in prepare
    self.prepare_url(url, params)
  File "/Users/i/Library/Python/3.9/lib/python/site-packages/requests/models.py", line 438, in prepare_url
    raise MissingSchema(
requests.exceptions.MissingSchema: Invalid URL 'backup.supersami.com/api/backup/scraping-job/': No scheme supplied. Perhaps you meant https://backup.supersami.com/api/backup/scraping-job/?
2025-04-17 23:52:46,542 - sitescrapers.management.commands.sync_jobs_to_sdb - ERROR - [sync_jobs_to_sdb.py:149] - Failed to sync ScrapingJob PK=134: Invalid URL 'backup.supersami.com/api/backup/scraping-job/': No scheme supplied. Perhaps you meant https://backup.supersami.com/api/backup/scraping-job/?
Traceback (most recent call last):
  File "/Users/i/Documents/work/scraper/sitescrapers/management/commands/sync_jobs_to_sdb.py", line 125, in handle
    response = requests.post(sdb_api_url, json=payload, timeout=30)
  File "/Users/i/Library/Python/3.9/lib/python/site-packages/requests/api.py", line 115, in post
    return request("post", url, data=data, json=json, **kwargs)
  File "/Users/i/Library/Python/3.9/lib/python/site-packages/requests/api.py", line 59, in request
    return session.request(method=method, url=url, **kwargs)
  File "/Users/i/Library/Python/3.9/lib/python/site-packages/requests/sessions.py", line 575, in request
    prep = self.prepare_request(req)
  File "/Users/i/Library/Python/3.9/lib/python/site-packages/requests/sessions.py", line 484, in prepare_request
    p.prepare(
  File "/Users/i/Library/Python/3.9/lib/python/site-packages/requests/models.py", line 367, in prepare
    self.prepare_url(url, params)
  File "/Users/i/Library/Python/3.9/lib/python/site-packages/requests/models.py", line 438, in prepare_url
    raise MissingSchema(
requests.exceptions.MissingSchema: Invalid URL 'backup.supersami.com/api/backup/scraping-job/': No scheme supplied. Perhaps you meant https://backup.supersami.com/api/backup/scraping-job/?
2025-04-17 23:52:46,595 - sitescrapers.management.commands.sync_jobs_to_sdb - ERROR - [sync_jobs_to_sdb.py:149] - Failed to sync ScrapingJob PK=135: Invalid URL 'backup.supersami.com/api/backup/scraping-job/': No scheme supplied. Perhaps you meant https://backup.supersami.com/api/backup/scraping-job/?
Traceback (most recent call last):
  File "/Users/i/Documents/work/scraper/sitescrapers/management/commands/sync_jobs_to_sdb.py", line 125, in handle
    response = requests.post(sdb_api_url, json=payload, timeout=30)
  File "/Users/i/Library/Python/3.9/lib/python/site-packages/requests/api.py", line 115, in post
    return request("post", url, data=data, json=json, **kwargs)
  File "/Users/i/Library/Python/3.9/lib/python/site-packages/requests/api.py", line 59, in request
    return session.request(method=method, url=url, **kwargs)
  File "/Users/i/Library/Python/3.9/lib/python/site-packages/requests/sessions.py", line 575, in request
    prep = self.prepare_request(req)
  File "/Users/i/Library/Python/3.9/lib/python/site-packages/requests/sessions.py", line 484, in prepare_request
    p.prepare(
  File "/Users/i/Library/Python/3.9/lib/python/site-packages/requests/models.py", line 367, in prepare
    self.prepare_url(url, params)
  File "/Users/i/Library/Python/3.9/lib/python/site-packages/requests/models.py", line 438, in prepare_url
    raise MissingSchema(
requests.exceptions.MissingSchema: Invalid URL 'backup.supersami.com/api/backup/scraping-job/': No scheme supplied. Perhaps you meant https://backup.supersami.com/api/backup/scraping-job/?
2025-04-17 23:52:46,651 - sitescrapers.management.commands.sync_jobs_to_sdb - ERROR - [sync_jobs_to_sdb.py:149] - Failed to sync ScrapingJob PK=136: Invalid URL 'backup.supersami.com/api/backup/scraping-job/': No scheme supplied. Perhaps you meant https://backup.supersami.com/api/backup/scraping-job/?
Traceback (most recent call last):
  File "/Users/i/Documents/work/scraper/sitescrapers/management/commands/sync_jobs_to_sdb.py", line 125, in handle
    response = requests.post(sdb_api_url, json=payload, timeout=30)
  File "/Users/i/Library/Python/3.9/lib/python/site-packages/requests/api.py", line 115, in post
    return request("post", url, data=data, json=json, **kwargs)
  File "/Users/i/Library/Python/3.9/lib/python/site-packages/requests/api.py", line 59, in request
    return session.request(method=method, url=url, **kwargs)
  File "/Users/i/Library/Python/3.9/lib/python/site-packages/requests/sessions.py", line 575, in request
    prep = self.prepare_request(req)
  File "/Users/i/Library/Python/3.9/lib/python/site-packages/requests/sessions.py", line 484, in prepare_request
    p.prepare(
  File "/Users/i/Library/Python/3.9/lib/python/site-packages/requests/models.py", line 367, in prepare
    self.prepare_url(url, params)
  File "/Users/i/Library/Python/3.9/lib/python/site-packages/requests/models.py", line 438, in prepare_url
    raise MissingSchema(
requests.exceptions.MissingSchema: Invalid URL 'backup.supersami.com/api/backup/scraping-job/': No scheme supplied. Perhaps you meant https://backup.supersami.com/api/backup/scraping-job/?
2025-04-17 23:52:46,707 - sitescrapers.management.commands.sync_jobs_to_sdb - ERROR - [sync_jobs_to_sdb.py:149] - Failed to sync ScrapingJob PK=137: Invalid URL 'backup.supersami.com/api/backup/scraping-job/': No scheme supplied. Perhaps you meant https://backup.supersami.com/api/backup/scraping-job/?
Traceback (most recent call last):
  File "/Users/i/Documents/work/scraper/sitescrapers/management/commands/sync_jobs_to_sdb.py", line 125, in handle
    response = requests.post(sdb_api_url, json=payload, timeout=30)
  File "/Users/i/Library/Python/3.9/lib/python/site-packages/requests/api.py", line 115, in post
    return request("post", url, data=data, json=json, **kwargs)
  File "/Users/i/Library/Python/3.9/lib/python/site-packages/requests/api.py", line 59, in request
    return session.request(method=method, url=url, **kwargs)
  File "/Users/i/Library/Python/3.9/lib/python/site-packages/requests/sessions.py", line 575, in request
    prep = self.prepare_request(req)
  File "/Users/i/Library/Python/3.9/lib/python/site-packages/requests/sessions.py", line 484, in prepare_request
    p.prepare(
  File "/Users/i/Library/Python/3.9/lib/python/site-packages/requests/models.py", line 367, in prepare
    self.prepare_url(url, params)
  File "/Users/i/Library/Python/3.9/lib/python/site-packages/requests/models.py", line 438, in prepare_url
    raise MissingSchema(
requests.exceptions.MissingSchema: Invalid URL 'backup.supersami.com/api/backup/scraping-job/': No scheme supplied. Perhaps you meant https://backup.supersami.com/api/backup/scraping-job/?
2025-04-17 23:52:46,763 - sitescrapers.management.commands.sync_jobs_to_sdb - ERROR - [sync_jobs_to_sdb.py:149] - Failed to sync ScrapingJob PK=138: Invalid URL 'backup.supersami.com/api/backup/scraping-job/': No scheme supplied. Perhaps you meant https://backup.supersami.com/api/backup/scraping-job/?
Traceback (most recent call last):
  File "/Users/i/Documents/work/scraper/sitescrapers/management/commands/sync_jobs_to_sdb.py", line 125, in handle
    response = requests.post(sdb_api_url, json=payload, timeout=30)
  File "/Users/i/Library/Python/3.9/lib/python/site-packages/requests/api.py", line 115, in post
    return request("post", url, data=data, json=json, **kwargs)
  File "/Users/i/Library/Python/3.9/lib/python/site-packages/requests/api.py", line 59, in request
    return session.request(method=method, url=url, **kwargs)
  File "/Users/i/Library/Python/3.9/lib/python/site-packages/requests/sessions.py", line 575, in request
    prep = self.prepare_request(req)
  File "/Users/i/Library/Python/3.9/lib/python/site-packages/requests/sessions.py", line 484, in prepare_request
    p.prepare(
  File "/Users/i/Library/Python/3.9/lib/python/site-packages/requests/models.py", line 367, in prepare
    self.prepare_url(url, params)
  File "/Users/i/Library/Python/3.9/lib/python/site-packages/requests/models.py", line 438, in prepare_url
    raise MissingSchema(
requests.exceptions.MissingSchema: Invalid URL 'backup.supersami.com/api/backup/scraping-job/': No scheme supplied. Perhaps you meant https://backup.supersami.com/api/backup/scraping-job/?
2025-04-17 23:52:46,820 - sitescrapers.management.commands.sync_jobs_to_sdb - ERROR - [sync_jobs_to_sdb.py:149] - Failed to sync ScrapingJob PK=139: Invalid URL 'backup.supersami.com/api/backup/scraping-job/': No scheme supplied. Perhaps you meant https://backup.supersami.com/api/backup/scraping-job/?
Traceback (most recent call last):
  File "/Users/i/Documents/work/scraper/sitescrapers/management/commands/sync_jobs_to_sdb.py", line 125, in handle
    response = requests.post(sdb_api_url, json=payload, timeout=30)
  File "/Users/i/Library/Python/3.9/lib/python/site-packages/requests/api.py", line 115, in post
    return request("post", url, data=data, json=json, **kwargs)
  File "/Users/i/Library/Python/3.9/lib/python/site-packages/requests/api.py", line 59, in request
    return session.request(method=method, url=url, **kwargs)
  File "/Users/i/Library/Python/3.9/lib/python/site-packages/requests/sessions.py", line 575, in request
    prep = self.prepare_request(req)
  File "/Users/i/Library/Python/3.9/lib/python/site-packages/requests/sessions.py", line 484, in prepare_request
    p.prepare(
  File "/Users/i/Library/Python/3.9/lib/python/site-packages/requests/models.py", line 367, in prepare
    self.prepare_url(url, params)
  File "/Users/i/Library/Python/3.9/lib/python/site-packages/requests/models.py", line 438, in prepare_url
    raise MissingSchema(
requests.exceptions.MissingSchema: Invalid URL 'backup.supersami.com/api/backup/scraping-job/': No scheme supplied. Perhaps you meant https://backup.supersami.com/api/backup/scraping-job/?
2025-04-17 23:52:46,875 - sitescrapers.management.commands.sync_jobs_to_sdb - ERROR - [sync_jobs_to_sdb.py:149] - Failed to sync ScrapingJob PK=140: Invalid URL 'backup.supersami.com/api/backup/scraping-job/': No scheme supplied. Perhaps you meant https://backup.supersami.com/api/backup/scraping-job/?
Traceback (most recent call last):
  File "/Users/i/Documents/work/scraper/sitescrapers/management/commands/sync_jobs_to_sdb.py", line 125, in handle
    response = requests.post(sdb_api_url, json=payload, timeout=30)
  File "/Users/i/Library/Python/3.9/lib/python/site-packages/requests/api.py", line 115, in post
    return request("post", url, data=data, json=json, **kwargs)
  File "/Users/i/Library/Python/3.9/lib/python/site-packages/requests/api.py", line 59, in request
    return session.request(method=method, url=url, **kwargs)
  File "/Users/i/Library/Python/3.9/lib/python/site-packages/requests/sessions.py", line 575, in request
    prep = self.prepare_request(req)
  File "/Users/i/Library/Python/3.9/lib/python/site-packages/requests/sessions.py", line 484, in prepare_request
    p.prepare(
  File "/Users/i/Library/Python/3.9/lib/python/site-packages/requests/models.py", line 367, in prepare
    self.prepare_url(url, params)
  File "/Users/i/Library/Python/3.9/lib/python/site-packages/requests/models.py", line 438, in prepare_url
    raise MissingSchema(
requests.exceptions.MissingSchema: Invalid URL 'backup.supersami.com/api/backup/scraping-job/': No scheme supplied. Perhaps you meant https://backup.supersami.com/api/backup/scraping-job/?
2025-04-17 23:52:46,929 - sitescrapers.management.commands.sync_jobs_to_sdb - ERROR - [sync_jobs_to_sdb.py:149] - Failed to sync ScrapingJob PK=141: Invalid URL 'backup.supersami.com/api/backup/scraping-job/': No scheme supplied. Perhaps you meant https://backup.supersami.com/api/backup/scraping-job/?
Traceback (most recent call last):
  File "/Users/i/Documents/work/scraper/sitescrapers/management/commands/sync_jobs_to_sdb.py", line 125, in handle
    response = requests.post(sdb_api_url, json=payload, timeout=30)
  File "/Users/i/Library/Python/3.9/lib/python/site-packages/requests/api.py", line 115, in post
    return request("post", url, data=data, json=json, **kwargs)
  File "/Users/i/Library/Python/3.9/lib/python/site-packages/requests/api.py", line 59, in request
    return session.request(method=method, url=url, **kwargs)
  File "/Users/i/Library/Python/3.9/lib/python/site-packages/requests/sessions.py", line 575, in request
    prep = self.prepare_request(req)
  File "/Users/i/Library/Python/3.9/lib/python/site-packages/requests/sessions.py", line 484, in prepare_request
    p.prepare(
  File "/Users/i/Library/Python/3.9/lib/python/site-packages/requests/models.py", line 367, in prepare
    self.prepare_url(url, params)
  File "/Users/i/Library/Python/3.9/lib/python/site-packages/requests/models.py", line 438, in prepare_url
    raise MissingSchema(
requests.exceptions.MissingSchema: Invalid URL 'backup.supersami.com/api/backup/scraping-job/': No scheme supplied. Perhaps you meant https://backup.supersami.com/api/backup/scraping-job/?
2025-04-17 23:52:46,986 - sitescrapers.management.commands.sync_jobs_to_sdb - ERROR - [sync_jobs_to_sdb.py:149] - Failed to sync ScrapingJob PK=142: Invalid URL 'backup.supersami.com/api/backup/scraping-job/': No scheme supplied. Perhaps you meant https://backup.supersami.com/api/backup/scraping-job/?
Traceback (most recent call last):
  File "/Users/i/Documents/work/scraper/sitescrapers/management/commands/sync_jobs_to_sdb.py", line 125, in handle
    response = requests.post(sdb_api_url, json=payload, timeout=30)
  File "/Users/i/Library/Python/3.9/lib/python/site-packages/requests/api.py", line 115, in post
    return request("post", url, data=data, json=json, **kwargs)
  File "/Users/i/Library/Python/3.9/lib/python/site-packages/requests/api.py", line 59, in request
    return session.request(method=method, url=url, **kwargs)
  File "/Users/i/Library/Python/3.9/lib/python/site-packages/requests/sessions.py", line 575, in request
    prep = self.prepare_request(req)
  File "/Users/i/Library/Python/3.9/lib/python/site-packages/requests/sessions.py", line 484, in prepare_request
    p.prepare(
  File "/Users/i/Library/Python/3.9/lib/python/site-packages/requests/models.py", line 367, in prepare
    self.prepare_url(url, params)
  File "/Users/i/Library/Python/3.9/lib/python/site-packages/requests/models.py", line 438, in prepare_url
    raise MissingSchema(
requests.exceptions.MissingSchema: Invalid URL 'backup.supersami.com/api/backup/scraping-job/': No scheme supplied. Perhaps you meant https://backup.supersami.com/api/backup/scraping-job/?
2025-04-17 23:52:47,039 - sitescrapers.management.commands.sync_jobs_to_sdb - ERROR - [sync_jobs_to_sdb.py:149] - Failed to sync ScrapingJob PK=143: Invalid URL 'backup.supersami.com/api/backup/scraping-job/': No scheme supplied. Perhaps you meant https://backup.supersami.com/api/backup/scraping-job/?
Traceback (most recent call last):
  File "/Users/i/Documents/work/scraper/sitescrapers/management/commands/sync_jobs_to_sdb.py", line 125, in handle
    response = requests.post(sdb_api_url, json=payload, timeout=30)
  File "/Users/i/Library/Python/3.9/lib/python/site-packages/requests/api.py", line 115, in post
    return request("post", url, data=data, json=json, **kwargs)
  File "/Users/i/Library/Python/3.9/lib/python/site-packages/requests/api.py", line 59, in request
    return session.request(method=method, url=url, **kwargs)
  File "/Users/i/Library/Python/3.9/lib/python/site-packages/requests/sessions.py", line 575, in request
    prep = self.prepare_request(req)
  File "/Users/i/Library/Python/3.9/lib/python/site-packages/requests/sessions.py", line 484, in prepare_request
    p.prepare(
  File "/Users/i/Library/Python/3.9/lib/python/site-packages/requests/models.py", line 367, in prepare
    self.prepare_url(url, params)
  File "/Users/i/Library/Python/3.9/lib/python/site-packages/requests/models.py", line 438, in prepare_url
    raise MissingSchema(
requests.exceptions.MissingSchema: Invalid URL 'backup.supersami.com/api/backup/scraping-job/': No scheme supplied. Perhaps you meant https://backup.supersami.com/api/backup/scraping-job/?
2025-04-17 23:52:47,096 - sitescrapers.management.commands.sync_jobs_to_sdb - ERROR - [sync_jobs_to_sdb.py:149] - Failed to sync ScrapingJob PK=144: Invalid URL 'backup.supersami.com/api/backup/scraping-job/': No scheme supplied. Perhaps you meant https://backup.supersami.com/api/backup/scraping-job/?
Traceback (most recent call last):
  File "/Users/i/Documents/work/scraper/sitescrapers/management/commands/sync_jobs_to_sdb.py", line 125, in handle
    response = requests.post(sdb_api_url, json=payload, timeout=30)
  File "/Users/i/Library/Python/3.9/lib/python/site-packages/requests/api.py", line 115, in post
    return request("post", url, data=data, json=json, **kwargs)
  File "/Users/i/Library/Python/3.9/lib/python/site-packages/requests/api.py", line 59, in request
    return session.request(method=method, url=url, **kwargs)
  File "/Users/i/Library/Python/3.9/lib/python/site-packages/requests/sessions.py", line 575, in request
    prep = self.prepare_request(req)
  File "/Users/i/Library/Python/3.9/lib/python/site-packages/requests/sessions.py", line 484, in prepare_request
    p.prepare(
  File "/Users/i/Library/Python/3.9/lib/python/site-packages/requests/models.py", line 367, in prepare
    self.prepare_url(url, params)
  File "/Users/i/Library/Python/3.9/lib/python/site-packages/requests/models.py", line 438, in prepare_url
    raise MissingSchema(
requests.exceptions.MissingSchema: Invalid URL 'backup.supersami.com/api/backup/scraping-job/': No scheme supplied. Perhaps you meant https://backup.supersami.com/api/backup/scraping-job/?
2025-04-17 23:52:47,153 - sitescrapers.management.commands.sync_jobs_to_sdb - ERROR - [sync_jobs_to_sdb.py:149] - Failed to sync ScrapingJob PK=145: Invalid URL 'backup.supersami.com/api/backup/scraping-job/': No scheme supplied. Perhaps you meant https://backup.supersami.com/api/backup/scraping-job/?
Traceback (most recent call last):
  File "/Users/i/Documents/work/scraper/sitescrapers/management/commands/sync_jobs_to_sdb.py", line 125, in handle
    response = requests.post(sdb_api_url, json=payload, timeout=30)
  File "/Users/i/Library/Python/3.9/lib/python/site-packages/requests/api.py", line 115, in post
    return request("post", url, data=data, json=json, **kwargs)
  File "/Users/i/Library/Python/3.9/lib/python/site-packages/requests/api.py", line 59, in request
    return session.request(method=method, url=url, **kwargs)
  File "/Users/i/Library/Python/3.9/lib/python/site-packages/requests/sessions.py", line 575, in request
    prep = self.prepare_request(req)
  File "/Users/i/Library/Python/3.9/lib/python/site-packages/requests/sessions.py", line 484, in prepare_request
    p.prepare(
  File "/Users/i/Library/Python/3.9/lib/python/site-packages/requests/models.py", line 367, in prepare
    self.prepare_url(url, params)
  File "/Users/i/Library/Python/3.9/lib/python/site-packages/requests/models.py", line 438, in prepare_url
    raise MissingSchema(
requests.exceptions.MissingSchema: Invalid URL 'backup.supersami.com/api/backup/scraping-job/': No scheme supplied. Perhaps you meant https://backup.supersami.com/api/backup/scraping-job/?
2025-04-17 23:52:47,209 - sitescrapers.management.commands.sync_jobs_to_sdb - ERROR - [sync_jobs_to_sdb.py:149] - Failed to sync ScrapingJob PK=146: Invalid URL 'backup.supersami.com/api/backup/scraping-job/': No scheme supplied. Perhaps you meant https://backup.supersami.com/api/backup/scraping-job/?
Traceback (most recent call last):
  File "/Users/i/Documents/work/scraper/sitescrapers/management/commands/sync_jobs_to_sdb.py", line 125, in handle
    response = requests.post(sdb_api_url, json=payload, timeout=30)
  File "/Users/i/Library/Python/3.9/lib/python/site-packages/requests/api.py", line 115, in post
    return request("post", url, data=data, json=json, **kwargs)
  File "/Users/i/Library/Python/3.9/lib/python/site-packages/requests/api.py", line 59, in request
    return session.request(method=method, url=url, **kwargs)
  File "/Users/i/Library/Python/3.9/lib/python/site-packages/requests/sessions.py", line 575, in request
    prep = self.prepare_request(req)
  File "/Users/i/Library/Python/3.9/lib/python/site-packages/requests/sessions.py", line 484, in prepare_request
    p.prepare(
  File "/Users/i/Library/Python/3.9/lib/python/site-packages/requests/models.py", line 367, in prepare
    self.prepare_url(url, params)
  File "/Users/i/Library/Python/3.9/lib/python/site-packages/requests/models.py", line 438, in prepare_url
    raise MissingSchema(
requests.exceptions.MissingSchema: Invalid URL 'backup.supersami.com/api/backup/scraping-job/': No scheme supplied. Perhaps you meant https://backup.supersami.com/api/backup/scraping-job/?
2025-04-17 23:52:47,265 - sitescrapers.management.commands.sync_jobs_to_sdb - ERROR - [sync_jobs_to_sdb.py:149] - Failed to sync ScrapingJob PK=147: Invalid URL 'backup.supersami.com/api/backup/scraping-job/': No scheme supplied. Perhaps you meant https://backup.supersami.com/api/backup/scraping-job/?
Traceback (most recent call last):
  File "/Users/i/Documents/work/scraper/sitescrapers/management/commands/sync_jobs_to_sdb.py", line 125, in handle
    response = requests.post(sdb_api_url, json=payload, timeout=30)
  File "/Users/i/Library/Python/3.9/lib/python/site-packages/requests/api.py", line 115, in post
    return request("post", url, data=data, json=json, **kwargs)
  File "/Users/i/Library/Python/3.9/lib/python/site-packages/requests/api.py", line 59, in request
    return session.request(method=method, url=url, **kwargs)
  File "/Users/i/Library/Python/3.9/lib/python/site-packages/requests/sessions.py", line 575, in request
    prep = self.prepare_request(req)
  File "/Users/i/Library/Python/3.9/lib/python/site-packages/requests/sessions.py", line 484, in prepare_request
    p.prepare(
  File "/Users/i/Library/Python/3.9/lib/python/site-packages/requests/models.py", line 367, in prepare
    self.prepare_url(url, params)
  File "/Users/i/Library/Python/3.9/lib/python/site-packages/requests/models.py", line 438, in prepare_url
    raise MissingSchema(
requests.exceptions.MissingSchema: Invalid URL 'backup.supersami.com/api/backup/scraping-job/': No scheme supplied. Perhaps you meant https://backup.supersami.com/api/backup/scraping-job/?
2025-04-17 23:52:47,323 - sitescrapers.management.commands.sync_jobs_to_sdb - ERROR - [sync_jobs_to_sdb.py:149] - Failed to sync ScrapingJob PK=148: Invalid URL 'backup.supersami.com/api/backup/scraping-job/': No scheme supplied. Perhaps you meant https://backup.supersami.com/api/backup/scraping-job/?
Traceback (most recent call last):
  File "/Users/i/Documents/work/scraper/sitescrapers/management/commands/sync_jobs_to_sdb.py", line 125, in handle
    response = requests.post(sdb_api_url, json=payload, timeout=30)
  File "/Users/i/Library/Python/3.9/lib/python/site-packages/requests/api.py", line 115, in post
    return request("post", url, data=data, json=json, **kwargs)
  File "/Users/i/Library/Python/3.9/lib/python/site-packages/requests/api.py", line 59, in request
    return session.request(method=method, url=url, **kwargs)
  File "/Users/i/Library/Python/3.9/lib/python/site-packages/requests/sessions.py", line 575, in request
    prep = self.prepare_request(req)
  File "/Users/i/Library/Python/3.9/lib/python/site-packages/requests/sessions.py", line 484, in prepare_request
    p.prepare(
  File "/Users/i/Library/Python/3.9/lib/python/site-packages/requests/models.py", line 367, in prepare
    self.prepare_url(url, params)
  File "/Users/i/Library/Python/3.9/lib/python/site-packages/requests/models.py", line 438, in prepare_url
    raise MissingSchema(
requests.exceptions.MissingSchema: Invalid URL 'backup.supersami.com/api/backup/scraping-job/': No scheme supplied. Perhaps you meant https://backup.supersami.com/api/backup/scraping-job/?
2025-04-17 23:52:47,380 - sitescrapers.management.commands.sync_jobs_to_sdb - ERROR - [sync_jobs_to_sdb.py:149] - Failed to sync ScrapingJob PK=149: Invalid URL 'backup.supersami.com/api/backup/scraping-job/': No scheme supplied. Perhaps you meant https://backup.supersami.com/api/backup/scraping-job/?
Traceback (most recent call last):
  File "/Users/i/Documents/work/scraper/sitescrapers/management/commands/sync_jobs_to_sdb.py", line 125, in handle
    response = requests.post(sdb_api_url, json=payload, timeout=30)
  File "/Users/i/Library/Python/3.9/lib/python/site-packages/requests/api.py", line 115, in post
    return request("post", url, data=data, json=json, **kwargs)
  File "/Users/i/Library/Python/3.9/lib/python/site-packages/requests/api.py", line 59, in request
    return session.request(method=method, url=url, **kwargs)
  File "/Users/i/Library/Python/3.9/lib/python/site-packages/requests/sessions.py", line 575, in request
    prep = self.prepare_request(req)
  File "/Users/i/Library/Python/3.9/lib/python/site-packages/requests/sessions.py", line 484, in prepare_request
    p.prepare(
  File "/Users/i/Library/Python/3.9/lib/python/site-packages/requests/models.py", line 367, in prepare
    self.prepare_url(url, params)
  File "/Users/i/Library/Python/3.9/lib/python/site-packages/requests/models.py", line 438, in prepare_url
    raise MissingSchema(
requests.exceptions.MissingSchema: Invalid URL 'backup.supersami.com/api/backup/scraping-job/': No scheme supplied. Perhaps you meant https://backup.supersami.com/api/backup/scraping-job/?
2025-04-17 23:52:47,437 - sitescrapers.management.commands.sync_jobs_to_sdb - ERROR - [sync_jobs_to_sdb.py:149] - Failed to sync ScrapingJob PK=150: Invalid URL 'backup.supersami.com/api/backup/scraping-job/': No scheme supplied. Perhaps you meant https://backup.supersami.com/api/backup/scraping-job/?
Traceback (most recent call last):
  File "/Users/i/Documents/work/scraper/sitescrapers/management/commands/sync_jobs_to_sdb.py", line 125, in handle
    response = requests.post(sdb_api_url, json=payload, timeout=30)
  File "/Users/i/Library/Python/3.9/lib/python/site-packages/requests/api.py", line 115, in post
    return request("post", url, data=data, json=json, **kwargs)
  File "/Users/i/Library/Python/3.9/lib/python/site-packages/requests/api.py", line 59, in request
    return session.request(method=method, url=url, **kwargs)
  File "/Users/i/Library/Python/3.9/lib/python/site-packages/requests/sessions.py", line 575, in request
    prep = self.prepare_request(req)
  File "/Users/i/Library/Python/3.9/lib/python/site-packages/requests/sessions.py", line 484, in prepare_request
    p.prepare(
  File "/Users/i/Library/Python/3.9/lib/python/site-packages/requests/models.py", line 367, in prepare
    self.prepare_url(url, params)
  File "/Users/i/Library/Python/3.9/lib/python/site-packages/requests/models.py", line 438, in prepare_url
    raise MissingSchema(
requests.exceptions.MissingSchema: Invalid URL 'backup.supersami.com/api/backup/scraping-job/': No scheme supplied. Perhaps you meant https://backup.supersami.com/api/backup/scraping-job/?
2025-04-17 23:52:47,494 - sitescrapers.management.commands.sync_jobs_to_sdb - ERROR - [sync_jobs_to_sdb.py:149] - Failed to sync ScrapingJob PK=151: Invalid URL 'backup.supersami.com/api/backup/scraping-job/': No scheme supplied. Perhaps you meant https://backup.supersami.com/api/backup/scraping-job/?
Traceback (most recent call last):
  File "/Users/i/Documents/work/scraper/sitescrapers/management/commands/sync_jobs_to_sdb.py", line 125, in handle
    response = requests.post(sdb_api_url, json=payload, timeout=30)
  File "/Users/i/Library/Python/3.9/lib/python/site-packages/requests/api.py", line 115, in post
    return request("post", url, data=data, json=json, **kwargs)
  File "/Users/i/Library/Python/3.9/lib/python/site-packages/requests/api.py", line 59, in request
    return session.request(method=method, url=url, **kwargs)
  File "/Users/i/Library/Python/3.9/lib/python/site-packages/requests/sessions.py", line 575, in request
    prep = self.prepare_request(req)
  File "/Users/i/Library/Python/3.9/lib/python/site-packages/requests/sessions.py", line 484, in prepare_request
    p.prepare(
  File "/Users/i/Library/Python/3.9/lib/python/site-packages/requests/models.py", line 367, in prepare
    self.prepare_url(url, params)
  File "/Users/i/Library/Python/3.9/lib/python/site-packages/requests/models.py", line 438, in prepare_url
    raise MissingSchema(
requests.exceptions.MissingSchema: Invalid URL 'backup.supersami.com/api/backup/scraping-job/': No scheme supplied. Perhaps you meant https://backup.supersami.com/api/backup/scraping-job/?
2025-04-17 23:52:47,550 - sitescrapers.management.commands.sync_jobs_to_sdb - ERROR - [sync_jobs_to_sdb.py:149] - Failed to sync ScrapingJob PK=152: Invalid URL 'backup.supersami.com/api/backup/scraping-job/': No scheme supplied. Perhaps you meant https://backup.supersami.com/api/backup/scraping-job/?
Traceback (most recent call last):
  File "/Users/i/Documents/work/scraper/sitescrapers/management/commands/sync_jobs_to_sdb.py", line 125, in handle
    response = requests.post(sdb_api_url, json=payload, timeout=30)
  File "/Users/i/Library/Python/3.9/lib/python/site-packages/requests/api.py", line 115, in post
    return request("post", url, data=data, json=json, **kwargs)
  File "/Users/i/Library/Python/3.9/lib/python/site-packages/requests/api.py", line 59, in request
    return session.request(method=method, url=url, **kwargs)
  File "/Users/i/Library/Python/3.9/lib/python/site-packages/requests/sessions.py", line 575, in request
    prep = self.prepare_request(req)
  File "/Users/i/Library/Python/3.9/lib/python/site-packages/requests/sessions.py", line 484, in prepare_request
    p.prepare(
  File "/Users/i/Library/Python/3.9/lib/python/site-packages/requests/models.py", line 367, in prepare
    self.prepare_url(url, params)
  File "/Users/i/Library/Python/3.9/lib/python/site-packages/requests/models.py", line 438, in prepare_url
    raise MissingSchema(
requests.exceptions.MissingSchema: Invalid URL 'backup.supersami.com/api/backup/scraping-job/': No scheme supplied. Perhaps you meant https://backup.supersami.com/api/backup/scraping-job/?
2025-04-17 23:52:47,603 - sitescrapers.management.commands.sync_jobs_to_sdb - ERROR - [sync_jobs_to_sdb.py:149] - Failed to sync ScrapingJob PK=153: Invalid URL 'backup.supersami.com/api/backup/scraping-job/': No scheme supplied. Perhaps you meant https://backup.supersami.com/api/backup/scraping-job/?
Traceback (most recent call last):
  File "/Users/i/Documents/work/scraper/sitescrapers/management/commands/sync_jobs_to_sdb.py", line 125, in handle
    response = requests.post(sdb_api_url, json=payload, timeout=30)
  File "/Users/i/Library/Python/3.9/lib/python/site-packages/requests/api.py", line 115, in post
    return request("post", url, data=data, json=json, **kwargs)
  File "/Users/i/Library/Python/3.9/lib/python/site-packages/requests/api.py", line 59, in request
    return session.request(method=method, url=url, **kwargs)
  File "/Users/i/Library/Python/3.9/lib/python/site-packages/requests/sessions.py", line 575, in request
    prep = self.prepare_request(req)
  File "/Users/i/Library/Python/3.9/lib/python/site-packages/requests/sessions.py", line 484, in prepare_request
    p.prepare(
  File "/Users/i/Library/Python/3.9/lib/python/site-packages/requests/models.py", line 367, in prepare
    self.prepare_url(url, params)
  File "/Users/i/Library/Python/3.9/lib/python/site-packages/requests/models.py", line 438, in prepare_url
    raise MissingSchema(
requests.exceptions.MissingSchema: Invalid URL 'backup.supersami.com/api/backup/scraping-job/': No scheme supplied. Perhaps you meant https://backup.supersami.com/api/backup/scraping-job/?
2025-04-17 23:52:47,660 - sitescrapers.management.commands.sync_jobs_to_sdb - ERROR - [sync_jobs_to_sdb.py:149] - Failed to sync ScrapingJob PK=154: Invalid URL 'backup.supersami.com/api/backup/scraping-job/': No scheme supplied. Perhaps you meant https://backup.supersami.com/api/backup/scraping-job/?
Traceback (most recent call last):
  File "/Users/i/Documents/work/scraper/sitescrapers/management/commands/sync_jobs_to_sdb.py", line 125, in handle
    response = requests.post(sdb_api_url, json=payload, timeout=30)
  File "/Users/i/Library/Python/3.9/lib/python/site-packages/requests/api.py", line 115, in post
    return request("post", url, data=data, json=json, **kwargs)
  File "/Users/i/Library/Python/3.9/lib/python/site-packages/requests/api.py", line 59, in request
    return session.request(method=method, url=url, **kwargs)
  File "/Users/i/Library/Python/3.9/lib/python/site-packages/requests/sessions.py", line 575, in request
    prep = self.prepare_request(req)
  File "/Users/i/Library/Python/3.9/lib/python/site-packages/requests/sessions.py", line 484, in prepare_request
    p.prepare(
  File "/Users/i/Library/Python/3.9/lib/python/site-packages/requests/models.py", line 367, in prepare
    self.prepare_url(url, params)
  File "/Users/i/Library/Python/3.9/lib/python/site-packages/requests/models.py", line 438, in prepare_url
    raise MissingSchema(
requests.exceptions.MissingSchema: Invalid URL 'backup.supersami.com/api/backup/scraping-job/': No scheme supplied. Perhaps you meant https://backup.supersami.com/api/backup/scraping-job/?
2025-04-17 23:52:47,717 - sitescrapers.management.commands.sync_jobs_to_sdb - ERROR - [sync_jobs_to_sdb.py:149] - Failed to sync ScrapingJob PK=155: Invalid URL 'backup.supersami.com/api/backup/scraping-job/': No scheme supplied. Perhaps you meant https://backup.supersami.com/api/backup/scraping-job/?
Traceback (most recent call last):
  File "/Users/i/Documents/work/scraper/sitescrapers/management/commands/sync_jobs_to_sdb.py", line 125, in handle
    response = requests.post(sdb_api_url, json=payload, timeout=30)
  File "/Users/i/Library/Python/3.9/lib/python/site-packages/requests/api.py", line 115, in post
    return request("post", url, data=data, json=json, **kwargs)
  File "/Users/i/Library/Python/3.9/lib/python/site-packages/requests/api.py", line 59, in request
    return session.request(method=method, url=url, **kwargs)
  File "/Users/i/Library/Python/3.9/lib/python/site-packages/requests/sessions.py", line 575, in request
    prep = self.prepare_request(req)
  File "/Users/i/Library/Python/3.9/lib/python/site-packages/requests/sessions.py", line 484, in prepare_request
    p.prepare(
  File "/Users/i/Library/Python/3.9/lib/python/site-packages/requests/models.py", line 367, in prepare
    self.prepare_url(url, params)
  File "/Users/i/Library/Python/3.9/lib/python/site-packages/requests/models.py", line 438, in prepare_url
    raise MissingSchema(
requests.exceptions.MissingSchema: Invalid URL 'backup.supersami.com/api/backup/scraping-job/': No scheme supplied. Perhaps you meant https://backup.supersami.com/api/backup/scraping-job/?
2025-04-17 23:52:47,774 - sitescrapers.management.commands.sync_jobs_to_sdb - ERROR - [sync_jobs_to_sdb.py:149] - Failed to sync ScrapingJob PK=156: Invalid URL 'backup.supersami.com/api/backup/scraping-job/': No scheme supplied. Perhaps you meant https://backup.supersami.com/api/backup/scraping-job/?
Traceback (most recent call last):
  File "/Users/i/Documents/work/scraper/sitescrapers/management/commands/sync_jobs_to_sdb.py", line 125, in handle
    response = requests.post(sdb_api_url, json=payload, timeout=30)
  File "/Users/i/Library/Python/3.9/lib/python/site-packages/requests/api.py", line 115, in post
    return request("post", url, data=data, json=json, **kwargs)
  File "/Users/i/Library/Python/3.9/lib/python/site-packages/requests/api.py", line 59, in request
    return session.request(method=method, url=url, **kwargs)
  File "/Users/i/Library/Python/3.9/lib/python/site-packages/requests/sessions.py", line 575, in request
    prep = self.prepare_request(req)
  File "/Users/i/Library/Python/3.9/lib/python/site-packages/requests/sessions.py", line 484, in prepare_request
    p.prepare(
  File "/Users/i/Library/Python/3.9/lib/python/site-packages/requests/models.py", line 367, in prepare
    self.prepare_url(url, params)
  File "/Users/i/Library/Python/3.9/lib/python/site-packages/requests/models.py", line 438, in prepare_url
    raise MissingSchema(
requests.exceptions.MissingSchema: Invalid URL 'backup.supersami.com/api/backup/scraping-job/': No scheme supplied. Perhaps you meant https://backup.supersami.com/api/backup/scraping-job/?
2025-04-17 23:52:47,832 - sitescrapers.management.commands.sync_jobs_to_sdb - ERROR - [sync_jobs_to_sdb.py:149] - Failed to sync ScrapingJob PK=157: Invalid URL 'backup.supersami.com/api/backup/scraping-job/': No scheme supplied. Perhaps you meant https://backup.supersami.com/api/backup/scraping-job/?
Traceback (most recent call last):
  File "/Users/i/Documents/work/scraper/sitescrapers/management/commands/sync_jobs_to_sdb.py", line 125, in handle
    response = requests.post(sdb_api_url, json=payload, timeout=30)
  File "/Users/i/Library/Python/3.9/lib/python/site-packages/requests/api.py", line 115, in post
    return request("post", url, data=data, json=json, **kwargs)
  File "/Users/i/Library/Python/3.9/lib/python/site-packages/requests/api.py", line 59, in request
    return session.request(method=method, url=url, **kwargs)
  File "/Users/i/Library/Python/3.9/lib/python/site-packages/requests/sessions.py", line 575, in request
    prep = self.prepare_request(req)
  File "/Users/i/Library/Python/3.9/lib/python/site-packages/requests/sessions.py", line 484, in prepare_request
    p.prepare(
  File "/Users/i/Library/Python/3.9/lib/python/site-packages/requests/models.py", line 367, in prepare
    self.prepare_url(url, params)
  File "/Users/i/Library/Python/3.9/lib/python/site-packages/requests/models.py", line 438, in prepare_url
    raise MissingSchema(
requests.exceptions.MissingSchema: Invalid URL 'backup.supersami.com/api/backup/scraping-job/': No scheme supplied. Perhaps you meant https://backup.supersami.com/api/backup/scraping-job/?
2025-04-17 23:52:47,885 - sitescrapers.management.commands.sync_jobs_to_sdb - ERROR - [sync_jobs_to_sdb.py:149] - Failed to sync ScrapingJob PK=158: Invalid URL 'backup.supersami.com/api/backup/scraping-job/': No scheme supplied. Perhaps you meant https://backup.supersami.com/api/backup/scraping-job/?
Traceback (most recent call last):
  File "/Users/i/Documents/work/scraper/sitescrapers/management/commands/sync_jobs_to_sdb.py", line 125, in handle
    response = requests.post(sdb_api_url, json=payload, timeout=30)
  File "/Users/i/Library/Python/3.9/lib/python/site-packages/requests/api.py", line 115, in post
    return request("post", url, data=data, json=json, **kwargs)
  File "/Users/i/Library/Python/3.9/lib/python/site-packages/requests/api.py", line 59, in request
    return session.request(method=method, url=url, **kwargs)
  File "/Users/i/Library/Python/3.9/lib/python/site-packages/requests/sessions.py", line 575, in request
    prep = self.prepare_request(req)
  File "/Users/i/Library/Python/3.9/lib/python/site-packages/requests/sessions.py", line 484, in prepare_request
    p.prepare(
  File "/Users/i/Library/Python/3.9/lib/python/site-packages/requests/models.py", line 367, in prepare
    self.prepare_url(url, params)
  File "/Users/i/Library/Python/3.9/lib/python/site-packages/requests/models.py", line 438, in prepare_url
    raise MissingSchema(
requests.exceptions.MissingSchema: Invalid URL 'backup.supersami.com/api/backup/scraping-job/': No scheme supplied. Perhaps you meant https://backup.supersami.com/api/backup/scraping-job/?
2025-04-17 23:52:47,942 - sitescrapers.management.commands.sync_jobs_to_sdb - ERROR - [sync_jobs_to_sdb.py:149] - Failed to sync ScrapingJob PK=159: Invalid URL 'backup.supersami.com/api/backup/scraping-job/': No scheme supplied. Perhaps you meant https://backup.supersami.com/api/backup/scraping-job/?
Traceback (most recent call last):
  File "/Users/i/Documents/work/scraper/sitescrapers/management/commands/sync_jobs_to_sdb.py", line 125, in handle
    response = requests.post(sdb_api_url, json=payload, timeout=30)
  File "/Users/i/Library/Python/3.9/lib/python/site-packages/requests/api.py", line 115, in post
    return request("post", url, data=data, json=json, **kwargs)
  File "/Users/i/Library/Python/3.9/lib/python/site-packages/requests/api.py", line 59, in request
    return session.request(method=method, url=url, **kwargs)
  File "/Users/i/Library/Python/3.9/lib/python/site-packages/requests/sessions.py", line 575, in request
    prep = self.prepare_request(req)
  File "/Users/i/Library/Python/3.9/lib/python/site-packages/requests/sessions.py", line 484, in prepare_request
    p.prepare(
  File "/Users/i/Library/Python/3.9/lib/python/site-packages/requests/models.py", line 367, in prepare
    self.prepare_url(url, params)
  File "/Users/i/Library/Python/3.9/lib/python/site-packages/requests/models.py", line 438, in prepare_url
    raise MissingSchema(
requests.exceptions.MissingSchema: Invalid URL 'backup.supersami.com/api/backup/scraping-job/': No scheme supplied. Perhaps you meant https://backup.supersami.com/api/backup/scraping-job/?
2025-04-17 23:52:47,999 - sitescrapers.management.commands.sync_jobs_to_sdb - ERROR - [sync_jobs_to_sdb.py:149] - Failed to sync ScrapingJob PK=160: Invalid URL 'backup.supersami.com/api/backup/scraping-job/': No scheme supplied. Perhaps you meant https://backup.supersami.com/api/backup/scraping-job/?
Traceback (most recent call last):
  File "/Users/i/Documents/work/scraper/sitescrapers/management/commands/sync_jobs_to_sdb.py", line 125, in handle
    response = requests.post(sdb_api_url, json=payload, timeout=30)
  File "/Users/i/Library/Python/3.9/lib/python/site-packages/requests/api.py", line 115, in post
    return request("post", url, data=data, json=json, **kwargs)
  File "/Users/i/Library/Python/3.9/lib/python/site-packages/requests/api.py", line 59, in request
    return session.request(method=method, url=url, **kwargs)
  File "/Users/i/Library/Python/3.9/lib/python/site-packages/requests/sessions.py", line 575, in request
    prep = self.prepare_request(req)
  File "/Users/i/Library/Python/3.9/lib/python/site-packages/requests/sessions.py", line 484, in prepare_request
    p.prepare(
  File "/Users/i/Library/Python/3.9/lib/python/site-packages/requests/models.py", line 367, in prepare
    self.prepare_url(url, params)
  File "/Users/i/Library/Python/3.9/lib/python/site-packages/requests/models.py", line 438, in prepare_url
    raise MissingSchema(
requests.exceptions.MissingSchema: Invalid URL 'backup.supersami.com/api/backup/scraping-job/': No scheme supplied. Perhaps you meant https://backup.supersami.com/api/backup/scraping-job/?
2025-04-17 23:52:48,056 - sitescrapers.management.commands.sync_jobs_to_sdb - ERROR - [sync_jobs_to_sdb.py:149] - Failed to sync ScrapingJob PK=161: Invalid URL 'backup.supersami.com/api/backup/scraping-job/': No scheme supplied. Perhaps you meant https://backup.supersami.com/api/backup/scraping-job/?
Traceback (most recent call last):
  File "/Users/i/Documents/work/scraper/sitescrapers/management/commands/sync_jobs_to_sdb.py", line 125, in handle
    response = requests.post(sdb_api_url, json=payload, timeout=30)
  File "/Users/i/Library/Python/3.9/lib/python/site-packages/requests/api.py", line 115, in post
    return request("post", url, data=data, json=json, **kwargs)
  File "/Users/i/Library/Python/3.9/lib/python/site-packages/requests/api.py", line 59, in request
    return session.request(method=method, url=url, **kwargs)
  File "/Users/i/Library/Python/3.9/lib/python/site-packages/requests/sessions.py", line 575, in request
    prep = self.prepare_request(req)
  File "/Users/i/Library/Python/3.9/lib/python/site-packages/requests/sessions.py", line 484, in prepare_request
    p.prepare(
  File "/Users/i/Library/Python/3.9/lib/python/site-packages/requests/models.py", line 367, in prepare
    self.prepare_url(url, params)
  File "/Users/i/Library/Python/3.9/lib/python/site-packages/requests/models.py", line 438, in prepare_url
    raise MissingSchema(
requests.exceptions.MissingSchema: Invalid URL 'backup.supersami.com/api/backup/scraping-job/': No scheme supplied. Perhaps you meant https://backup.supersami.com/api/backup/scraping-job/?
2025-04-17 23:52:48,111 - sitescrapers.management.commands.sync_jobs_to_sdb - ERROR - [sync_jobs_to_sdb.py:149] - Failed to sync ScrapingJob PK=162: Invalid URL 'backup.supersami.com/api/backup/scraping-job/': No scheme supplied. Perhaps you meant https://backup.supersami.com/api/backup/scraping-job/?
Traceback (most recent call last):
  File "/Users/i/Documents/work/scraper/sitescrapers/management/commands/sync_jobs_to_sdb.py", line 125, in handle
    response = requests.post(sdb_api_url, json=payload, timeout=30)
  File "/Users/i/Library/Python/3.9/lib/python/site-packages/requests/api.py", line 115, in post
    return request("post", url, data=data, json=json, **kwargs)
  File "/Users/i/Library/Python/3.9/lib/python/site-packages/requests/api.py", line 59, in request
    return session.request(method=method, url=url, **kwargs)
  File "/Users/i/Library/Python/3.9/lib/python/site-packages/requests/sessions.py", line 575, in request
    prep = self.prepare_request(req)
  File "/Users/i/Library/Python/3.9/lib/python/site-packages/requests/sessions.py", line 484, in prepare_request
    p.prepare(
  File "/Users/i/Library/Python/3.9/lib/python/site-packages/requests/models.py", line 367, in prepare
    self.prepare_url(url, params)
  File "/Users/i/Library/Python/3.9/lib/python/site-packages/requests/models.py", line 438, in prepare_url
    raise MissingSchema(
requests.exceptions.MissingSchema: Invalid URL 'backup.supersami.com/api/backup/scraping-job/': No scheme supplied. Perhaps you meant https://backup.supersami.com/api/backup/scraping-job/?
2025-04-17 23:52:48,169 - sitescrapers.management.commands.sync_jobs_to_sdb - ERROR - [sync_jobs_to_sdb.py:149] - Failed to sync ScrapingJob PK=163: Invalid URL 'backup.supersami.com/api/backup/scraping-job/': No scheme supplied. Perhaps you meant https://backup.supersami.com/api/backup/scraping-job/?
Traceback (most recent call last):
  File "/Users/i/Documents/work/scraper/sitescrapers/management/commands/sync_jobs_to_sdb.py", line 125, in handle
    response = requests.post(sdb_api_url, json=payload, timeout=30)
  File "/Users/i/Library/Python/3.9/lib/python/site-packages/requests/api.py", line 115, in post
    return request("post", url, data=data, json=json, **kwargs)
  File "/Users/i/Library/Python/3.9/lib/python/site-packages/requests/api.py", line 59, in request
    return session.request(method=method, url=url, **kwargs)
  File "/Users/i/Library/Python/3.9/lib/python/site-packages/requests/sessions.py", line 575, in request
    prep = self.prepare_request(req)
  File "/Users/i/Library/Python/3.9/lib/python/site-packages/requests/sessions.py", line 484, in prepare_request
    p.prepare(
  File "/Users/i/Library/Python/3.9/lib/python/site-packages/requests/models.py", line 367, in prepare
    self.prepare_url(url, params)
  File "/Users/i/Library/Python/3.9/lib/python/site-packages/requests/models.py", line 438, in prepare_url
    raise MissingSchema(
requests.exceptions.MissingSchema: Invalid URL 'backup.supersami.com/api/backup/scraping-job/': No scheme supplied. Perhaps you meant https://backup.supersami.com/api/backup/scraping-job/?
2025-04-17 23:52:48,226 - sitescrapers.management.commands.sync_jobs_to_sdb - ERROR - [sync_jobs_to_sdb.py:149] - Failed to sync ScrapingJob PK=164: Invalid URL 'backup.supersami.com/api/backup/scraping-job/': No scheme supplied. Perhaps you meant https://backup.supersami.com/api/backup/scraping-job/?
Traceback (most recent call last):
  File "/Users/i/Documents/work/scraper/sitescrapers/management/commands/sync_jobs_to_sdb.py", line 125, in handle
    response = requests.post(sdb_api_url, json=payload, timeout=30)
  File "/Users/i/Library/Python/3.9/lib/python/site-packages/requests/api.py", line 115, in post
    return request("post", url, data=data, json=json, **kwargs)
  File "/Users/i/Library/Python/3.9/lib/python/site-packages/requests/api.py", line 59, in request
    return session.request(method=method, url=url, **kwargs)
  File "/Users/i/Library/Python/3.9/lib/python/site-packages/requests/sessions.py", line 575, in request
    prep = self.prepare_request(req)
  File "/Users/i/Library/Python/3.9/lib/python/site-packages/requests/sessions.py", line 484, in prepare_request
    p.prepare(
  File "/Users/i/Library/Python/3.9/lib/python/site-packages/requests/models.py", line 367, in prepare
    self.prepare_url(url, params)
  File "/Users/i/Library/Python/3.9/lib/python/site-packages/requests/models.py", line 438, in prepare_url
    raise MissingSchema(
requests.exceptions.MissingSchema: Invalid URL 'backup.supersami.com/api/backup/scraping-job/': No scheme supplied. Perhaps you meant https://backup.supersami.com/api/backup/scraping-job/?
2025-04-17 23:52:48,283 - sitescrapers.management.commands.sync_jobs_to_sdb - ERROR - [sync_jobs_to_sdb.py:149] - Failed to sync ScrapingJob PK=165: Invalid URL 'backup.supersami.com/api/backup/scraping-job/': No scheme supplied. Perhaps you meant https://backup.supersami.com/api/backup/scraping-job/?
Traceback (most recent call last):
  File "/Users/i/Documents/work/scraper/sitescrapers/management/commands/sync_jobs_to_sdb.py", line 125, in handle
    response = requests.post(sdb_api_url, json=payload, timeout=30)
  File "/Users/i/Library/Python/3.9/lib/python/site-packages/requests/api.py", line 115, in post
    return request("post", url, data=data, json=json, **kwargs)
  File "/Users/i/Library/Python/3.9/lib/python/site-packages/requests/api.py", line 59, in request
    return session.request(method=method, url=url, **kwargs)
  File "/Users/i/Library/Python/3.9/lib/python/site-packages/requests/sessions.py", line 575, in request
    prep = self.prepare_request(req)
  File "/Users/i/Library/Python/3.9/lib/python/site-packages/requests/sessions.py", line 484, in prepare_request
    p.prepare(
  File "/Users/i/Library/Python/3.9/lib/python/site-packages/requests/models.py", line 367, in prepare
    self.prepare_url(url, params)
  File "/Users/i/Library/Python/3.9/lib/python/site-packages/requests/models.py", line 438, in prepare_url
    raise MissingSchema(
requests.exceptions.MissingSchema: Invalid URL 'backup.supersami.com/api/backup/scraping-job/': No scheme supplied. Perhaps you meant https://backup.supersami.com/api/backup/scraping-job/?
2025-04-17 23:52:48,340 - sitescrapers.management.commands.sync_jobs_to_sdb - ERROR - [sync_jobs_to_sdb.py:149] - Failed to sync ScrapingJob PK=166: Invalid URL 'backup.supersami.com/api/backup/scraping-job/': No scheme supplied. Perhaps you meant https://backup.supersami.com/api/backup/scraping-job/?
Traceback (most recent call last):
  File "/Users/i/Documents/work/scraper/sitescrapers/management/commands/sync_jobs_to_sdb.py", line 125, in handle
    response = requests.post(sdb_api_url, json=payload, timeout=30)
  File "/Users/i/Library/Python/3.9/lib/python/site-packages/requests/api.py", line 115, in post
    return request("post", url, data=data, json=json, **kwargs)
  File "/Users/i/Library/Python/3.9/lib/python/site-packages/requests/api.py", line 59, in request
    return session.request(method=method, url=url, **kwargs)
  File "/Users/i/Library/Python/3.9/lib/python/site-packages/requests/sessions.py", line 575, in request
    prep = self.prepare_request(req)
  File "/Users/i/Library/Python/3.9/lib/python/site-packages/requests/sessions.py", line 484, in prepare_request
    p.prepare(
  File "/Users/i/Library/Python/3.9/lib/python/site-packages/requests/models.py", line 367, in prepare
    self.prepare_url(url, params)
  File "/Users/i/Library/Python/3.9/lib/python/site-packages/requests/models.py", line 438, in prepare_url
    raise MissingSchema(
requests.exceptions.MissingSchema: Invalid URL 'backup.supersami.com/api/backup/scraping-job/': No scheme supplied. Perhaps you meant https://backup.supersami.com/api/backup/scraping-job/?
2025-04-17 23:52:48,398 - sitescrapers.management.commands.sync_jobs_to_sdb - ERROR - [sync_jobs_to_sdb.py:149] - Failed to sync ScrapingJob PK=167: Invalid URL 'backup.supersami.com/api/backup/scraping-job/': No scheme supplied. Perhaps you meant https://backup.supersami.com/api/backup/scraping-job/?
Traceback (most recent call last):
  File "/Users/i/Documents/work/scraper/sitescrapers/management/commands/sync_jobs_to_sdb.py", line 125, in handle
    response = requests.post(sdb_api_url, json=payload, timeout=30)
  File "/Users/i/Library/Python/3.9/lib/python/site-packages/requests/api.py", line 115, in post
    return request("post", url, data=data, json=json, **kwargs)
  File "/Users/i/Library/Python/3.9/lib/python/site-packages/requests/api.py", line 59, in request
    return session.request(method=method, url=url, **kwargs)
  File "/Users/i/Library/Python/3.9/lib/python/site-packages/requests/sessions.py", line 575, in request
    prep = self.prepare_request(req)
  File "/Users/i/Library/Python/3.9/lib/python/site-packages/requests/sessions.py", line 484, in prepare_request
    p.prepare(
  File "/Users/i/Library/Python/3.9/lib/python/site-packages/requests/models.py", line 367, in prepare
    self.prepare_url(url, params)
  File "/Users/i/Library/Python/3.9/lib/python/site-packages/requests/models.py", line 438, in prepare_url
    raise MissingSchema(
requests.exceptions.MissingSchema: Invalid URL 'backup.supersami.com/api/backup/scraping-job/': No scheme supplied. Perhaps you meant https://backup.supersami.com/api/backup/scraping-job/?
2025-04-17 23:52:48,455 - sitescrapers.management.commands.sync_jobs_to_sdb - ERROR - [sync_jobs_to_sdb.py:149] - Failed to sync ScrapingJob PK=168: Invalid URL 'backup.supersami.com/api/backup/scraping-job/': No scheme supplied. Perhaps you meant https://backup.supersami.com/api/backup/scraping-job/?
Traceback (most recent call last):
  File "/Users/i/Documents/work/scraper/sitescrapers/management/commands/sync_jobs_to_sdb.py", line 125, in handle
    response = requests.post(sdb_api_url, json=payload, timeout=30)
  File "/Users/i/Library/Python/3.9/lib/python/site-packages/requests/api.py", line 115, in post
    return request("post", url, data=data, json=json, **kwargs)
  File "/Users/i/Library/Python/3.9/lib/python/site-packages/requests/api.py", line 59, in request
    return session.request(method=method, url=url, **kwargs)
  File "/Users/i/Library/Python/3.9/lib/python/site-packages/requests/sessions.py", line 575, in request
    prep = self.prepare_request(req)
  File "/Users/i/Library/Python/3.9/lib/python/site-packages/requests/sessions.py", line 484, in prepare_request
    p.prepare(
  File "/Users/i/Library/Python/3.9/lib/python/site-packages/requests/models.py", line 367, in prepare
    self.prepare_url(url, params)
  File "/Users/i/Library/Python/3.9/lib/python/site-packages/requests/models.py", line 438, in prepare_url
    raise MissingSchema(
requests.exceptions.MissingSchema: Invalid URL 'backup.supersami.com/api/backup/scraping-job/': No scheme supplied. Perhaps you meant https://backup.supersami.com/api/backup/scraping-job/?
2025-04-17 23:52:48,511 - sitescrapers.management.commands.sync_jobs_to_sdb - ERROR - [sync_jobs_to_sdb.py:149] - Failed to sync ScrapingJob PK=169: Invalid URL 'backup.supersami.com/api/backup/scraping-job/': No scheme supplied. Perhaps you meant https://backup.supersami.com/api/backup/scraping-job/?
Traceback (most recent call last):
  File "/Users/i/Documents/work/scraper/sitescrapers/management/commands/sync_jobs_to_sdb.py", line 125, in handle
    response = requests.post(sdb_api_url, json=payload, timeout=30)
  File "/Users/i/Library/Python/3.9/lib/python/site-packages/requests/api.py", line 115, in post
    return request("post", url, data=data, json=json, **kwargs)
  File "/Users/i/Library/Python/3.9/lib/python/site-packages/requests/api.py", line 59, in request
    return session.request(method=method, url=url, **kwargs)
  File "/Users/i/Library/Python/3.9/lib/python/site-packages/requests/sessions.py", line 575, in request
    prep = self.prepare_request(req)
  File "/Users/i/Library/Python/3.9/lib/python/site-packages/requests/sessions.py", line 484, in prepare_request
    p.prepare(
  File "/Users/i/Library/Python/3.9/lib/python/site-packages/requests/models.py", line 367, in prepare
    self.prepare_url(url, params)
  File "/Users/i/Library/Python/3.9/lib/python/site-packages/requests/models.py", line 438, in prepare_url
    raise MissingSchema(
requests.exceptions.MissingSchema: Invalid URL 'backup.supersami.com/api/backup/scraping-job/': No scheme supplied. Perhaps you meant https://backup.supersami.com/api/backup/scraping-job/?
2025-04-17 23:52:48,567 - sitescrapers.management.commands.sync_jobs_to_sdb - ERROR - [sync_jobs_to_sdb.py:149] - Failed to sync ScrapingJob PK=170: Invalid URL 'backup.supersami.com/api/backup/scraping-job/': No scheme supplied. Perhaps you meant https://backup.supersami.com/api/backup/scraping-job/?
Traceback (most recent call last):
  File "/Users/i/Documents/work/scraper/sitescrapers/management/commands/sync_jobs_to_sdb.py", line 125, in handle
    response = requests.post(sdb_api_url, json=payload, timeout=30)
  File "/Users/i/Library/Python/3.9/lib/python/site-packages/requests/api.py", line 115, in post
    return request("post", url, data=data, json=json, **kwargs)
  File "/Users/i/Library/Python/3.9/lib/python/site-packages/requests/api.py", line 59, in request
    return session.request(method=method, url=url, **kwargs)
  File "/Users/i/Library/Python/3.9/lib/python/site-packages/requests/sessions.py", line 575, in request
    prep = self.prepare_request(req)
  File "/Users/i/Library/Python/3.9/lib/python/site-packages/requests/sessions.py", line 484, in prepare_request
    p.prepare(
  File "/Users/i/Library/Python/3.9/lib/python/site-packages/requests/models.py", line 367, in prepare
    self.prepare_url(url, params)
  File "/Users/i/Library/Python/3.9/lib/python/site-packages/requests/models.py", line 438, in prepare_url
    raise MissingSchema(
requests.exceptions.MissingSchema: Invalid URL 'backup.supersami.com/api/backup/scraping-job/': No scheme supplied. Perhaps you meant https://backup.supersami.com/api/backup/scraping-job/?
2025-04-17 23:52:48,623 - sitescrapers.management.commands.sync_jobs_to_sdb - ERROR - [sync_jobs_to_sdb.py:149] - Failed to sync ScrapingJob PK=171: Invalid URL 'backup.supersami.com/api/backup/scraping-job/': No scheme supplied. Perhaps you meant https://backup.supersami.com/api/backup/scraping-job/?
Traceback (most recent call last):
  File "/Users/i/Documents/work/scraper/sitescrapers/management/commands/sync_jobs_to_sdb.py", line 125, in handle
    response = requests.post(sdb_api_url, json=payload, timeout=30)
  File "/Users/i/Library/Python/3.9/lib/python/site-packages/requests/api.py", line 115, in post
    return request("post", url, data=data, json=json, **kwargs)
  File "/Users/i/Library/Python/3.9/lib/python/site-packages/requests/api.py", line 59, in request
    return session.request(method=method, url=url, **kwargs)
  File "/Users/i/Library/Python/3.9/lib/python/site-packages/requests/sessions.py", line 575, in request
    prep = self.prepare_request(req)
  File "/Users/i/Library/Python/3.9/lib/python/site-packages/requests/sessions.py", line 484, in prepare_request
    p.prepare(
  File "/Users/i/Library/Python/3.9/lib/python/site-packages/requests/models.py", line 367, in prepare
    self.prepare_url(url, params)
  File "/Users/i/Library/Python/3.9/lib/python/site-packages/requests/models.py", line 438, in prepare_url
    raise MissingSchema(
requests.exceptions.MissingSchema: Invalid URL 'backup.supersami.com/api/backup/scraping-job/': No scheme supplied. Perhaps you meant https://backup.supersami.com/api/backup/scraping-job/?
2025-04-17 23:52:48,680 - sitescrapers.management.commands.sync_jobs_to_sdb - ERROR - [sync_jobs_to_sdb.py:149] - Failed to sync ScrapingJob PK=172: Invalid URL 'backup.supersami.com/api/backup/scraping-job/': No scheme supplied. Perhaps you meant https://backup.supersami.com/api/backup/scraping-job/?
Traceback (most recent call last):
  File "/Users/i/Documents/work/scraper/sitescrapers/management/commands/sync_jobs_to_sdb.py", line 125, in handle
    response = requests.post(sdb_api_url, json=payload, timeout=30)
  File "/Users/i/Library/Python/3.9/lib/python/site-packages/requests/api.py", line 115, in post
    return request("post", url, data=data, json=json, **kwargs)
  File "/Users/i/Library/Python/3.9/lib/python/site-packages/requests/api.py", line 59, in request
    return session.request(method=method, url=url, **kwargs)
  File "/Users/i/Library/Python/3.9/lib/python/site-packages/requests/sessions.py", line 575, in request
    prep = self.prepare_request(req)
  File "/Users/i/Library/Python/3.9/lib/python/site-packages/requests/sessions.py", line 484, in prepare_request
    p.prepare(
  File "/Users/i/Library/Python/3.9/lib/python/site-packages/requests/models.py", line 367, in prepare
    self.prepare_url(url, params)
  File "/Users/i/Library/Python/3.9/lib/python/site-packages/requests/models.py", line 438, in prepare_url
    raise MissingSchema(
requests.exceptions.MissingSchema: Invalid URL 'backup.supersami.com/api/backup/scraping-job/': No scheme supplied. Perhaps you meant https://backup.supersami.com/api/backup/scraping-job/?
2025-04-17 23:52:48,737 - sitescrapers.management.commands.sync_jobs_to_sdb - ERROR - [sync_jobs_to_sdb.py:149] - Failed to sync ScrapingJob PK=173: Invalid URL 'backup.supersami.com/api/backup/scraping-job/': No scheme supplied. Perhaps you meant https://backup.supersami.com/api/backup/scraping-job/?
Traceback (most recent call last):
  File "/Users/i/Documents/work/scraper/sitescrapers/management/commands/sync_jobs_to_sdb.py", line 125, in handle
    response = requests.post(sdb_api_url, json=payload, timeout=30)
  File "/Users/i/Library/Python/3.9/lib/python/site-packages/requests/api.py", line 115, in post
    return request("post", url, data=data, json=json, **kwargs)
  File "/Users/i/Library/Python/3.9/lib/python/site-packages/requests/api.py", line 59, in request
    return session.request(method=method, url=url, **kwargs)
  File "/Users/i/Library/Python/3.9/lib/python/site-packages/requests/sessions.py", line 575, in request
    prep = self.prepare_request(req)
  File "/Users/i/Library/Python/3.9/lib/python/site-packages/requests/sessions.py", line 484, in prepare_request
    p.prepare(
  File "/Users/i/Library/Python/3.9/lib/python/site-packages/requests/models.py", line 367, in prepare
    self.prepare_url(url, params)
  File "/Users/i/Library/Python/3.9/lib/python/site-packages/requests/models.py", line 438, in prepare_url
    raise MissingSchema(
requests.exceptions.MissingSchema: Invalid URL 'backup.supersami.com/api/backup/scraping-job/': No scheme supplied. Perhaps you meant https://backup.supersami.com/api/backup/scraping-job/?
2025-04-17 23:52:48,794 - sitescrapers.management.commands.sync_jobs_to_sdb - ERROR - [sync_jobs_to_sdb.py:149] - Failed to sync ScrapingJob PK=174: Invalid URL 'backup.supersami.com/api/backup/scraping-job/': No scheme supplied. Perhaps you meant https://backup.supersami.com/api/backup/scraping-job/?
Traceback (most recent call last):
  File "/Users/i/Documents/work/scraper/sitescrapers/management/commands/sync_jobs_to_sdb.py", line 125, in handle
    response = requests.post(sdb_api_url, json=payload, timeout=30)
  File "/Users/i/Library/Python/3.9/lib/python/site-packages/requests/api.py", line 115, in post
    return request("post", url, data=data, json=json, **kwargs)
  File "/Users/i/Library/Python/3.9/lib/python/site-packages/requests/api.py", line 59, in request
    return session.request(method=method, url=url, **kwargs)
  File "/Users/i/Library/Python/3.9/lib/python/site-packages/requests/sessions.py", line 575, in request
    prep = self.prepare_request(req)
  File "/Users/i/Library/Python/3.9/lib/python/site-packages/requests/sessions.py", line 484, in prepare_request
    p.prepare(
  File "/Users/i/Library/Python/3.9/lib/python/site-packages/requests/models.py", line 367, in prepare
    self.prepare_url(url, params)
  File "/Users/i/Library/Python/3.9/lib/python/site-packages/requests/models.py", line 438, in prepare_url
    raise MissingSchema(
requests.exceptions.MissingSchema: Invalid URL 'backup.supersami.com/api/backup/scraping-job/': No scheme supplied. Perhaps you meant https://backup.supersami.com/api/backup/scraping-job/?
2025-04-17 23:52:48,850 - sitescrapers.management.commands.sync_jobs_to_sdb - ERROR - [sync_jobs_to_sdb.py:149] - Failed to sync ScrapingJob PK=175: Invalid URL 'backup.supersami.com/api/backup/scraping-job/': No scheme supplied. Perhaps you meant https://backup.supersami.com/api/backup/scraping-job/?
Traceback (most recent call last):
  File "/Users/i/Documents/work/scraper/sitescrapers/management/commands/sync_jobs_to_sdb.py", line 125, in handle
    response = requests.post(sdb_api_url, json=payload, timeout=30)
  File "/Users/i/Library/Python/3.9/lib/python/site-packages/requests/api.py", line 115, in post
    return request("post", url, data=data, json=json, **kwargs)
  File "/Users/i/Library/Python/3.9/lib/python/site-packages/requests/api.py", line 59, in request
    return session.request(method=method, url=url, **kwargs)
  File "/Users/i/Library/Python/3.9/lib/python/site-packages/requests/sessions.py", line 575, in request
    prep = self.prepare_request(req)
  File "/Users/i/Library/Python/3.9/lib/python/site-packages/requests/sessions.py", line 484, in prepare_request
    p.prepare(
  File "/Users/i/Library/Python/3.9/lib/python/site-packages/requests/models.py", line 367, in prepare
    self.prepare_url(url, params)
  File "/Users/i/Library/Python/3.9/lib/python/site-packages/requests/models.py", line 438, in prepare_url
    raise MissingSchema(
requests.exceptions.MissingSchema: Invalid URL 'backup.supersami.com/api/backup/scraping-job/': No scheme supplied. Perhaps you meant https://backup.supersami.com/api/backup/scraping-job/?
2025-04-17 23:52:48,905 - sitescrapers.management.commands.sync_jobs_to_sdb - ERROR - [sync_jobs_to_sdb.py:149] - Failed to sync ScrapingJob PK=176: Invalid URL 'backup.supersami.com/api/backup/scraping-job/': No scheme supplied. Perhaps you meant https://backup.supersami.com/api/backup/scraping-job/?
Traceback (most recent call last):
  File "/Users/i/Documents/work/scraper/sitescrapers/management/commands/sync_jobs_to_sdb.py", line 125, in handle
    response = requests.post(sdb_api_url, json=payload, timeout=30)
  File "/Users/i/Library/Python/3.9/lib/python/site-packages/requests/api.py", line 115, in post
    return request("post", url, data=data, json=json, **kwargs)
  File "/Users/i/Library/Python/3.9/lib/python/site-packages/requests/api.py", line 59, in request
    return session.request(method=method, url=url, **kwargs)
  File "/Users/i/Library/Python/3.9/lib/python/site-packages/requests/sessions.py", line 575, in request
    prep = self.prepare_request(req)
  File "/Users/i/Library/Python/3.9/lib/python/site-packages/requests/sessions.py", line 484, in prepare_request
    p.prepare(
  File "/Users/i/Library/Python/3.9/lib/python/site-packages/requests/models.py", line 367, in prepare
    self.prepare_url(url, params)
  File "/Users/i/Library/Python/3.9/lib/python/site-packages/requests/models.py", line 438, in prepare_url
    raise MissingSchema(
requests.exceptions.MissingSchema: Invalid URL 'backup.supersami.com/api/backup/scraping-job/': No scheme supplied. Perhaps you meant https://backup.supersami.com/api/backup/scraping-job/?
2025-04-17 23:52:48,963 - sitescrapers.management.commands.sync_jobs_to_sdb - ERROR - [sync_jobs_to_sdb.py:149] - Failed to sync ScrapingJob PK=177: Invalid URL 'backup.supersami.com/api/backup/scraping-job/': No scheme supplied. Perhaps you meant https://backup.supersami.com/api/backup/scraping-job/?
Traceback (most recent call last):
  File "/Users/i/Documents/work/scraper/sitescrapers/management/commands/sync_jobs_to_sdb.py", line 125, in handle
    response = requests.post(sdb_api_url, json=payload, timeout=30)
  File "/Users/i/Library/Python/3.9/lib/python/site-packages/requests/api.py", line 115, in post
    return request("post", url, data=data, json=json, **kwargs)
  File "/Users/i/Library/Python/3.9/lib/python/site-packages/requests/api.py", line 59, in request
    return session.request(method=method, url=url, **kwargs)
  File "/Users/i/Library/Python/3.9/lib/python/site-packages/requests/sessions.py", line 575, in request
    prep = self.prepare_request(req)
  File "/Users/i/Library/Python/3.9/lib/python/site-packages/requests/sessions.py", line 484, in prepare_request
    p.prepare(
  File "/Users/i/Library/Python/3.9/lib/python/site-packages/requests/models.py", line 367, in prepare
    self.prepare_url(url, params)
  File "/Users/i/Library/Python/3.9/lib/python/site-packages/requests/models.py", line 438, in prepare_url
    raise MissingSchema(
requests.exceptions.MissingSchema: Invalid URL 'backup.supersami.com/api/backup/scraping-job/': No scheme supplied. Perhaps you meant https://backup.supersami.com/api/backup/scraping-job/?
2025-04-17 23:52:49,020 - sitescrapers.management.commands.sync_jobs_to_sdb - ERROR - [sync_jobs_to_sdb.py:149] - Failed to sync ScrapingJob PK=178: Invalid URL 'backup.supersami.com/api/backup/scraping-job/': No scheme supplied. Perhaps you meant https://backup.supersami.com/api/backup/scraping-job/?
Traceback (most recent call last):
  File "/Users/i/Documents/work/scraper/sitescrapers/management/commands/sync_jobs_to_sdb.py", line 125, in handle
    response = requests.post(sdb_api_url, json=payload, timeout=30)
  File "/Users/i/Library/Python/3.9/lib/python/site-packages/requests/api.py", line 115, in post
    return request("post", url, data=data, json=json, **kwargs)
  File "/Users/i/Library/Python/3.9/lib/python/site-packages/requests/api.py", line 59, in request
    return session.request(method=method, url=url, **kwargs)
  File "/Users/i/Library/Python/3.9/lib/python/site-packages/requests/sessions.py", line 575, in request
    prep = self.prepare_request(req)
  File "/Users/i/Library/Python/3.9/lib/python/site-packages/requests/sessions.py", line 484, in prepare_request
    p.prepare(
  File "/Users/i/Library/Python/3.9/lib/python/site-packages/requests/models.py", line 367, in prepare
    self.prepare_url(url, params)
  File "/Users/i/Library/Python/3.9/lib/python/site-packages/requests/models.py", line 438, in prepare_url
    raise MissingSchema(
requests.exceptions.MissingSchema: Invalid URL 'backup.supersami.com/api/backup/scraping-job/': No scheme supplied. Perhaps you meant https://backup.supersami.com/api/backup/scraping-job/?
2025-04-17 23:52:49,078 - sitescrapers.management.commands.sync_jobs_to_sdb - ERROR - [sync_jobs_to_sdb.py:149] - Failed to sync ScrapingJob PK=179: Invalid URL 'backup.supersami.com/api/backup/scraping-job/': No scheme supplied. Perhaps you meant https://backup.supersami.com/api/backup/scraping-job/?
Traceback (most recent call last):
  File "/Users/i/Documents/work/scraper/sitescrapers/management/commands/sync_jobs_to_sdb.py", line 125, in handle
    response = requests.post(sdb_api_url, json=payload, timeout=30)
  File "/Users/i/Library/Python/3.9/lib/python/site-packages/requests/api.py", line 115, in post
    return request("post", url, data=data, json=json, **kwargs)
  File "/Users/i/Library/Python/3.9/lib/python/site-packages/requests/api.py", line 59, in request
    return session.request(method=method, url=url, **kwargs)
  File "/Users/i/Library/Python/3.9/lib/python/site-packages/requests/sessions.py", line 575, in request
    prep = self.prepare_request(req)
  File "/Users/i/Library/Python/3.9/lib/python/site-packages/requests/sessions.py", line 484, in prepare_request
    p.prepare(
  File "/Users/i/Library/Python/3.9/lib/python/site-packages/requests/models.py", line 367, in prepare
    self.prepare_url(url, params)
  File "/Users/i/Library/Python/3.9/lib/python/site-packages/requests/models.py", line 438, in prepare_url
    raise MissingSchema(
requests.exceptions.MissingSchema: Invalid URL 'backup.supersami.com/api/backup/scraping-job/': No scheme supplied. Perhaps you meant https://backup.supersami.com/api/backup/scraping-job/?
2025-04-17 23:52:49,135 - sitescrapers.management.commands.sync_jobs_to_sdb - ERROR - [sync_jobs_to_sdb.py:149] - Failed to sync ScrapingJob PK=180: Invalid URL 'backup.supersami.com/api/backup/scraping-job/': No scheme supplied. Perhaps you meant https://backup.supersami.com/api/backup/scraping-job/?
Traceback (most recent call last):
  File "/Users/i/Documents/work/scraper/sitescrapers/management/commands/sync_jobs_to_sdb.py", line 125, in handle
    response = requests.post(sdb_api_url, json=payload, timeout=30)
  File "/Users/i/Library/Python/3.9/lib/python/site-packages/requests/api.py", line 115, in post
    return request("post", url, data=data, json=json, **kwargs)
  File "/Users/i/Library/Python/3.9/lib/python/site-packages/requests/api.py", line 59, in request
    return session.request(method=method, url=url, **kwargs)
  File "/Users/i/Library/Python/3.9/lib/python/site-packages/requests/sessions.py", line 575, in request
    prep = self.prepare_request(req)
  File "/Users/i/Library/Python/3.9/lib/python/site-packages/requests/sessions.py", line 484, in prepare_request
    p.prepare(
  File "/Users/i/Library/Python/3.9/lib/python/site-packages/requests/models.py", line 367, in prepare
    self.prepare_url(url, params)
  File "/Users/i/Library/Python/3.9/lib/python/site-packages/requests/models.py", line 438, in prepare_url
    raise MissingSchema(
requests.exceptions.MissingSchema: Invalid URL 'backup.supersami.com/api/backup/scraping-job/': No scheme supplied. Perhaps you meant https://backup.supersami.com/api/backup/scraping-job/?
2025-04-17 23:52:49,189 - sitescrapers.management.commands.sync_jobs_to_sdb - ERROR - [sync_jobs_to_sdb.py:149] - Failed to sync ScrapingJob PK=181: Invalid URL 'backup.supersami.com/api/backup/scraping-job/': No scheme supplied. Perhaps you meant https://backup.supersami.com/api/backup/scraping-job/?
Traceback (most recent call last):
  File "/Users/i/Documents/work/scraper/sitescrapers/management/commands/sync_jobs_to_sdb.py", line 125, in handle
    response = requests.post(sdb_api_url, json=payload, timeout=30)
  File "/Users/i/Library/Python/3.9/lib/python/site-packages/requests/api.py", line 115, in post
    return request("post", url, data=data, json=json, **kwargs)
  File "/Users/i/Library/Python/3.9/lib/python/site-packages/requests/api.py", line 59, in request
    return session.request(method=method, url=url, **kwargs)
  File "/Users/i/Library/Python/3.9/lib/python/site-packages/requests/sessions.py", line 575, in request
    prep = self.prepare_request(req)
  File "/Users/i/Library/Python/3.9/lib/python/site-packages/requests/sessions.py", line 484, in prepare_request
    p.prepare(
  File "/Users/i/Library/Python/3.9/lib/python/site-packages/requests/models.py", line 367, in prepare
    self.prepare_url(url, params)
  File "/Users/i/Library/Python/3.9/lib/python/site-packages/requests/models.py", line 438, in prepare_url
    raise MissingSchema(
requests.exceptions.MissingSchema: Invalid URL 'backup.supersami.com/api/backup/scraping-job/': No scheme supplied. Perhaps you meant https://backup.supersami.com/api/backup/scraping-job/?
2025-04-17 23:52:49,246 - sitescrapers.management.commands.sync_jobs_to_sdb - ERROR - [sync_jobs_to_sdb.py:149] - Failed to sync ScrapingJob PK=182: Invalid URL 'backup.supersami.com/api/backup/scraping-job/': No scheme supplied. Perhaps you meant https://backup.supersami.com/api/backup/scraping-job/?
Traceback (most recent call last):
  File "/Users/i/Documents/work/scraper/sitescrapers/management/commands/sync_jobs_to_sdb.py", line 125, in handle
    response = requests.post(sdb_api_url, json=payload, timeout=30)
  File "/Users/i/Library/Python/3.9/lib/python/site-packages/requests/api.py", line 115, in post
    return request("post", url, data=data, json=json, **kwargs)
  File "/Users/i/Library/Python/3.9/lib/python/site-packages/requests/api.py", line 59, in request
    return session.request(method=method, url=url, **kwargs)
  File "/Users/i/Library/Python/3.9/lib/python/site-packages/requests/sessions.py", line 575, in request
    prep = self.prepare_request(req)
  File "/Users/i/Library/Python/3.9/lib/python/site-packages/requests/sessions.py", line 484, in prepare_request
    p.prepare(
  File "/Users/i/Library/Python/3.9/lib/python/site-packages/requests/models.py", line 367, in prepare
    self.prepare_url(url, params)
  File "/Users/i/Library/Python/3.9/lib/python/site-packages/requests/models.py", line 438, in prepare_url
    raise MissingSchema(
requests.exceptions.MissingSchema: Invalid URL 'backup.supersami.com/api/backup/scraping-job/': No scheme supplied. Perhaps you meant https://backup.supersami.com/api/backup/scraping-job/?
2025-04-17 23:52:49,303 - sitescrapers.management.commands.sync_jobs_to_sdb - ERROR - [sync_jobs_to_sdb.py:149] - Failed to sync ScrapingJob PK=183: Invalid URL 'backup.supersami.com/api/backup/scraping-job/': No scheme supplied. Perhaps you meant https://backup.supersami.com/api/backup/scraping-job/?
Traceback (most recent call last):
  File "/Users/i/Documents/work/scraper/sitescrapers/management/commands/sync_jobs_to_sdb.py", line 125, in handle
    response = requests.post(sdb_api_url, json=payload, timeout=30)
  File "/Users/i/Library/Python/3.9/lib/python/site-packages/requests/api.py", line 115, in post
    return request("post", url, data=data, json=json, **kwargs)
  File "/Users/i/Library/Python/3.9/lib/python/site-packages/requests/api.py", line 59, in request
    return session.request(method=method, url=url, **kwargs)
  File "/Users/i/Library/Python/3.9/lib/python/site-packages/requests/sessions.py", line 575, in request
    prep = self.prepare_request(req)
  File "/Users/i/Library/Python/3.9/lib/python/site-packages/requests/sessions.py", line 484, in prepare_request
    p.prepare(
  File "/Users/i/Library/Python/3.9/lib/python/site-packages/requests/models.py", line 367, in prepare
    self.prepare_url(url, params)
  File "/Users/i/Library/Python/3.9/lib/python/site-packages/requests/models.py", line 438, in prepare_url
    raise MissingSchema(
requests.exceptions.MissingSchema: Invalid URL 'backup.supersami.com/api/backup/scraping-job/': No scheme supplied. Perhaps you meant https://backup.supersami.com/api/backup/scraping-job/?
2025-04-17 23:52:49,361 - sitescrapers.management.commands.sync_jobs_to_sdb - ERROR - [sync_jobs_to_sdb.py:149] - Failed to sync ScrapingJob PK=184: Invalid URL 'backup.supersami.com/api/backup/scraping-job/': No scheme supplied. Perhaps you meant https://backup.supersami.com/api/backup/scraping-job/?
Traceback (most recent call last):
  File "/Users/i/Documents/work/scraper/sitescrapers/management/commands/sync_jobs_to_sdb.py", line 125, in handle
    response = requests.post(sdb_api_url, json=payload, timeout=30)
  File "/Users/i/Library/Python/3.9/lib/python/site-packages/requests/api.py", line 115, in post
    return request("post", url, data=data, json=json, **kwargs)
  File "/Users/i/Library/Python/3.9/lib/python/site-packages/requests/api.py", line 59, in request
    return session.request(method=method, url=url, **kwargs)
  File "/Users/i/Library/Python/3.9/lib/python/site-packages/requests/sessions.py", line 575, in request
    prep = self.prepare_request(req)
  File "/Users/i/Library/Python/3.9/lib/python/site-packages/requests/sessions.py", line 484, in prepare_request
    p.prepare(
  File "/Users/i/Library/Python/3.9/lib/python/site-packages/requests/models.py", line 367, in prepare
    self.prepare_url(url, params)
  File "/Users/i/Library/Python/3.9/lib/python/site-packages/requests/models.py", line 438, in prepare_url
    raise MissingSchema(
requests.exceptions.MissingSchema: Invalid URL 'backup.supersami.com/api/backup/scraping-job/': No scheme supplied. Perhaps you meant https://backup.supersami.com/api/backup/scraping-job/?
2025-04-17 23:52:49,416 - sitescrapers.management.commands.sync_jobs_to_sdb - ERROR - [sync_jobs_to_sdb.py:149] - Failed to sync ScrapingJob PK=185: Invalid URL 'backup.supersami.com/api/backup/scraping-job/': No scheme supplied. Perhaps you meant https://backup.supersami.com/api/backup/scraping-job/?
Traceback (most recent call last):
  File "/Users/i/Documents/work/scraper/sitescrapers/management/commands/sync_jobs_to_sdb.py", line 125, in handle
    response = requests.post(sdb_api_url, json=payload, timeout=30)
  File "/Users/i/Library/Python/3.9/lib/python/site-packages/requests/api.py", line 115, in post
    return request("post", url, data=data, json=json, **kwargs)
  File "/Users/i/Library/Python/3.9/lib/python/site-packages/requests/api.py", line 59, in request
    return session.request(method=method, url=url, **kwargs)
  File "/Users/i/Library/Python/3.9/lib/python/site-packages/requests/sessions.py", line 575, in request
    prep = self.prepare_request(req)
  File "/Users/i/Library/Python/3.9/lib/python/site-packages/requests/sessions.py", line 484, in prepare_request
    p.prepare(
  File "/Users/i/Library/Python/3.9/lib/python/site-packages/requests/models.py", line 367, in prepare
    self.prepare_url(url, params)
  File "/Users/i/Library/Python/3.9/lib/python/site-packages/requests/models.py", line 438, in prepare_url
    raise MissingSchema(
requests.exceptions.MissingSchema: Invalid URL 'backup.supersami.com/api/backup/scraping-job/': No scheme supplied. Perhaps you meant https://backup.supersami.com/api/backup/scraping-job/?
2025-04-17 23:52:49,474 - sitescrapers.management.commands.sync_jobs_to_sdb - ERROR - [sync_jobs_to_sdb.py:149] - Failed to sync ScrapingJob PK=186: Invalid URL 'backup.supersami.com/api/backup/scraping-job/': No scheme supplied. Perhaps you meant https://backup.supersami.com/api/backup/scraping-job/?
Traceback (most recent call last):
  File "/Users/i/Documents/work/scraper/sitescrapers/management/commands/sync_jobs_to_sdb.py", line 125, in handle
    response = requests.post(sdb_api_url, json=payload, timeout=30)
  File "/Users/i/Library/Python/3.9/lib/python/site-packages/requests/api.py", line 115, in post
    return request("post", url, data=data, json=json, **kwargs)
  File "/Users/i/Library/Python/3.9/lib/python/site-packages/requests/api.py", line 59, in request
    return session.request(method=method, url=url, **kwargs)
  File "/Users/i/Library/Python/3.9/lib/python/site-packages/requests/sessions.py", line 575, in request
    prep = self.prepare_request(req)
  File "/Users/i/Library/Python/3.9/lib/python/site-packages/requests/sessions.py", line 484, in prepare_request
    p.prepare(
  File "/Users/i/Library/Python/3.9/lib/python/site-packages/requests/models.py", line 367, in prepare
    self.prepare_url(url, params)
  File "/Users/i/Library/Python/3.9/lib/python/site-packages/requests/models.py", line 438, in prepare_url
    raise MissingSchema(
requests.exceptions.MissingSchema: Invalid URL 'backup.supersami.com/api/backup/scraping-job/': No scheme supplied. Perhaps you meant https://backup.supersami.com/api/backup/scraping-job/?
2025-04-17 23:52:49,532 - sitescrapers.management.commands.sync_jobs_to_sdb - ERROR - [sync_jobs_to_sdb.py:149] - Failed to sync ScrapingJob PK=187: Invalid URL 'backup.supersami.com/api/backup/scraping-job/': No scheme supplied. Perhaps you meant https://backup.supersami.com/api/backup/scraping-job/?
Traceback (most recent call last):
  File "/Users/i/Documents/work/scraper/sitescrapers/management/commands/sync_jobs_to_sdb.py", line 125, in handle
    response = requests.post(sdb_api_url, json=payload, timeout=30)
  File "/Users/i/Library/Python/3.9/lib/python/site-packages/requests/api.py", line 115, in post
    return request("post", url, data=data, json=json, **kwargs)
  File "/Users/i/Library/Python/3.9/lib/python/site-packages/requests/api.py", line 59, in request
    return session.request(method=method, url=url, **kwargs)
  File "/Users/i/Library/Python/3.9/lib/python/site-packages/requests/sessions.py", line 575, in request
    prep = self.prepare_request(req)
  File "/Users/i/Library/Python/3.9/lib/python/site-packages/requests/sessions.py", line 484, in prepare_request
    p.prepare(
  File "/Users/i/Library/Python/3.9/lib/python/site-packages/requests/models.py", line 367, in prepare
    self.prepare_url(url, params)
  File "/Users/i/Library/Python/3.9/lib/python/site-packages/requests/models.py", line 438, in prepare_url
    raise MissingSchema(
requests.exceptions.MissingSchema: Invalid URL 'backup.supersami.com/api/backup/scraping-job/': No scheme supplied. Perhaps you meant https://backup.supersami.com/api/backup/scraping-job/?
2025-04-17 23:52:49,588 - sitescrapers.management.commands.sync_jobs_to_sdb - ERROR - [sync_jobs_to_sdb.py:149] - Failed to sync ScrapingJob PK=188: Invalid URL 'backup.supersami.com/api/backup/scraping-job/': No scheme supplied. Perhaps you meant https://backup.supersami.com/api/backup/scraping-job/?
Traceback (most recent call last):
  File "/Users/i/Documents/work/scraper/sitescrapers/management/commands/sync_jobs_to_sdb.py", line 125, in handle
    response = requests.post(sdb_api_url, json=payload, timeout=30)
  File "/Users/i/Library/Python/3.9/lib/python/site-packages/requests/api.py", line 115, in post
    return request("post", url, data=data, json=json, **kwargs)
  File "/Users/i/Library/Python/3.9/lib/python/site-packages/requests/api.py", line 59, in request
    return session.request(method=method, url=url, **kwargs)
  File "/Users/i/Library/Python/3.9/lib/python/site-packages/requests/sessions.py", line 575, in request
    prep = self.prepare_request(req)
  File "/Users/i/Library/Python/3.9/lib/python/site-packages/requests/sessions.py", line 484, in prepare_request
    p.prepare(
  File "/Users/i/Library/Python/3.9/lib/python/site-packages/requests/models.py", line 367, in prepare
    self.prepare_url(url, params)
  File "/Users/i/Library/Python/3.9/lib/python/site-packages/requests/models.py", line 438, in prepare_url
    raise MissingSchema(
requests.exceptions.MissingSchema: Invalid URL 'backup.supersami.com/api/backup/scraping-job/': No scheme supplied. Perhaps you meant https://backup.supersami.com/api/backup/scraping-job/?
2025-04-17 23:52:49,644 - sitescrapers.management.commands.sync_jobs_to_sdb - ERROR - [sync_jobs_to_sdb.py:149] - Failed to sync ScrapingJob PK=189: Invalid URL 'backup.supersami.com/api/backup/scraping-job/': No scheme supplied. Perhaps you meant https://backup.supersami.com/api/backup/scraping-job/?
Traceback (most recent call last):
  File "/Users/i/Documents/work/scraper/sitescrapers/management/commands/sync_jobs_to_sdb.py", line 125, in handle
    response = requests.post(sdb_api_url, json=payload, timeout=30)
  File "/Users/i/Library/Python/3.9/lib/python/site-packages/requests/api.py", line 115, in post
    return request("post", url, data=data, json=json, **kwargs)
  File "/Users/i/Library/Python/3.9/lib/python/site-packages/requests/api.py", line 59, in request
    return session.request(method=method, url=url, **kwargs)
  File "/Users/i/Library/Python/3.9/lib/python/site-packages/requests/sessions.py", line 575, in request
    prep = self.prepare_request(req)
  File "/Users/i/Library/Python/3.9/lib/python/site-packages/requests/sessions.py", line 484, in prepare_request
    p.prepare(
  File "/Users/i/Library/Python/3.9/lib/python/site-packages/requests/models.py", line 367, in prepare
    self.prepare_url(url, params)
  File "/Users/i/Library/Python/3.9/lib/python/site-packages/requests/models.py", line 438, in prepare_url
    raise MissingSchema(
requests.exceptions.MissingSchema: Invalid URL 'backup.supersami.com/api/backup/scraping-job/': No scheme supplied. Perhaps you meant https://backup.supersami.com/api/backup/scraping-job/?
2025-04-17 23:52:49,698 - sitescrapers.management.commands.sync_jobs_to_sdb - ERROR - [sync_jobs_to_sdb.py:149] - Failed to sync ScrapingJob PK=190: Invalid URL 'backup.supersami.com/api/backup/scraping-job/': No scheme supplied. Perhaps you meant https://backup.supersami.com/api/backup/scraping-job/?
Traceback (most recent call last):
  File "/Users/i/Documents/work/scraper/sitescrapers/management/commands/sync_jobs_to_sdb.py", line 125, in handle
    response = requests.post(sdb_api_url, json=payload, timeout=30)
  File "/Users/i/Library/Python/3.9/lib/python/site-packages/requests/api.py", line 115, in post
    return request("post", url, data=data, json=json, **kwargs)
  File "/Users/i/Library/Python/3.9/lib/python/site-packages/requests/api.py", line 59, in request
    return session.request(method=method, url=url, **kwargs)
  File "/Users/i/Library/Python/3.9/lib/python/site-packages/requests/sessions.py", line 575, in request
    prep = self.prepare_request(req)
  File "/Users/i/Library/Python/3.9/lib/python/site-packages/requests/sessions.py", line 484, in prepare_request
    p.prepare(
  File "/Users/i/Library/Python/3.9/lib/python/site-packages/requests/models.py", line 367, in prepare
    self.prepare_url(url, params)
  File "/Users/i/Library/Python/3.9/lib/python/site-packages/requests/models.py", line 438, in prepare_url
    raise MissingSchema(
requests.exceptions.MissingSchema: Invalid URL 'backup.supersami.com/api/backup/scraping-job/': No scheme supplied. Perhaps you meant https://backup.supersami.com/api/backup/scraping-job/?
2025-04-17 23:52:49,755 - sitescrapers.management.commands.sync_jobs_to_sdb - ERROR - [sync_jobs_to_sdb.py:149] - Failed to sync ScrapingJob PK=191: Invalid URL 'backup.supersami.com/api/backup/scraping-job/': No scheme supplied. Perhaps you meant https://backup.supersami.com/api/backup/scraping-job/?
Traceback (most recent call last):
  File "/Users/i/Documents/work/scraper/sitescrapers/management/commands/sync_jobs_to_sdb.py", line 125, in handle
    response = requests.post(sdb_api_url, json=payload, timeout=30)
  File "/Users/i/Library/Python/3.9/lib/python/site-packages/requests/api.py", line 115, in post
    return request("post", url, data=data, json=json, **kwargs)
  File "/Users/i/Library/Python/3.9/lib/python/site-packages/requests/api.py", line 59, in request
    return session.request(method=method, url=url, **kwargs)
  File "/Users/i/Library/Python/3.9/lib/python/site-packages/requests/sessions.py", line 575, in request
    prep = self.prepare_request(req)
  File "/Users/i/Library/Python/3.9/lib/python/site-packages/requests/sessions.py", line 484, in prepare_request
    p.prepare(
  File "/Users/i/Library/Python/3.9/lib/python/site-packages/requests/models.py", line 367, in prepare
    self.prepare_url(url, params)
  File "/Users/i/Library/Python/3.9/lib/python/site-packages/requests/models.py", line 438, in prepare_url
    raise MissingSchema(
requests.exceptions.MissingSchema: Invalid URL 'backup.supersami.com/api/backup/scraping-job/': No scheme supplied. Perhaps you meant https://backup.supersami.com/api/backup/scraping-job/?
2025-04-17 23:52:49,811 - sitescrapers.management.commands.sync_jobs_to_sdb - ERROR - [sync_jobs_to_sdb.py:149] - Failed to sync ScrapingJob PK=192: Invalid URL 'backup.supersami.com/api/backup/scraping-job/': No scheme supplied. Perhaps you meant https://backup.supersami.com/api/backup/scraping-job/?
Traceback (most recent call last):
  File "/Users/i/Documents/work/scraper/sitescrapers/management/commands/sync_jobs_to_sdb.py", line 125, in handle
    response = requests.post(sdb_api_url, json=payload, timeout=30)
  File "/Users/i/Library/Python/3.9/lib/python/site-packages/requests/api.py", line 115, in post
    return request("post", url, data=data, json=json, **kwargs)
  File "/Users/i/Library/Python/3.9/lib/python/site-packages/requests/api.py", line 59, in request
    return session.request(method=method, url=url, **kwargs)
  File "/Users/i/Library/Python/3.9/lib/python/site-packages/requests/sessions.py", line 575, in request
    prep = self.prepare_request(req)
  File "/Users/i/Library/Python/3.9/lib/python/site-packages/requests/sessions.py", line 484, in prepare_request
    p.prepare(
  File "/Users/i/Library/Python/3.9/lib/python/site-packages/requests/models.py", line 367, in prepare
    self.prepare_url(url, params)
  File "/Users/i/Library/Python/3.9/lib/python/site-packages/requests/models.py", line 438, in prepare_url
    raise MissingSchema(
requests.exceptions.MissingSchema: Invalid URL 'backup.supersami.com/api/backup/scraping-job/': No scheme supplied. Perhaps you meant https://backup.supersami.com/api/backup/scraping-job/?
2025-04-17 23:52:49,867 - sitescrapers.management.commands.sync_jobs_to_sdb - ERROR - [sync_jobs_to_sdb.py:149] - Failed to sync ScrapingJob PK=193: Invalid URL 'backup.supersami.com/api/backup/scraping-job/': No scheme supplied. Perhaps you meant https://backup.supersami.com/api/backup/scraping-job/?
Traceback (most recent call last):
  File "/Users/i/Documents/work/scraper/sitescrapers/management/commands/sync_jobs_to_sdb.py", line 125, in handle
    response = requests.post(sdb_api_url, json=payload, timeout=30)
  File "/Users/i/Library/Python/3.9/lib/python/site-packages/requests/api.py", line 115, in post
    return request("post", url, data=data, json=json, **kwargs)
  File "/Users/i/Library/Python/3.9/lib/python/site-packages/requests/api.py", line 59, in request
    return session.request(method=method, url=url, **kwargs)
  File "/Users/i/Library/Python/3.9/lib/python/site-packages/requests/sessions.py", line 575, in request
    prep = self.prepare_request(req)
  File "/Users/i/Library/Python/3.9/lib/python/site-packages/requests/sessions.py", line 484, in prepare_request
    p.prepare(
  File "/Users/i/Library/Python/3.9/lib/python/site-packages/requests/models.py", line 367, in prepare
    self.prepare_url(url, params)
  File "/Users/i/Library/Python/3.9/lib/python/site-packages/requests/models.py", line 438, in prepare_url
    raise MissingSchema(
requests.exceptions.MissingSchema: Invalid URL 'backup.supersami.com/api/backup/scraping-job/': No scheme supplied. Perhaps you meant https://backup.supersami.com/api/backup/scraping-job/?
2025-04-17 23:52:49,923 - sitescrapers.management.commands.sync_jobs_to_sdb - ERROR - [sync_jobs_to_sdb.py:149] - Failed to sync ScrapingJob PK=194: Invalid URL 'backup.supersami.com/api/backup/scraping-job/': No scheme supplied. Perhaps you meant https://backup.supersami.com/api/backup/scraping-job/?
Traceback (most recent call last):
  File "/Users/i/Documents/work/scraper/sitescrapers/management/commands/sync_jobs_to_sdb.py", line 125, in handle
    response = requests.post(sdb_api_url, json=payload, timeout=30)
  File "/Users/i/Library/Python/3.9/lib/python/site-packages/requests/api.py", line 115, in post
    return request("post", url, data=data, json=json, **kwargs)
  File "/Users/i/Library/Python/3.9/lib/python/site-packages/requests/api.py", line 59, in request
    return session.request(method=method, url=url, **kwargs)
  File "/Users/i/Library/Python/3.9/lib/python/site-packages/requests/sessions.py", line 575, in request
    prep = self.prepare_request(req)
  File "/Users/i/Library/Python/3.9/lib/python/site-packages/requests/sessions.py", line 484, in prepare_request
    p.prepare(
  File "/Users/i/Library/Python/3.9/lib/python/site-packages/requests/models.py", line 367, in prepare
    self.prepare_url(url, params)
  File "/Users/i/Library/Python/3.9/lib/python/site-packages/requests/models.py", line 438, in prepare_url
    raise MissingSchema(
requests.exceptions.MissingSchema: Invalid URL 'backup.supersami.com/api/backup/scraping-job/': No scheme supplied. Perhaps you meant https://backup.supersami.com/api/backup/scraping-job/?
2025-04-17 23:52:49,979 - sitescrapers.management.commands.sync_jobs_to_sdb - ERROR - [sync_jobs_to_sdb.py:149] - Failed to sync ScrapingJob PK=195: Invalid URL 'backup.supersami.com/api/backup/scraping-job/': No scheme supplied. Perhaps you meant https://backup.supersami.com/api/backup/scraping-job/?
Traceback (most recent call last):
  File "/Users/i/Documents/work/scraper/sitescrapers/management/commands/sync_jobs_to_sdb.py", line 125, in handle
    response = requests.post(sdb_api_url, json=payload, timeout=30)
  File "/Users/i/Library/Python/3.9/lib/python/site-packages/requests/api.py", line 115, in post
    return request("post", url, data=data, json=json, **kwargs)
  File "/Users/i/Library/Python/3.9/lib/python/site-packages/requests/api.py", line 59, in request
    return session.request(method=method, url=url, **kwargs)
  File "/Users/i/Library/Python/3.9/lib/python/site-packages/requests/sessions.py", line 575, in request
    prep = self.prepare_request(req)
  File "/Users/i/Library/Python/3.9/lib/python/site-packages/requests/sessions.py", line 484, in prepare_request
    p.prepare(
  File "/Users/i/Library/Python/3.9/lib/python/site-packages/requests/models.py", line 367, in prepare
    self.prepare_url(url, params)
  File "/Users/i/Library/Python/3.9/lib/python/site-packages/requests/models.py", line 438, in prepare_url
    raise MissingSchema(
requests.exceptions.MissingSchema: Invalid URL 'backup.supersami.com/api/backup/scraping-job/': No scheme supplied. Perhaps you meant https://backup.supersami.com/api/backup/scraping-job/?
2025-04-17 23:52:50,037 - sitescrapers.management.commands.sync_jobs_to_sdb - ERROR - [sync_jobs_to_sdb.py:149] - Failed to sync ScrapingJob PK=196: Invalid URL 'backup.supersami.com/api/backup/scraping-job/': No scheme supplied. Perhaps you meant https://backup.supersami.com/api/backup/scraping-job/?
Traceback (most recent call last):
  File "/Users/i/Documents/work/scraper/sitescrapers/management/commands/sync_jobs_to_sdb.py", line 125, in handle
    response = requests.post(sdb_api_url, json=payload, timeout=30)
  File "/Users/i/Library/Python/3.9/lib/python/site-packages/requests/api.py", line 115, in post
    return request("post", url, data=data, json=json, **kwargs)
  File "/Users/i/Library/Python/3.9/lib/python/site-packages/requests/api.py", line 59, in request
    return session.request(method=method, url=url, **kwargs)
  File "/Users/i/Library/Python/3.9/lib/python/site-packages/requests/sessions.py", line 575, in request
    prep = self.prepare_request(req)
  File "/Users/i/Library/Python/3.9/lib/python/site-packages/requests/sessions.py", line 484, in prepare_request
    p.prepare(
  File "/Users/i/Library/Python/3.9/lib/python/site-packages/requests/models.py", line 367, in prepare
    self.prepare_url(url, params)
  File "/Users/i/Library/Python/3.9/lib/python/site-packages/requests/models.py", line 438, in prepare_url
    raise MissingSchema(
requests.exceptions.MissingSchema: Invalid URL 'backup.supersami.com/api/backup/scraping-job/': No scheme supplied. Perhaps you meant https://backup.supersami.com/api/backup/scraping-job/?
2025-04-17 23:52:50,090 - sitescrapers.management.commands.sync_jobs_to_sdb - ERROR - [sync_jobs_to_sdb.py:149] - Failed to sync ScrapingJob PK=197: Invalid URL 'backup.supersami.com/api/backup/scraping-job/': No scheme supplied. Perhaps you meant https://backup.supersami.com/api/backup/scraping-job/?
Traceback (most recent call last):
  File "/Users/i/Documents/work/scraper/sitescrapers/management/commands/sync_jobs_to_sdb.py", line 125, in handle
    response = requests.post(sdb_api_url, json=payload, timeout=30)
  File "/Users/i/Library/Python/3.9/lib/python/site-packages/requests/api.py", line 115, in post
    return request("post", url, data=data, json=json, **kwargs)
  File "/Users/i/Library/Python/3.9/lib/python/site-packages/requests/api.py", line 59, in request
    return session.request(method=method, url=url, **kwargs)
  File "/Users/i/Library/Python/3.9/lib/python/site-packages/requests/sessions.py", line 575, in request
    prep = self.prepare_request(req)
  File "/Users/i/Library/Python/3.9/lib/python/site-packages/requests/sessions.py", line 484, in prepare_request
    p.prepare(
  File "/Users/i/Library/Python/3.9/lib/python/site-packages/requests/models.py", line 367, in prepare
    self.prepare_url(url, params)
  File "/Users/i/Library/Python/3.9/lib/python/site-packages/requests/models.py", line 438, in prepare_url
    raise MissingSchema(
requests.exceptions.MissingSchema: Invalid URL 'backup.supersami.com/api/backup/scraping-job/': No scheme supplied. Perhaps you meant https://backup.supersami.com/api/backup/scraping-job/?
2025-04-17 23:52:50,143 - sitescrapers.management.commands.sync_jobs_to_sdb - ERROR - [sync_jobs_to_sdb.py:149] - Failed to sync ScrapingJob PK=198: Invalid URL 'backup.supersami.com/api/backup/scraping-job/': No scheme supplied. Perhaps you meant https://backup.supersami.com/api/backup/scraping-job/?
Traceback (most recent call last):
  File "/Users/i/Documents/work/scraper/sitescrapers/management/commands/sync_jobs_to_sdb.py", line 125, in handle
    response = requests.post(sdb_api_url, json=payload, timeout=30)
  File "/Users/i/Library/Python/3.9/lib/python/site-packages/requests/api.py", line 115, in post
    return request("post", url, data=data, json=json, **kwargs)
  File "/Users/i/Library/Python/3.9/lib/python/site-packages/requests/api.py", line 59, in request
    return session.request(method=method, url=url, **kwargs)
  File "/Users/i/Library/Python/3.9/lib/python/site-packages/requests/sessions.py", line 575, in request
    prep = self.prepare_request(req)
  File "/Users/i/Library/Python/3.9/lib/python/site-packages/requests/sessions.py", line 484, in prepare_request
    p.prepare(
  File "/Users/i/Library/Python/3.9/lib/python/site-packages/requests/models.py", line 367, in prepare
    self.prepare_url(url, params)
  File "/Users/i/Library/Python/3.9/lib/python/site-packages/requests/models.py", line 438, in prepare_url
    raise MissingSchema(
requests.exceptions.MissingSchema: Invalid URL 'backup.supersami.com/api/backup/scraping-job/': No scheme supplied. Perhaps you meant https://backup.supersami.com/api/backup/scraping-job/?
2025-04-17 23:52:50,199 - sitescrapers.management.commands.sync_jobs_to_sdb - ERROR - [sync_jobs_to_sdb.py:149] - Failed to sync ScrapingJob PK=199: Invalid URL 'backup.supersami.com/api/backup/scraping-job/': No scheme supplied. Perhaps you meant https://backup.supersami.com/api/backup/scraping-job/?
Traceback (most recent call last):
  File "/Users/i/Documents/work/scraper/sitescrapers/management/commands/sync_jobs_to_sdb.py", line 125, in handle
    response = requests.post(sdb_api_url, json=payload, timeout=30)
  File "/Users/i/Library/Python/3.9/lib/python/site-packages/requests/api.py", line 115, in post
    return request("post", url, data=data, json=json, **kwargs)
  File "/Users/i/Library/Python/3.9/lib/python/site-packages/requests/api.py", line 59, in request
    return session.request(method=method, url=url, **kwargs)
  File "/Users/i/Library/Python/3.9/lib/python/site-packages/requests/sessions.py", line 575, in request
    prep = self.prepare_request(req)
  File "/Users/i/Library/Python/3.9/lib/python/site-packages/requests/sessions.py", line 484, in prepare_request
    p.prepare(
  File "/Users/i/Library/Python/3.9/lib/python/site-packages/requests/models.py", line 367, in prepare
    self.prepare_url(url, params)
  File "/Users/i/Library/Python/3.9/lib/python/site-packages/requests/models.py", line 438, in prepare_url
    raise MissingSchema(
requests.exceptions.MissingSchema: Invalid URL 'backup.supersami.com/api/backup/scraping-job/': No scheme supplied. Perhaps you meant https://backup.supersami.com/api/backup/scraping-job/?
2025-04-17 23:52:50,254 - sitescrapers.management.commands.sync_jobs_to_sdb - ERROR - [sync_jobs_to_sdb.py:149] - Failed to sync ScrapingJob PK=200: Invalid URL 'backup.supersami.com/api/backup/scraping-job/': No scheme supplied. Perhaps you meant https://backup.supersami.com/api/backup/scraping-job/?
Traceback (most recent call last):
  File "/Users/i/Documents/work/scraper/sitescrapers/management/commands/sync_jobs_to_sdb.py", line 125, in handle
    response = requests.post(sdb_api_url, json=payload, timeout=30)
  File "/Users/i/Library/Python/3.9/lib/python/site-packages/requests/api.py", line 115, in post
    return request("post", url, data=data, json=json, **kwargs)
  File "/Users/i/Library/Python/3.9/lib/python/site-packages/requests/api.py", line 59, in request
    return session.request(method=method, url=url, **kwargs)
  File "/Users/i/Library/Python/3.9/lib/python/site-packages/requests/sessions.py", line 575, in request
    prep = self.prepare_request(req)
  File "/Users/i/Library/Python/3.9/lib/python/site-packages/requests/sessions.py", line 484, in prepare_request
    p.prepare(
  File "/Users/i/Library/Python/3.9/lib/python/site-packages/requests/models.py", line 367, in prepare
    self.prepare_url(url, params)
  File "/Users/i/Library/Python/3.9/lib/python/site-packages/requests/models.py", line 438, in prepare_url
    raise MissingSchema(
requests.exceptions.MissingSchema: Invalid URL 'backup.supersami.com/api/backup/scraping-job/': No scheme supplied. Perhaps you meant https://backup.supersami.com/api/backup/scraping-job/?
2025-04-17 23:52:50,310 - sitescrapers.management.commands.sync_jobs_to_sdb - ERROR - [sync_jobs_to_sdb.py:149] - Failed to sync ScrapingJob PK=201: Invalid URL 'backup.supersami.com/api/backup/scraping-job/': No scheme supplied. Perhaps you meant https://backup.supersami.com/api/backup/scraping-job/?
Traceback (most recent call last):
  File "/Users/i/Documents/work/scraper/sitescrapers/management/commands/sync_jobs_to_sdb.py", line 125, in handle
    response = requests.post(sdb_api_url, json=payload, timeout=30)
  File "/Users/i/Library/Python/3.9/lib/python/site-packages/requests/api.py", line 115, in post
    return request("post", url, data=data, json=json, **kwargs)
  File "/Users/i/Library/Python/3.9/lib/python/site-packages/requests/api.py", line 59, in request
    return session.request(method=method, url=url, **kwargs)
  File "/Users/i/Library/Python/3.9/lib/python/site-packages/requests/sessions.py", line 575, in request
    prep = self.prepare_request(req)
  File "/Users/i/Library/Python/3.9/lib/python/site-packages/requests/sessions.py", line 484, in prepare_request
    p.prepare(
  File "/Users/i/Library/Python/3.9/lib/python/site-packages/requests/models.py", line 367, in prepare
    self.prepare_url(url, params)
  File "/Users/i/Library/Python/3.9/lib/python/site-packages/requests/models.py", line 438, in prepare_url
    raise MissingSchema(
requests.exceptions.MissingSchema: Invalid URL 'backup.supersami.com/api/backup/scraping-job/': No scheme supplied. Perhaps you meant https://backup.supersami.com/api/backup/scraping-job/?
2025-04-17 23:52:50,367 - sitescrapers.management.commands.sync_jobs_to_sdb - ERROR - [sync_jobs_to_sdb.py:149] - Failed to sync ScrapingJob PK=202: Invalid URL 'backup.supersami.com/api/backup/scraping-job/': No scheme supplied. Perhaps you meant https://backup.supersami.com/api/backup/scraping-job/?
Traceback (most recent call last):
  File "/Users/i/Documents/work/scraper/sitescrapers/management/commands/sync_jobs_to_sdb.py", line 125, in handle
    response = requests.post(sdb_api_url, json=payload, timeout=30)
  File "/Users/i/Library/Python/3.9/lib/python/site-packages/requests/api.py", line 115, in post
    return request("post", url, data=data, json=json, **kwargs)
  File "/Users/i/Library/Python/3.9/lib/python/site-packages/requests/api.py", line 59, in request
    return session.request(method=method, url=url, **kwargs)
  File "/Users/i/Library/Python/3.9/lib/python/site-packages/requests/sessions.py", line 575, in request
    prep = self.prepare_request(req)
  File "/Users/i/Library/Python/3.9/lib/python/site-packages/requests/sessions.py", line 484, in prepare_request
    p.prepare(
  File "/Users/i/Library/Python/3.9/lib/python/site-packages/requests/models.py", line 367, in prepare
    self.prepare_url(url, params)
  File "/Users/i/Library/Python/3.9/lib/python/site-packages/requests/models.py", line 438, in prepare_url
    raise MissingSchema(
requests.exceptions.MissingSchema: Invalid URL 'backup.supersami.com/api/backup/scraping-job/': No scheme supplied. Perhaps you meant https://backup.supersami.com/api/backup/scraping-job/?
2025-04-17 23:52:50,424 - sitescrapers.management.commands.sync_jobs_to_sdb - ERROR - [sync_jobs_to_sdb.py:149] - Failed to sync ScrapingJob PK=203: Invalid URL 'backup.supersami.com/api/backup/scraping-job/': No scheme supplied. Perhaps you meant https://backup.supersami.com/api/backup/scraping-job/?
Traceback (most recent call last):
  File "/Users/i/Documents/work/scraper/sitescrapers/management/commands/sync_jobs_to_sdb.py", line 125, in handle
    response = requests.post(sdb_api_url, json=payload, timeout=30)
  File "/Users/i/Library/Python/3.9/lib/python/site-packages/requests/api.py", line 115, in post
    return request("post", url, data=data, json=json, **kwargs)
  File "/Users/i/Library/Python/3.9/lib/python/site-packages/requests/api.py", line 59, in request
    return session.request(method=method, url=url, **kwargs)
  File "/Users/i/Library/Python/3.9/lib/python/site-packages/requests/sessions.py", line 575, in request
    prep = self.prepare_request(req)
  File "/Users/i/Library/Python/3.9/lib/python/site-packages/requests/sessions.py", line 484, in prepare_request
    p.prepare(
  File "/Users/i/Library/Python/3.9/lib/python/site-packages/requests/models.py", line 367, in prepare
    self.prepare_url(url, params)
  File "/Users/i/Library/Python/3.9/lib/python/site-packages/requests/models.py", line 438, in prepare_url
    raise MissingSchema(
requests.exceptions.MissingSchema: Invalid URL 'backup.supersami.com/api/backup/scraping-job/': No scheme supplied. Perhaps you meant https://backup.supersami.com/api/backup/scraping-job/?
2025-04-17 23:52:50,478 - sitescrapers.management.commands.sync_jobs_to_sdb - ERROR - [sync_jobs_to_sdb.py:149] - Failed to sync ScrapingJob PK=204: Invalid URL 'backup.supersami.com/api/backup/scraping-job/': No scheme supplied. Perhaps you meant https://backup.supersami.com/api/backup/scraping-job/?
Traceback (most recent call last):
  File "/Users/i/Documents/work/scraper/sitescrapers/management/commands/sync_jobs_to_sdb.py", line 125, in handle
    response = requests.post(sdb_api_url, json=payload, timeout=30)
  File "/Users/i/Library/Python/3.9/lib/python/site-packages/requests/api.py", line 115, in post
    return request("post", url, data=data, json=json, **kwargs)
  File "/Users/i/Library/Python/3.9/lib/python/site-packages/requests/api.py", line 59, in request
    return session.request(method=method, url=url, **kwargs)
  File "/Users/i/Library/Python/3.9/lib/python/site-packages/requests/sessions.py", line 575, in request
    prep = self.prepare_request(req)
  File "/Users/i/Library/Python/3.9/lib/python/site-packages/requests/sessions.py", line 484, in prepare_request
    p.prepare(
  File "/Users/i/Library/Python/3.9/lib/python/site-packages/requests/models.py", line 367, in prepare
    self.prepare_url(url, params)
  File "/Users/i/Library/Python/3.9/lib/python/site-packages/requests/models.py", line 438, in prepare_url
    raise MissingSchema(
requests.exceptions.MissingSchema: Invalid URL 'backup.supersami.com/api/backup/scraping-job/': No scheme supplied. Perhaps you meant https://backup.supersami.com/api/backup/scraping-job/?
2025-04-17 23:52:50,536 - sitescrapers.management.commands.sync_jobs_to_sdb - ERROR - [sync_jobs_to_sdb.py:149] - Failed to sync ScrapingJob PK=205: Invalid URL 'backup.supersami.com/api/backup/scraping-job/': No scheme supplied. Perhaps you meant https://backup.supersami.com/api/backup/scraping-job/?
Traceback (most recent call last):
  File "/Users/i/Documents/work/scraper/sitescrapers/management/commands/sync_jobs_to_sdb.py", line 125, in handle
    response = requests.post(sdb_api_url, json=payload, timeout=30)
  File "/Users/i/Library/Python/3.9/lib/python/site-packages/requests/api.py", line 115, in post
    return request("post", url, data=data, json=json, **kwargs)
  File "/Users/i/Library/Python/3.9/lib/python/site-packages/requests/api.py", line 59, in request
    return session.request(method=method, url=url, **kwargs)
  File "/Users/i/Library/Python/3.9/lib/python/site-packages/requests/sessions.py", line 575, in request
    prep = self.prepare_request(req)
  File "/Users/i/Library/Python/3.9/lib/python/site-packages/requests/sessions.py", line 484, in prepare_request
    p.prepare(
  File "/Users/i/Library/Python/3.9/lib/python/site-packages/requests/models.py", line 367, in prepare
    self.prepare_url(url, params)
  File "/Users/i/Library/Python/3.9/lib/python/site-packages/requests/models.py", line 438, in prepare_url
    raise MissingSchema(
requests.exceptions.MissingSchema: Invalid URL 'backup.supersami.com/api/backup/scraping-job/': No scheme supplied. Perhaps you meant https://backup.supersami.com/api/backup/scraping-job/?
2025-04-17 23:52:50,593 - sitescrapers.management.commands.sync_jobs_to_sdb - ERROR - [sync_jobs_to_sdb.py:149] - Failed to sync ScrapingJob PK=206: Invalid URL 'backup.supersami.com/api/backup/scraping-job/': No scheme supplied. Perhaps you meant https://backup.supersami.com/api/backup/scraping-job/?
Traceback (most recent call last):
  File "/Users/i/Documents/work/scraper/sitescrapers/management/commands/sync_jobs_to_sdb.py", line 125, in handle
    response = requests.post(sdb_api_url, json=payload, timeout=30)
  File "/Users/i/Library/Python/3.9/lib/python/site-packages/requests/api.py", line 115, in post
    return request("post", url, data=data, json=json, **kwargs)
  File "/Users/i/Library/Python/3.9/lib/python/site-packages/requests/api.py", line 59, in request
    return session.request(method=method, url=url, **kwargs)
  File "/Users/i/Library/Python/3.9/lib/python/site-packages/requests/sessions.py", line 575, in request
    prep = self.prepare_request(req)
  File "/Users/i/Library/Python/3.9/lib/python/site-packages/requests/sessions.py", line 484, in prepare_request
    p.prepare(
  File "/Users/i/Library/Python/3.9/lib/python/site-packages/requests/models.py", line 367, in prepare
    self.prepare_url(url, params)
  File "/Users/i/Library/Python/3.9/lib/python/site-packages/requests/models.py", line 438, in prepare_url
    raise MissingSchema(
requests.exceptions.MissingSchema: Invalid URL 'backup.supersami.com/api/backup/scraping-job/': No scheme supplied. Perhaps you meant https://backup.supersami.com/api/backup/scraping-job/?
2025-04-17 23:52:50,650 - sitescrapers.management.commands.sync_jobs_to_sdb - ERROR - [sync_jobs_to_sdb.py:149] - Failed to sync ScrapingJob PK=207: Invalid URL 'backup.supersami.com/api/backup/scraping-job/': No scheme supplied. Perhaps you meant https://backup.supersami.com/api/backup/scraping-job/?
Traceback (most recent call last):
  File "/Users/i/Documents/work/scraper/sitescrapers/management/commands/sync_jobs_to_sdb.py", line 125, in handle
    response = requests.post(sdb_api_url, json=payload, timeout=30)
  File "/Users/i/Library/Python/3.9/lib/python/site-packages/requests/api.py", line 115, in post
    return request("post", url, data=data, json=json, **kwargs)
  File "/Users/i/Library/Python/3.9/lib/python/site-packages/requests/api.py", line 59, in request
    return session.request(method=method, url=url, **kwargs)
  File "/Users/i/Library/Python/3.9/lib/python/site-packages/requests/sessions.py", line 575, in request
    prep = self.prepare_request(req)
  File "/Users/i/Library/Python/3.9/lib/python/site-packages/requests/sessions.py", line 484, in prepare_request
    p.prepare(
  File "/Users/i/Library/Python/3.9/lib/python/site-packages/requests/models.py", line 367, in prepare
    self.prepare_url(url, params)
  File "/Users/i/Library/Python/3.9/lib/python/site-packages/requests/models.py", line 438, in prepare_url
    raise MissingSchema(
requests.exceptions.MissingSchema: Invalid URL 'backup.supersami.com/api/backup/scraping-job/': No scheme supplied. Perhaps you meant https://backup.supersami.com/api/backup/scraping-job/?
2025-04-17 23:52:50,706 - sitescrapers.management.commands.sync_jobs_to_sdb - ERROR - [sync_jobs_to_sdb.py:149] - Failed to sync ScrapingJob PK=208: Invalid URL 'backup.supersami.com/api/backup/scraping-job/': No scheme supplied. Perhaps you meant https://backup.supersami.com/api/backup/scraping-job/?
Traceback (most recent call last):
  File "/Users/i/Documents/work/scraper/sitescrapers/management/commands/sync_jobs_to_sdb.py", line 125, in handle
    response = requests.post(sdb_api_url, json=payload, timeout=30)
  File "/Users/i/Library/Python/3.9/lib/python/site-packages/requests/api.py", line 115, in post
    return request("post", url, data=data, json=json, **kwargs)
  File "/Users/i/Library/Python/3.9/lib/python/site-packages/requests/api.py", line 59, in request
    return session.request(method=method, url=url, **kwargs)
  File "/Users/i/Library/Python/3.9/lib/python/site-packages/requests/sessions.py", line 575, in request
    prep = self.prepare_request(req)
  File "/Users/i/Library/Python/3.9/lib/python/site-packages/requests/sessions.py", line 484, in prepare_request
    p.prepare(
  File "/Users/i/Library/Python/3.9/lib/python/site-packages/requests/models.py", line 367, in prepare
    self.prepare_url(url, params)
  File "/Users/i/Library/Python/3.9/lib/python/site-packages/requests/models.py", line 438, in prepare_url
    raise MissingSchema(
requests.exceptions.MissingSchema: Invalid URL 'backup.supersami.com/api/backup/scraping-job/': No scheme supplied. Perhaps you meant https://backup.supersami.com/api/backup/scraping-job/?
2025-04-17 23:52:50,762 - sitescrapers.management.commands.sync_jobs_to_sdb - ERROR - [sync_jobs_to_sdb.py:149] - Failed to sync ScrapingJob PK=209: Invalid URL 'backup.supersami.com/api/backup/scraping-job/': No scheme supplied. Perhaps you meant https://backup.supersami.com/api/backup/scraping-job/?
Traceback (most recent call last):
  File "/Users/i/Documents/work/scraper/sitescrapers/management/commands/sync_jobs_to_sdb.py", line 125, in handle
    response = requests.post(sdb_api_url, json=payload, timeout=30)
  File "/Users/i/Library/Python/3.9/lib/python/site-packages/requests/api.py", line 115, in post
    return request("post", url, data=data, json=json, **kwargs)
  File "/Users/i/Library/Python/3.9/lib/python/site-packages/requests/api.py", line 59, in request
    return session.request(method=method, url=url, **kwargs)
  File "/Users/i/Library/Python/3.9/lib/python/site-packages/requests/sessions.py", line 575, in request
    prep = self.prepare_request(req)
  File "/Users/i/Library/Python/3.9/lib/python/site-packages/requests/sessions.py", line 484, in prepare_request
    p.prepare(
  File "/Users/i/Library/Python/3.9/lib/python/site-packages/requests/models.py", line 367, in prepare
    self.prepare_url(url, params)
  File "/Users/i/Library/Python/3.9/lib/python/site-packages/requests/models.py", line 438, in prepare_url
    raise MissingSchema(
requests.exceptions.MissingSchema: Invalid URL 'backup.supersami.com/api/backup/scraping-job/': No scheme supplied. Perhaps you meant https://backup.supersami.com/api/backup/scraping-job/?
2025-04-17 23:52:50,815 - sitescrapers.management.commands.sync_jobs_to_sdb - ERROR - [sync_jobs_to_sdb.py:149] - Failed to sync ScrapingJob PK=210: Invalid URL 'backup.supersami.com/api/backup/scraping-job/': No scheme supplied. Perhaps you meant https://backup.supersami.com/api/backup/scraping-job/?
Traceback (most recent call last):
  File "/Users/i/Documents/work/scraper/sitescrapers/management/commands/sync_jobs_to_sdb.py", line 125, in handle
    response = requests.post(sdb_api_url, json=payload, timeout=30)
  File "/Users/i/Library/Python/3.9/lib/python/site-packages/requests/api.py", line 115, in post
    return request("post", url, data=data, json=json, **kwargs)
  File "/Users/i/Library/Python/3.9/lib/python/site-packages/requests/api.py", line 59, in request
    return session.request(method=method, url=url, **kwargs)
  File "/Users/i/Library/Python/3.9/lib/python/site-packages/requests/sessions.py", line 575, in request
    prep = self.prepare_request(req)
  File "/Users/i/Library/Python/3.9/lib/python/site-packages/requests/sessions.py", line 484, in prepare_request
    p.prepare(
  File "/Users/i/Library/Python/3.9/lib/python/site-packages/requests/models.py", line 367, in prepare
    self.prepare_url(url, params)
  File "/Users/i/Library/Python/3.9/lib/python/site-packages/requests/models.py", line 438, in prepare_url
    raise MissingSchema(
requests.exceptions.MissingSchema: Invalid URL 'backup.supersami.com/api/backup/scraping-job/': No scheme supplied. Perhaps you meant https://backup.supersami.com/api/backup/scraping-job/?
2025-04-17 23:52:50,870 - sitescrapers.management.commands.sync_jobs_to_sdb - ERROR - [sync_jobs_to_sdb.py:149] - Failed to sync ScrapingJob PK=211: Invalid URL 'backup.supersami.com/api/backup/scraping-job/': No scheme supplied. Perhaps you meant https://backup.supersami.com/api/backup/scraping-job/?
Traceback (most recent call last):
  File "/Users/i/Documents/work/scraper/sitescrapers/management/commands/sync_jobs_to_sdb.py", line 125, in handle
    response = requests.post(sdb_api_url, json=payload, timeout=30)
  File "/Users/i/Library/Python/3.9/lib/python/site-packages/requests/api.py", line 115, in post
    return request("post", url, data=data, json=json, **kwargs)
  File "/Users/i/Library/Python/3.9/lib/python/site-packages/requests/api.py", line 59, in request
    return session.request(method=method, url=url, **kwargs)
  File "/Users/i/Library/Python/3.9/lib/python/site-packages/requests/sessions.py", line 575, in request
    prep = self.prepare_request(req)
  File "/Users/i/Library/Python/3.9/lib/python/site-packages/requests/sessions.py", line 484, in prepare_request
    p.prepare(
  File "/Users/i/Library/Python/3.9/lib/python/site-packages/requests/models.py", line 367, in prepare
    self.prepare_url(url, params)
  File "/Users/i/Library/Python/3.9/lib/python/site-packages/requests/models.py", line 438, in prepare_url
    raise MissingSchema(
requests.exceptions.MissingSchema: Invalid URL 'backup.supersami.com/api/backup/scraping-job/': No scheme supplied. Perhaps you meant https://backup.supersami.com/api/backup/scraping-job/?
2025-04-17 23:52:50,927 - sitescrapers.management.commands.sync_jobs_to_sdb - ERROR - [sync_jobs_to_sdb.py:149] - Failed to sync ScrapingJob PK=212: Invalid URL 'backup.supersami.com/api/backup/scraping-job/': No scheme supplied. Perhaps you meant https://backup.supersami.com/api/backup/scraping-job/?
Traceback (most recent call last):
  File "/Users/i/Documents/work/scraper/sitescrapers/management/commands/sync_jobs_to_sdb.py", line 125, in handle
    response = requests.post(sdb_api_url, json=payload, timeout=30)
  File "/Users/i/Library/Python/3.9/lib/python/site-packages/requests/api.py", line 115, in post
    return request("post", url, data=data, json=json, **kwargs)
  File "/Users/i/Library/Python/3.9/lib/python/site-packages/requests/api.py", line 59, in request
    return session.request(method=method, url=url, **kwargs)
  File "/Users/i/Library/Python/3.9/lib/python/site-packages/requests/sessions.py", line 575, in request
    prep = self.prepare_request(req)
  File "/Users/i/Library/Python/3.9/lib/python/site-packages/requests/sessions.py", line 484, in prepare_request
    p.prepare(
  File "/Users/i/Library/Python/3.9/lib/python/site-packages/requests/models.py", line 367, in prepare
    self.prepare_url(url, params)
  File "/Users/i/Library/Python/3.9/lib/python/site-packages/requests/models.py", line 438, in prepare_url
    raise MissingSchema(
requests.exceptions.MissingSchema: Invalid URL 'backup.supersami.com/api/backup/scraping-job/': No scheme supplied. Perhaps you meant https://backup.supersami.com/api/backup/scraping-job/?
2025-04-17 23:52:50,984 - sitescrapers.management.commands.sync_jobs_to_sdb - ERROR - [sync_jobs_to_sdb.py:149] - Failed to sync ScrapingJob PK=213: Invalid URL 'backup.supersami.com/api/backup/scraping-job/': No scheme supplied. Perhaps you meant https://backup.supersami.com/api/backup/scraping-job/?
Traceback (most recent call last):
  File "/Users/i/Documents/work/scraper/sitescrapers/management/commands/sync_jobs_to_sdb.py", line 125, in handle
    response = requests.post(sdb_api_url, json=payload, timeout=30)
  File "/Users/i/Library/Python/3.9/lib/python/site-packages/requests/api.py", line 115, in post
    return request("post", url, data=data, json=json, **kwargs)
  File "/Users/i/Library/Python/3.9/lib/python/site-packages/requests/api.py", line 59, in request
    return session.request(method=method, url=url, **kwargs)
  File "/Users/i/Library/Python/3.9/lib/python/site-packages/requests/sessions.py", line 575, in request
    prep = self.prepare_request(req)
  File "/Users/i/Library/Python/3.9/lib/python/site-packages/requests/sessions.py", line 484, in prepare_request
    p.prepare(
  File "/Users/i/Library/Python/3.9/lib/python/site-packages/requests/models.py", line 367, in prepare
    self.prepare_url(url, params)
  File "/Users/i/Library/Python/3.9/lib/python/site-packages/requests/models.py", line 438, in prepare_url
    raise MissingSchema(
requests.exceptions.MissingSchema: Invalid URL 'backup.supersami.com/api/backup/scraping-job/': No scheme supplied. Perhaps you meant https://backup.supersami.com/api/backup/scraping-job/?
2025-04-17 23:52:51,039 - sitescrapers.management.commands.sync_jobs_to_sdb - ERROR - [sync_jobs_to_sdb.py:149] - Failed to sync ScrapingJob PK=214: Invalid URL 'backup.supersami.com/api/backup/scraping-job/': No scheme supplied. Perhaps you meant https://backup.supersami.com/api/backup/scraping-job/?
Traceback (most recent call last):
  File "/Users/i/Documents/work/scraper/sitescrapers/management/commands/sync_jobs_to_sdb.py", line 125, in handle
    response = requests.post(sdb_api_url, json=payload, timeout=30)
  File "/Users/i/Library/Python/3.9/lib/python/site-packages/requests/api.py", line 115, in post
    return request("post", url, data=data, json=json, **kwargs)
  File "/Users/i/Library/Python/3.9/lib/python/site-packages/requests/api.py", line 59, in request
    return session.request(method=method, url=url, **kwargs)
  File "/Users/i/Library/Python/3.9/lib/python/site-packages/requests/sessions.py", line 575, in request
    prep = self.prepare_request(req)
  File "/Users/i/Library/Python/3.9/lib/python/site-packages/requests/sessions.py", line 484, in prepare_request
    p.prepare(
  File "/Users/i/Library/Python/3.9/lib/python/site-packages/requests/models.py", line 367, in prepare
    self.prepare_url(url, params)
  File "/Users/i/Library/Python/3.9/lib/python/site-packages/requests/models.py", line 438, in prepare_url
    raise MissingSchema(
requests.exceptions.MissingSchema: Invalid URL 'backup.supersami.com/api/backup/scraping-job/': No scheme supplied. Perhaps you meant https://backup.supersami.com/api/backup/scraping-job/?
2025-04-17 23:52:51,097 - sitescrapers.management.commands.sync_jobs_to_sdb - ERROR - [sync_jobs_to_sdb.py:149] - Failed to sync ScrapingJob PK=215: Invalid URL 'backup.supersami.com/api/backup/scraping-job/': No scheme supplied. Perhaps you meant https://backup.supersami.com/api/backup/scraping-job/?
Traceback (most recent call last):
  File "/Users/i/Documents/work/scraper/sitescrapers/management/commands/sync_jobs_to_sdb.py", line 125, in handle
    response = requests.post(sdb_api_url, json=payload, timeout=30)
  File "/Users/i/Library/Python/3.9/lib/python/site-packages/requests/api.py", line 115, in post
    return request("post", url, data=data, json=json, **kwargs)
  File "/Users/i/Library/Python/3.9/lib/python/site-packages/requests/api.py", line 59, in request
    return session.request(method=method, url=url, **kwargs)
  File "/Users/i/Library/Python/3.9/lib/python/site-packages/requests/sessions.py", line 575, in request
    prep = self.prepare_request(req)
  File "/Users/i/Library/Python/3.9/lib/python/site-packages/requests/sessions.py", line 484, in prepare_request
    p.prepare(
  File "/Users/i/Library/Python/3.9/lib/python/site-packages/requests/models.py", line 367, in prepare
    self.prepare_url(url, params)
  File "/Users/i/Library/Python/3.9/lib/python/site-packages/requests/models.py", line 438, in prepare_url
    raise MissingSchema(
requests.exceptions.MissingSchema: Invalid URL 'backup.supersami.com/api/backup/scraping-job/': No scheme supplied. Perhaps you meant https://backup.supersami.com/api/backup/scraping-job/?
2025-04-17 23:52:51,152 - sitescrapers.management.commands.sync_jobs_to_sdb - ERROR - [sync_jobs_to_sdb.py:149] - Failed to sync ScrapingJob PK=216: Invalid URL 'backup.supersami.com/api/backup/scraping-job/': No scheme supplied. Perhaps you meant https://backup.supersami.com/api/backup/scraping-job/?
Traceback (most recent call last):
  File "/Users/i/Documents/work/scraper/sitescrapers/management/commands/sync_jobs_to_sdb.py", line 125, in handle
    response = requests.post(sdb_api_url, json=payload, timeout=30)
  File "/Users/i/Library/Python/3.9/lib/python/site-packages/requests/api.py", line 115, in post
    return request("post", url, data=data, json=json, **kwargs)
  File "/Users/i/Library/Python/3.9/lib/python/site-packages/requests/api.py", line 59, in request
    return session.request(method=method, url=url, **kwargs)
  File "/Users/i/Library/Python/3.9/lib/python/site-packages/requests/sessions.py", line 575, in request
    prep = self.prepare_request(req)
  File "/Users/i/Library/Python/3.9/lib/python/site-packages/requests/sessions.py", line 484, in prepare_request
    p.prepare(
  File "/Users/i/Library/Python/3.9/lib/python/site-packages/requests/models.py", line 367, in prepare
    self.prepare_url(url, params)
  File "/Users/i/Library/Python/3.9/lib/python/site-packages/requests/models.py", line 438, in prepare_url
    raise MissingSchema(
requests.exceptions.MissingSchema: Invalid URL 'backup.supersami.com/api/backup/scraping-job/': No scheme supplied. Perhaps you meant https://backup.supersami.com/api/backup/scraping-job/?
2025-04-17 23:52:51,208 - sitescrapers.management.commands.sync_jobs_to_sdb - ERROR - [sync_jobs_to_sdb.py:149] - Failed to sync ScrapingJob PK=217: Invalid URL 'backup.supersami.com/api/backup/scraping-job/': No scheme supplied. Perhaps you meant https://backup.supersami.com/api/backup/scraping-job/?
Traceback (most recent call last):
  File "/Users/i/Documents/work/scraper/sitescrapers/management/commands/sync_jobs_to_sdb.py", line 125, in handle
    response = requests.post(sdb_api_url, json=payload, timeout=30)
  File "/Users/i/Library/Python/3.9/lib/python/site-packages/requests/api.py", line 115, in post
    return request("post", url, data=data, json=json, **kwargs)
  File "/Users/i/Library/Python/3.9/lib/python/site-packages/requests/api.py", line 59, in request
    return session.request(method=method, url=url, **kwargs)
  File "/Users/i/Library/Python/3.9/lib/python/site-packages/requests/sessions.py", line 575, in request
    prep = self.prepare_request(req)
  File "/Users/i/Library/Python/3.9/lib/python/site-packages/requests/sessions.py", line 484, in prepare_request
    p.prepare(
  File "/Users/i/Library/Python/3.9/lib/python/site-packages/requests/models.py", line 367, in prepare
    self.prepare_url(url, params)
  File "/Users/i/Library/Python/3.9/lib/python/site-packages/requests/models.py", line 438, in prepare_url
    raise MissingSchema(
requests.exceptions.MissingSchema: Invalid URL 'backup.supersami.com/api/backup/scraping-job/': No scheme supplied. Perhaps you meant https://backup.supersami.com/api/backup/scraping-job/?
2025-04-17 23:52:51,262 - sitescrapers.management.commands.sync_jobs_to_sdb - ERROR - [sync_jobs_to_sdb.py:149] - Failed to sync ScrapingJob PK=218: Invalid URL 'backup.supersami.com/api/backup/scraping-job/': No scheme supplied. Perhaps you meant https://backup.supersami.com/api/backup/scraping-job/?
Traceback (most recent call last):
  File "/Users/i/Documents/work/scraper/sitescrapers/management/commands/sync_jobs_to_sdb.py", line 125, in handle
    response = requests.post(sdb_api_url, json=payload, timeout=30)
  File "/Users/i/Library/Python/3.9/lib/python/site-packages/requests/api.py", line 115, in post
    return request("post", url, data=data, json=json, **kwargs)
  File "/Users/i/Library/Python/3.9/lib/python/site-packages/requests/api.py", line 59, in request
    return session.request(method=method, url=url, **kwargs)
  File "/Users/i/Library/Python/3.9/lib/python/site-packages/requests/sessions.py", line 575, in request
    prep = self.prepare_request(req)
  File "/Users/i/Library/Python/3.9/lib/python/site-packages/requests/sessions.py", line 484, in prepare_request
    p.prepare(
  File "/Users/i/Library/Python/3.9/lib/python/site-packages/requests/models.py", line 367, in prepare
    self.prepare_url(url, params)
  File "/Users/i/Library/Python/3.9/lib/python/site-packages/requests/models.py", line 438, in prepare_url
    raise MissingSchema(
requests.exceptions.MissingSchema: Invalid URL 'backup.supersami.com/api/backup/scraping-job/': No scheme supplied. Perhaps you meant https://backup.supersami.com/api/backup/scraping-job/?
2025-04-17 23:52:51,318 - sitescrapers.management.commands.sync_jobs_to_sdb - ERROR - [sync_jobs_to_sdb.py:149] - Failed to sync ScrapingJob PK=219: Invalid URL 'backup.supersami.com/api/backup/scraping-job/': No scheme supplied. Perhaps you meant https://backup.supersami.com/api/backup/scraping-job/?
Traceback (most recent call last):
  File "/Users/i/Documents/work/scraper/sitescrapers/management/commands/sync_jobs_to_sdb.py", line 125, in handle
    response = requests.post(sdb_api_url, json=payload, timeout=30)
  File "/Users/i/Library/Python/3.9/lib/python/site-packages/requests/api.py", line 115, in post
    return request("post", url, data=data, json=json, **kwargs)
  File "/Users/i/Library/Python/3.9/lib/python/site-packages/requests/api.py", line 59, in request
    return session.request(method=method, url=url, **kwargs)
  File "/Users/i/Library/Python/3.9/lib/python/site-packages/requests/sessions.py", line 575, in request
    prep = self.prepare_request(req)
  File "/Users/i/Library/Python/3.9/lib/python/site-packages/requests/sessions.py", line 484, in prepare_request
    p.prepare(
  File "/Users/i/Library/Python/3.9/lib/python/site-packages/requests/models.py", line 367, in prepare
    self.prepare_url(url, params)
  File "/Users/i/Library/Python/3.9/lib/python/site-packages/requests/models.py", line 438, in prepare_url
    raise MissingSchema(
requests.exceptions.MissingSchema: Invalid URL 'backup.supersami.com/api/backup/scraping-job/': No scheme supplied. Perhaps you meant https://backup.supersami.com/api/backup/scraping-job/?
2025-04-17 23:52:51,374 - sitescrapers.management.commands.sync_jobs_to_sdb - ERROR - [sync_jobs_to_sdb.py:149] - Failed to sync ScrapingJob PK=220: Invalid URL 'backup.supersami.com/api/backup/scraping-job/': No scheme supplied. Perhaps you meant https://backup.supersami.com/api/backup/scraping-job/?
Traceback (most recent call last):
  File "/Users/i/Documents/work/scraper/sitescrapers/management/commands/sync_jobs_to_sdb.py", line 125, in handle
    response = requests.post(sdb_api_url, json=payload, timeout=30)
  File "/Users/i/Library/Python/3.9/lib/python/site-packages/requests/api.py", line 115, in post
    return request("post", url, data=data, json=json, **kwargs)
  File "/Users/i/Library/Python/3.9/lib/python/site-packages/requests/api.py", line 59, in request
    return session.request(method=method, url=url, **kwargs)
  File "/Users/i/Library/Python/3.9/lib/python/site-packages/requests/sessions.py", line 575, in request
    prep = self.prepare_request(req)
  File "/Users/i/Library/Python/3.9/lib/python/site-packages/requests/sessions.py", line 484, in prepare_request
    p.prepare(
  File "/Users/i/Library/Python/3.9/lib/python/site-packages/requests/models.py", line 367, in prepare
    self.prepare_url(url, params)
  File "/Users/i/Library/Python/3.9/lib/python/site-packages/requests/models.py", line 438, in prepare_url
    raise MissingSchema(
requests.exceptions.MissingSchema: Invalid URL 'backup.supersami.com/api/backup/scraping-job/': No scheme supplied. Perhaps you meant https://backup.supersami.com/api/backup/scraping-job/?
2025-04-17 23:52:51,428 - sitescrapers.management.commands.sync_jobs_to_sdb - ERROR - [sync_jobs_to_sdb.py:149] - Failed to sync ScrapingJob PK=221: Invalid URL 'backup.supersami.com/api/backup/scraping-job/': No scheme supplied. Perhaps you meant https://backup.supersami.com/api/backup/scraping-job/?
Traceback (most recent call last):
  File "/Users/i/Documents/work/scraper/sitescrapers/management/commands/sync_jobs_to_sdb.py", line 125, in handle
    response = requests.post(sdb_api_url, json=payload, timeout=30)
  File "/Users/i/Library/Python/3.9/lib/python/site-packages/requests/api.py", line 115, in post
    return request("post", url, data=data, json=json, **kwargs)
  File "/Users/i/Library/Python/3.9/lib/python/site-packages/requests/api.py", line 59, in request
    return session.request(method=method, url=url, **kwargs)
  File "/Users/i/Library/Python/3.9/lib/python/site-packages/requests/sessions.py", line 575, in request
    prep = self.prepare_request(req)
  File "/Users/i/Library/Python/3.9/lib/python/site-packages/requests/sessions.py", line 484, in prepare_request
    p.prepare(
  File "/Users/i/Library/Python/3.9/lib/python/site-packages/requests/models.py", line 367, in prepare
    self.prepare_url(url, params)
  File "/Users/i/Library/Python/3.9/lib/python/site-packages/requests/models.py", line 438, in prepare_url
    raise MissingSchema(
requests.exceptions.MissingSchema: Invalid URL 'backup.supersami.com/api/backup/scraping-job/': No scheme supplied. Perhaps you meant https://backup.supersami.com/api/backup/scraping-job/?
2025-04-17 23:52:51,481 - sitescrapers.management.commands.sync_jobs_to_sdb - ERROR - [sync_jobs_to_sdb.py:149] - Failed to sync ScrapingJob PK=222: Invalid URL 'backup.supersami.com/api/backup/scraping-job/': No scheme supplied. Perhaps you meant https://backup.supersami.com/api/backup/scraping-job/?
Traceback (most recent call last):
  File "/Users/i/Documents/work/scraper/sitescrapers/management/commands/sync_jobs_to_sdb.py", line 125, in handle
    response = requests.post(sdb_api_url, json=payload, timeout=30)
  File "/Users/i/Library/Python/3.9/lib/python/site-packages/requests/api.py", line 115, in post
    return request("post", url, data=data, json=json, **kwargs)
  File "/Users/i/Library/Python/3.9/lib/python/site-packages/requests/api.py", line 59, in request
    return session.request(method=method, url=url, **kwargs)
  File "/Users/i/Library/Python/3.9/lib/python/site-packages/requests/sessions.py", line 575, in request
    prep = self.prepare_request(req)
  File "/Users/i/Library/Python/3.9/lib/python/site-packages/requests/sessions.py", line 484, in prepare_request
    p.prepare(
  File "/Users/i/Library/Python/3.9/lib/python/site-packages/requests/models.py", line 367, in prepare
    self.prepare_url(url, params)
  File "/Users/i/Library/Python/3.9/lib/python/site-packages/requests/models.py", line 438, in prepare_url
    raise MissingSchema(
requests.exceptions.MissingSchema: Invalid URL 'backup.supersami.com/api/backup/scraping-job/': No scheme supplied. Perhaps you meant https://backup.supersami.com/api/backup/scraping-job/?
2025-04-17 23:52:51,539 - sitescrapers.management.commands.sync_jobs_to_sdb - ERROR - [sync_jobs_to_sdb.py:149] - Failed to sync ScrapingJob PK=223: Invalid URL 'backup.supersami.com/api/backup/scraping-job/': No scheme supplied. Perhaps you meant https://backup.supersami.com/api/backup/scraping-job/?
Traceback (most recent call last):
  File "/Users/i/Documents/work/scraper/sitescrapers/management/commands/sync_jobs_to_sdb.py", line 125, in handle
    response = requests.post(sdb_api_url, json=payload, timeout=30)
  File "/Users/i/Library/Python/3.9/lib/python/site-packages/requests/api.py", line 115, in post
    return request("post", url, data=data, json=json, **kwargs)
  File "/Users/i/Library/Python/3.9/lib/python/site-packages/requests/api.py", line 59, in request
    return session.request(method=method, url=url, **kwargs)
  File "/Users/i/Library/Python/3.9/lib/python/site-packages/requests/sessions.py", line 575, in request
    prep = self.prepare_request(req)
  File "/Users/i/Library/Python/3.9/lib/python/site-packages/requests/sessions.py", line 484, in prepare_request
    p.prepare(
  File "/Users/i/Library/Python/3.9/lib/python/site-packages/requests/models.py", line 367, in prepare
    self.prepare_url(url, params)
  File "/Users/i/Library/Python/3.9/lib/python/site-packages/requests/models.py", line 438, in prepare_url
    raise MissingSchema(
requests.exceptions.MissingSchema: Invalid URL 'backup.supersami.com/api/backup/scraping-job/': No scheme supplied. Perhaps you meant https://backup.supersami.com/api/backup/scraping-job/?
2025-04-17 23:52:51,596 - sitescrapers.management.commands.sync_jobs_to_sdb - ERROR - [sync_jobs_to_sdb.py:149] - Failed to sync ScrapingJob PK=224: Invalid URL 'backup.supersami.com/api/backup/scraping-job/': No scheme supplied. Perhaps you meant https://backup.supersami.com/api/backup/scraping-job/?
Traceback (most recent call last):
  File "/Users/i/Documents/work/scraper/sitescrapers/management/commands/sync_jobs_to_sdb.py", line 125, in handle
    response = requests.post(sdb_api_url, json=payload, timeout=30)
  File "/Users/i/Library/Python/3.9/lib/python/site-packages/requests/api.py", line 115, in post
    return request("post", url, data=data, json=json, **kwargs)
  File "/Users/i/Library/Python/3.9/lib/python/site-packages/requests/api.py", line 59, in request
    return session.request(method=method, url=url, **kwargs)
  File "/Users/i/Library/Python/3.9/lib/python/site-packages/requests/sessions.py", line 575, in request
    prep = self.prepare_request(req)
  File "/Users/i/Library/Python/3.9/lib/python/site-packages/requests/sessions.py", line 484, in prepare_request
    p.prepare(
  File "/Users/i/Library/Python/3.9/lib/python/site-packages/requests/models.py", line 367, in prepare
    self.prepare_url(url, params)
  File "/Users/i/Library/Python/3.9/lib/python/site-packages/requests/models.py", line 438, in prepare_url
    raise MissingSchema(
requests.exceptions.MissingSchema: Invalid URL 'backup.supersami.com/api/backup/scraping-job/': No scheme supplied. Perhaps you meant https://backup.supersami.com/api/backup/scraping-job/?
2025-04-17 23:52:51,652 - sitescrapers.management.commands.sync_jobs_to_sdb - ERROR - [sync_jobs_to_sdb.py:149] - Failed to sync ScrapingJob PK=225: Invalid URL 'backup.supersami.com/api/backup/scraping-job/': No scheme supplied. Perhaps you meant https://backup.supersami.com/api/backup/scraping-job/?
Traceback (most recent call last):
  File "/Users/i/Documents/work/scraper/sitescrapers/management/commands/sync_jobs_to_sdb.py", line 125, in handle
    response = requests.post(sdb_api_url, json=payload, timeout=30)
  File "/Users/i/Library/Python/3.9/lib/python/site-packages/requests/api.py", line 115, in post
    return request("post", url, data=data, json=json, **kwargs)
  File "/Users/i/Library/Python/3.9/lib/python/site-packages/requests/api.py", line 59, in request
    return session.request(method=method, url=url, **kwargs)
  File "/Users/i/Library/Python/3.9/lib/python/site-packages/requests/sessions.py", line 575, in request
    prep = self.prepare_request(req)
  File "/Users/i/Library/Python/3.9/lib/python/site-packages/requests/sessions.py", line 484, in prepare_request
    p.prepare(
  File "/Users/i/Library/Python/3.9/lib/python/site-packages/requests/models.py", line 367, in prepare
    self.prepare_url(url, params)
  File "/Users/i/Library/Python/3.9/lib/python/site-packages/requests/models.py", line 438, in prepare_url
    raise MissingSchema(
requests.exceptions.MissingSchema: Invalid URL 'backup.supersami.com/api/backup/scraping-job/': No scheme supplied. Perhaps you meant https://backup.supersami.com/api/backup/scraping-job/?
2025-04-17 23:52:51,706 - sitescrapers.management.commands.sync_jobs_to_sdb - ERROR - [sync_jobs_to_sdb.py:149] - Failed to sync ScrapingJob PK=226: Invalid URL 'backup.supersami.com/api/backup/scraping-job/': No scheme supplied. Perhaps you meant https://backup.supersami.com/api/backup/scraping-job/?
Traceback (most recent call last):
  File "/Users/i/Documents/work/scraper/sitescrapers/management/commands/sync_jobs_to_sdb.py", line 125, in handle
    response = requests.post(sdb_api_url, json=payload, timeout=30)
  File "/Users/i/Library/Python/3.9/lib/python/site-packages/requests/api.py", line 115, in post
    return request("post", url, data=data, json=json, **kwargs)
  File "/Users/i/Library/Python/3.9/lib/python/site-packages/requests/api.py", line 59, in request
    return session.request(method=method, url=url, **kwargs)
  File "/Users/i/Library/Python/3.9/lib/python/site-packages/requests/sessions.py", line 575, in request
    prep = self.prepare_request(req)
  File "/Users/i/Library/Python/3.9/lib/python/site-packages/requests/sessions.py", line 484, in prepare_request
    p.prepare(
  File "/Users/i/Library/Python/3.9/lib/python/site-packages/requests/models.py", line 367, in prepare
    self.prepare_url(url, params)
  File "/Users/i/Library/Python/3.9/lib/python/site-packages/requests/models.py", line 438, in prepare_url
    raise MissingSchema(
requests.exceptions.MissingSchema: Invalid URL 'backup.supersami.com/api/backup/scraping-job/': No scheme supplied. Perhaps you meant https://backup.supersami.com/api/backup/scraping-job/?
2025-04-17 23:52:51,760 - sitescrapers.management.commands.sync_jobs_to_sdb - ERROR - [sync_jobs_to_sdb.py:149] - Failed to sync ScrapingJob PK=227: Invalid URL 'backup.supersami.com/api/backup/scraping-job/': No scheme supplied. Perhaps you meant https://backup.supersami.com/api/backup/scraping-job/?
Traceback (most recent call last):
  File "/Users/i/Documents/work/scraper/sitescrapers/management/commands/sync_jobs_to_sdb.py", line 125, in handle
    response = requests.post(sdb_api_url, json=payload, timeout=30)
  File "/Users/i/Library/Python/3.9/lib/python/site-packages/requests/api.py", line 115, in post
    return request("post", url, data=data, json=json, **kwargs)
  File "/Users/i/Library/Python/3.9/lib/python/site-packages/requests/api.py", line 59, in request
    return session.request(method=method, url=url, **kwargs)
  File "/Users/i/Library/Python/3.9/lib/python/site-packages/requests/sessions.py", line 575, in request
    prep = self.prepare_request(req)
  File "/Users/i/Library/Python/3.9/lib/python/site-packages/requests/sessions.py", line 484, in prepare_request
    p.prepare(
  File "/Users/i/Library/Python/3.9/lib/python/site-packages/requests/models.py", line 367, in prepare
    self.prepare_url(url, params)
  File "/Users/i/Library/Python/3.9/lib/python/site-packages/requests/models.py", line 438, in prepare_url
    raise MissingSchema(
requests.exceptions.MissingSchema: Invalid URL 'backup.supersami.com/api/backup/scraping-job/': No scheme supplied. Perhaps you meant https://backup.supersami.com/api/backup/scraping-job/?
2025-04-17 23:52:51,818 - sitescrapers.management.commands.sync_jobs_to_sdb - ERROR - [sync_jobs_to_sdb.py:149] - Failed to sync ScrapingJob PK=228: Invalid URL 'backup.supersami.com/api/backup/scraping-job/': No scheme supplied. Perhaps you meant https://backup.supersami.com/api/backup/scraping-job/?
Traceback (most recent call last):
  File "/Users/i/Documents/work/scraper/sitescrapers/management/commands/sync_jobs_to_sdb.py", line 125, in handle
    response = requests.post(sdb_api_url, json=payload, timeout=30)
  File "/Users/i/Library/Python/3.9/lib/python/site-packages/requests/api.py", line 115, in post
    return request("post", url, data=data, json=json, **kwargs)
  File "/Users/i/Library/Python/3.9/lib/python/site-packages/requests/api.py", line 59, in request
    return session.request(method=method, url=url, **kwargs)
  File "/Users/i/Library/Python/3.9/lib/python/site-packages/requests/sessions.py", line 575, in request
    prep = self.prepare_request(req)
  File "/Users/i/Library/Python/3.9/lib/python/site-packages/requests/sessions.py", line 484, in prepare_request
    p.prepare(
  File "/Users/i/Library/Python/3.9/lib/python/site-packages/requests/models.py", line 367, in prepare
    self.prepare_url(url, params)
  File "/Users/i/Library/Python/3.9/lib/python/site-packages/requests/models.py", line 438, in prepare_url
    raise MissingSchema(
requests.exceptions.MissingSchema: Invalid URL 'backup.supersami.com/api/backup/scraping-job/': No scheme supplied. Perhaps you meant https://backup.supersami.com/api/backup/scraping-job/?
2025-04-17 23:52:51,876 - sitescrapers.management.commands.sync_jobs_to_sdb - ERROR - [sync_jobs_to_sdb.py:149] - Failed to sync ScrapingJob PK=229: Invalid URL 'backup.supersami.com/api/backup/scraping-job/': No scheme supplied. Perhaps you meant https://backup.supersami.com/api/backup/scraping-job/?
Traceback (most recent call last):
  File "/Users/i/Documents/work/scraper/sitescrapers/management/commands/sync_jobs_to_sdb.py", line 125, in handle
    response = requests.post(sdb_api_url, json=payload, timeout=30)
  File "/Users/i/Library/Python/3.9/lib/python/site-packages/requests/api.py", line 115, in post
    return request("post", url, data=data, json=json, **kwargs)
  File "/Users/i/Library/Python/3.9/lib/python/site-packages/requests/api.py", line 59, in request
    return session.request(method=method, url=url, **kwargs)
  File "/Users/i/Library/Python/3.9/lib/python/site-packages/requests/sessions.py", line 575, in request
    prep = self.prepare_request(req)
  File "/Users/i/Library/Python/3.9/lib/python/site-packages/requests/sessions.py", line 484, in prepare_request
    p.prepare(
  File "/Users/i/Library/Python/3.9/lib/python/site-packages/requests/models.py", line 367, in prepare
    self.prepare_url(url, params)
  File "/Users/i/Library/Python/3.9/lib/python/site-packages/requests/models.py", line 438, in prepare_url
    raise MissingSchema(
requests.exceptions.MissingSchema: Invalid URL 'backup.supersami.com/api/backup/scraping-job/': No scheme supplied. Perhaps you meant https://backup.supersami.com/api/backup/scraping-job/?
2025-04-17 23:52:51,931 - sitescrapers.management.commands.sync_jobs_to_sdb - ERROR - [sync_jobs_to_sdb.py:149] - Failed to sync ScrapingJob PK=230: Invalid URL 'backup.supersami.com/api/backup/scraping-job/': No scheme supplied. Perhaps you meant https://backup.supersami.com/api/backup/scraping-job/?
Traceback (most recent call last):
  File "/Users/i/Documents/work/scraper/sitescrapers/management/commands/sync_jobs_to_sdb.py", line 125, in handle
    response = requests.post(sdb_api_url, json=payload, timeout=30)
  File "/Users/i/Library/Python/3.9/lib/python/site-packages/requests/api.py", line 115, in post
    return request("post", url, data=data, json=json, **kwargs)
  File "/Users/i/Library/Python/3.9/lib/python/site-packages/requests/api.py", line 59, in request
    return session.request(method=method, url=url, **kwargs)
  File "/Users/i/Library/Python/3.9/lib/python/site-packages/requests/sessions.py", line 575, in request
    prep = self.prepare_request(req)
  File "/Users/i/Library/Python/3.9/lib/python/site-packages/requests/sessions.py", line 484, in prepare_request
    p.prepare(
  File "/Users/i/Library/Python/3.9/lib/python/site-packages/requests/models.py", line 367, in prepare
    self.prepare_url(url, params)
  File "/Users/i/Library/Python/3.9/lib/python/site-packages/requests/models.py", line 438, in prepare_url
    raise MissingSchema(
requests.exceptions.MissingSchema: Invalid URL 'backup.supersami.com/api/backup/scraping-job/': No scheme supplied. Perhaps you meant https://backup.supersami.com/api/backup/scraping-job/?
2025-04-17 23:52:51,989 - sitescrapers.management.commands.sync_jobs_to_sdb - ERROR - [sync_jobs_to_sdb.py:149] - Failed to sync ScrapingJob PK=231: Invalid URL 'backup.supersami.com/api/backup/scraping-job/': No scheme supplied. Perhaps you meant https://backup.supersami.com/api/backup/scraping-job/?
Traceback (most recent call last):
  File "/Users/i/Documents/work/scraper/sitescrapers/management/commands/sync_jobs_to_sdb.py", line 125, in handle
    response = requests.post(sdb_api_url, json=payload, timeout=30)
  File "/Users/i/Library/Python/3.9/lib/python/site-packages/requests/api.py", line 115, in post
    return request("post", url, data=data, json=json, **kwargs)
  File "/Users/i/Library/Python/3.9/lib/python/site-packages/requests/api.py", line 59, in request
    return session.request(method=method, url=url, **kwargs)
  File "/Users/i/Library/Python/3.9/lib/python/site-packages/requests/sessions.py", line 575, in request
    prep = self.prepare_request(req)
  File "/Users/i/Library/Python/3.9/lib/python/site-packages/requests/sessions.py", line 484, in prepare_request
    p.prepare(
  File "/Users/i/Library/Python/3.9/lib/python/site-packages/requests/models.py", line 367, in prepare
    self.prepare_url(url, params)
  File "/Users/i/Library/Python/3.9/lib/python/site-packages/requests/models.py", line 438, in prepare_url
    raise MissingSchema(
requests.exceptions.MissingSchema: Invalid URL 'backup.supersami.com/api/backup/scraping-job/': No scheme supplied. Perhaps you meant https://backup.supersami.com/api/backup/scraping-job/?
2025-04-17 23:52:52,047 - sitescrapers.management.commands.sync_jobs_to_sdb - ERROR - [sync_jobs_to_sdb.py:149] - Failed to sync ScrapingJob PK=232: Invalid URL 'backup.supersami.com/api/backup/scraping-job/': No scheme supplied. Perhaps you meant https://backup.supersami.com/api/backup/scraping-job/?
Traceback (most recent call last):
  File "/Users/i/Documents/work/scraper/sitescrapers/management/commands/sync_jobs_to_sdb.py", line 125, in handle
    response = requests.post(sdb_api_url, json=payload, timeout=30)
  File "/Users/i/Library/Python/3.9/lib/python/site-packages/requests/api.py", line 115, in post
    return request("post", url, data=data, json=json, **kwargs)
  File "/Users/i/Library/Python/3.9/lib/python/site-packages/requests/api.py", line 59, in request
    return session.request(method=method, url=url, **kwargs)
  File "/Users/i/Library/Python/3.9/lib/python/site-packages/requests/sessions.py", line 575, in request
    prep = self.prepare_request(req)
  File "/Users/i/Library/Python/3.9/lib/python/site-packages/requests/sessions.py", line 484, in prepare_request
    p.prepare(
  File "/Users/i/Library/Python/3.9/lib/python/site-packages/requests/models.py", line 367, in prepare
    self.prepare_url(url, params)
  File "/Users/i/Library/Python/3.9/lib/python/site-packages/requests/models.py", line 438, in prepare_url
    raise MissingSchema(
requests.exceptions.MissingSchema: Invalid URL 'backup.supersami.com/api/backup/scraping-job/': No scheme supplied. Perhaps you meant https://backup.supersami.com/api/backup/scraping-job/?
2025-04-17 23:52:52,103 - sitescrapers.management.commands.sync_jobs_to_sdb - ERROR - [sync_jobs_to_sdb.py:149] - Failed to sync ScrapingJob PK=233: Invalid URL 'backup.supersami.com/api/backup/scraping-job/': No scheme supplied. Perhaps you meant https://backup.supersami.com/api/backup/scraping-job/?
Traceback (most recent call last):
  File "/Users/i/Documents/work/scraper/sitescrapers/management/commands/sync_jobs_to_sdb.py", line 125, in handle
    response = requests.post(sdb_api_url, json=payload, timeout=30)
  File "/Users/i/Library/Python/3.9/lib/python/site-packages/requests/api.py", line 115, in post
    return request("post", url, data=data, json=json, **kwargs)
  File "/Users/i/Library/Python/3.9/lib/python/site-packages/requests/api.py", line 59, in request
    return session.request(method=method, url=url, **kwargs)
  File "/Users/i/Library/Python/3.9/lib/python/site-packages/requests/sessions.py", line 575, in request
    prep = self.prepare_request(req)
  File "/Users/i/Library/Python/3.9/lib/python/site-packages/requests/sessions.py", line 484, in prepare_request
    p.prepare(
  File "/Users/i/Library/Python/3.9/lib/python/site-packages/requests/models.py", line 367, in prepare
    self.prepare_url(url, params)
  File "/Users/i/Library/Python/3.9/lib/python/site-packages/requests/models.py", line 438, in prepare_url
    raise MissingSchema(
requests.exceptions.MissingSchema: Invalid URL 'backup.supersami.com/api/backup/scraping-job/': No scheme supplied. Perhaps you meant https://backup.supersami.com/api/backup/scraping-job/?
2025-04-17 23:52:52,159 - sitescrapers.management.commands.sync_jobs_to_sdb - ERROR - [sync_jobs_to_sdb.py:149] - Failed to sync ScrapingJob PK=234: Invalid URL 'backup.supersami.com/api/backup/scraping-job/': No scheme supplied. Perhaps you meant https://backup.supersami.com/api/backup/scraping-job/?
Traceback (most recent call last):
  File "/Users/i/Documents/work/scraper/sitescrapers/management/commands/sync_jobs_to_sdb.py", line 125, in handle
    response = requests.post(sdb_api_url, json=payload, timeout=30)
  File "/Users/i/Library/Python/3.9/lib/python/site-packages/requests/api.py", line 115, in post
    return request("post", url, data=data, json=json, **kwargs)
  File "/Users/i/Library/Python/3.9/lib/python/site-packages/requests/api.py", line 59, in request
    return session.request(method=method, url=url, **kwargs)
  File "/Users/i/Library/Python/3.9/lib/python/site-packages/requests/sessions.py", line 575, in request
    prep = self.prepare_request(req)
  File "/Users/i/Library/Python/3.9/lib/python/site-packages/requests/sessions.py", line 484, in prepare_request
    p.prepare(
  File "/Users/i/Library/Python/3.9/lib/python/site-packages/requests/models.py", line 367, in prepare
    self.prepare_url(url, params)
  File "/Users/i/Library/Python/3.9/lib/python/site-packages/requests/models.py", line 438, in prepare_url
    raise MissingSchema(
requests.exceptions.MissingSchema: Invalid URL 'backup.supersami.com/api/backup/scraping-job/': No scheme supplied. Perhaps you meant https://backup.supersami.com/api/backup/scraping-job/?
2025-04-17 23:52:52,217 - sitescrapers.management.commands.sync_jobs_to_sdb - ERROR - [sync_jobs_to_sdb.py:149] - Failed to sync ScrapingJob PK=235: Invalid URL 'backup.supersami.com/api/backup/scraping-job/': No scheme supplied. Perhaps you meant https://backup.supersami.com/api/backup/scraping-job/?
Traceback (most recent call last):
  File "/Users/i/Documents/work/scraper/sitescrapers/management/commands/sync_jobs_to_sdb.py", line 125, in handle
    response = requests.post(sdb_api_url, json=payload, timeout=30)
  File "/Users/i/Library/Python/3.9/lib/python/site-packages/requests/api.py", line 115, in post
    return request("post", url, data=data, json=json, **kwargs)
  File "/Users/i/Library/Python/3.9/lib/python/site-packages/requests/api.py", line 59, in request
    return session.request(method=method, url=url, **kwargs)
  File "/Users/i/Library/Python/3.9/lib/python/site-packages/requests/sessions.py", line 575, in request
    prep = self.prepare_request(req)
  File "/Users/i/Library/Python/3.9/lib/python/site-packages/requests/sessions.py", line 484, in prepare_request
    p.prepare(
  File "/Users/i/Library/Python/3.9/lib/python/site-packages/requests/models.py", line 367, in prepare
    self.prepare_url(url, params)
  File "/Users/i/Library/Python/3.9/lib/python/site-packages/requests/models.py", line 438, in prepare_url
    raise MissingSchema(
requests.exceptions.MissingSchema: Invalid URL 'backup.supersami.com/api/backup/scraping-job/': No scheme supplied. Perhaps you meant https://backup.supersami.com/api/backup/scraping-job/?
2025-04-17 23:52:52,274 - sitescrapers.management.commands.sync_jobs_to_sdb - ERROR - [sync_jobs_to_sdb.py:149] - Failed to sync ScrapingJob PK=236: Invalid URL 'backup.supersami.com/api/backup/scraping-job/': No scheme supplied. Perhaps you meant https://backup.supersami.com/api/backup/scraping-job/?
Traceback (most recent call last):
  File "/Users/i/Documents/work/scraper/sitescrapers/management/commands/sync_jobs_to_sdb.py", line 125, in handle
    response = requests.post(sdb_api_url, json=payload, timeout=30)
  File "/Users/i/Library/Python/3.9/lib/python/site-packages/requests/api.py", line 115, in post
    return request("post", url, data=data, json=json, **kwargs)
  File "/Users/i/Library/Python/3.9/lib/python/site-packages/requests/api.py", line 59, in request
    return session.request(method=method, url=url, **kwargs)
  File "/Users/i/Library/Python/3.9/lib/python/site-packages/requests/sessions.py", line 575, in request
    prep = self.prepare_request(req)
  File "/Users/i/Library/Python/3.9/lib/python/site-packages/requests/sessions.py", line 484, in prepare_request
    p.prepare(
  File "/Users/i/Library/Python/3.9/lib/python/site-packages/requests/models.py", line 367, in prepare
    self.prepare_url(url, params)
  File "/Users/i/Library/Python/3.9/lib/python/site-packages/requests/models.py", line 438, in prepare_url
    raise MissingSchema(
requests.exceptions.MissingSchema: Invalid URL 'backup.supersami.com/api/backup/scraping-job/': No scheme supplied. Perhaps you meant https://backup.supersami.com/api/backup/scraping-job/?
2025-04-17 23:52:52,330 - sitescrapers.management.commands.sync_jobs_to_sdb - ERROR - [sync_jobs_to_sdb.py:149] - Failed to sync ScrapingJob PK=237: Invalid URL 'backup.supersami.com/api/backup/scraping-job/': No scheme supplied. Perhaps you meant https://backup.supersami.com/api/backup/scraping-job/?
Traceback (most recent call last):
  File "/Users/i/Documents/work/scraper/sitescrapers/management/commands/sync_jobs_to_sdb.py", line 125, in handle
    response = requests.post(sdb_api_url, json=payload, timeout=30)
  File "/Users/i/Library/Python/3.9/lib/python/site-packages/requests/api.py", line 115, in post
    return request("post", url, data=data, json=json, **kwargs)
  File "/Users/i/Library/Python/3.9/lib/python/site-packages/requests/api.py", line 59, in request
    return session.request(method=method, url=url, **kwargs)
  File "/Users/i/Library/Python/3.9/lib/python/site-packages/requests/sessions.py", line 575, in request
    prep = self.prepare_request(req)
  File "/Users/i/Library/Python/3.9/lib/python/site-packages/requests/sessions.py", line 484, in prepare_request
    p.prepare(
  File "/Users/i/Library/Python/3.9/lib/python/site-packages/requests/models.py", line 367, in prepare
    self.prepare_url(url, params)
  File "/Users/i/Library/Python/3.9/lib/python/site-packages/requests/models.py", line 438, in prepare_url
    raise MissingSchema(
requests.exceptions.MissingSchema: Invalid URL 'backup.supersami.com/api/backup/scraping-job/': No scheme supplied. Perhaps you meant https://backup.supersami.com/api/backup/scraping-job/?
2025-04-17 23:52:52,387 - sitescrapers.management.commands.sync_jobs_to_sdb - ERROR - [sync_jobs_to_sdb.py:149] - Failed to sync ScrapingJob PK=238: Invalid URL 'backup.supersami.com/api/backup/scraping-job/': No scheme supplied. Perhaps you meant https://backup.supersami.com/api/backup/scraping-job/?
Traceback (most recent call last):
  File "/Users/i/Documents/work/scraper/sitescrapers/management/commands/sync_jobs_to_sdb.py", line 125, in handle
    response = requests.post(sdb_api_url, json=payload, timeout=30)
  File "/Users/i/Library/Python/3.9/lib/python/site-packages/requests/api.py", line 115, in post
    return request("post", url, data=data, json=json, **kwargs)
  File "/Users/i/Library/Python/3.9/lib/python/site-packages/requests/api.py", line 59, in request
    return session.request(method=method, url=url, **kwargs)
  File "/Users/i/Library/Python/3.9/lib/python/site-packages/requests/sessions.py", line 575, in request
    prep = self.prepare_request(req)
  File "/Users/i/Library/Python/3.9/lib/python/site-packages/requests/sessions.py", line 484, in prepare_request
    p.prepare(
  File "/Users/i/Library/Python/3.9/lib/python/site-packages/requests/models.py", line 367, in prepare
    self.prepare_url(url, params)
  File "/Users/i/Library/Python/3.9/lib/python/site-packages/requests/models.py", line 438, in prepare_url
    raise MissingSchema(
requests.exceptions.MissingSchema: Invalid URL 'backup.supersami.com/api/backup/scraping-job/': No scheme supplied. Perhaps you meant https://backup.supersami.com/api/backup/scraping-job/?
2025-04-17 23:52:52,442 - sitescrapers.management.commands.sync_jobs_to_sdb - ERROR - [sync_jobs_to_sdb.py:149] - Failed to sync ScrapingJob PK=239: Invalid URL 'backup.supersami.com/api/backup/scraping-job/': No scheme supplied. Perhaps you meant https://backup.supersami.com/api/backup/scraping-job/?
Traceback (most recent call last):
  File "/Users/i/Documents/work/scraper/sitescrapers/management/commands/sync_jobs_to_sdb.py", line 125, in handle
    response = requests.post(sdb_api_url, json=payload, timeout=30)
  File "/Users/i/Library/Python/3.9/lib/python/site-packages/requests/api.py", line 115, in post
    return request("post", url, data=data, json=json, **kwargs)
  File "/Users/i/Library/Python/3.9/lib/python/site-packages/requests/api.py", line 59, in request
    return session.request(method=method, url=url, **kwargs)
  File "/Users/i/Library/Python/3.9/lib/python/site-packages/requests/sessions.py", line 575, in request
    prep = self.prepare_request(req)
  File "/Users/i/Library/Python/3.9/lib/python/site-packages/requests/sessions.py", line 484, in prepare_request
    p.prepare(
  File "/Users/i/Library/Python/3.9/lib/python/site-packages/requests/models.py", line 367, in prepare
    self.prepare_url(url, params)
  File "/Users/i/Library/Python/3.9/lib/python/site-packages/requests/models.py", line 438, in prepare_url
    raise MissingSchema(
requests.exceptions.MissingSchema: Invalid URL 'backup.supersami.com/api/backup/scraping-job/': No scheme supplied. Perhaps you meant https://backup.supersami.com/api/backup/scraping-job/?
2025-04-17 23:52:52,498 - sitescrapers.management.commands.sync_jobs_to_sdb - ERROR - [sync_jobs_to_sdb.py:149] - Failed to sync ScrapingJob PK=240: Invalid URL 'backup.supersami.com/api/backup/scraping-job/': No scheme supplied. Perhaps you meant https://backup.supersami.com/api/backup/scraping-job/?
Traceback (most recent call last):
  File "/Users/i/Documents/work/scraper/sitescrapers/management/commands/sync_jobs_to_sdb.py", line 125, in handle
    response = requests.post(sdb_api_url, json=payload, timeout=30)
  File "/Users/i/Library/Python/3.9/lib/python/site-packages/requests/api.py", line 115, in post
    return request("post", url, data=data, json=json, **kwargs)
  File "/Users/i/Library/Python/3.9/lib/python/site-packages/requests/api.py", line 59, in request
    return session.request(method=method, url=url, **kwargs)
  File "/Users/i/Library/Python/3.9/lib/python/site-packages/requests/sessions.py", line 575, in request
    prep = self.prepare_request(req)
  File "/Users/i/Library/Python/3.9/lib/python/site-packages/requests/sessions.py", line 484, in prepare_request
    p.prepare(
  File "/Users/i/Library/Python/3.9/lib/python/site-packages/requests/models.py", line 367, in prepare
    self.prepare_url(url, params)
  File "/Users/i/Library/Python/3.9/lib/python/site-packages/requests/models.py", line 438, in prepare_url
    raise MissingSchema(
requests.exceptions.MissingSchema: Invalid URL 'backup.supersami.com/api/backup/scraping-job/': No scheme supplied. Perhaps you meant https://backup.supersami.com/api/backup/scraping-job/?
2025-04-17 23:52:52,554 - sitescrapers.management.commands.sync_jobs_to_sdb - ERROR - [sync_jobs_to_sdb.py:149] - Failed to sync ScrapingJob PK=241: Invalid URL 'backup.supersami.com/api/backup/scraping-job/': No scheme supplied. Perhaps you meant https://backup.supersami.com/api/backup/scraping-job/?
Traceback (most recent call last):
  File "/Users/i/Documents/work/scraper/sitescrapers/management/commands/sync_jobs_to_sdb.py", line 125, in handle
    response = requests.post(sdb_api_url, json=payload, timeout=30)
  File "/Users/i/Library/Python/3.9/lib/python/site-packages/requests/api.py", line 115, in post
    return request("post", url, data=data, json=json, **kwargs)
  File "/Users/i/Library/Python/3.9/lib/python/site-packages/requests/api.py", line 59, in request
    return session.request(method=method, url=url, **kwargs)
  File "/Users/i/Library/Python/3.9/lib/python/site-packages/requests/sessions.py", line 575, in request
    prep = self.prepare_request(req)
  File "/Users/i/Library/Python/3.9/lib/python/site-packages/requests/sessions.py", line 484, in prepare_request
    p.prepare(
  File "/Users/i/Library/Python/3.9/lib/python/site-packages/requests/models.py", line 367, in prepare
    self.prepare_url(url, params)
  File "/Users/i/Library/Python/3.9/lib/python/site-packages/requests/models.py", line 438, in prepare_url
    raise MissingSchema(
requests.exceptions.MissingSchema: Invalid URL 'backup.supersami.com/api/backup/scraping-job/': No scheme supplied. Perhaps you meant https://backup.supersami.com/api/backup/scraping-job/?
2025-04-17 23:52:52,605 - sitescrapers.management.commands.sync_jobs_to_sdb - ERROR - [sync_jobs_to_sdb.py:149] - Failed to sync ScrapingJob PK=242: Invalid URL 'backup.supersami.com/api/backup/scraping-job/': No scheme supplied. Perhaps you meant https://backup.supersami.com/api/backup/scraping-job/?
Traceback (most recent call last):
  File "/Users/i/Documents/work/scraper/sitescrapers/management/commands/sync_jobs_to_sdb.py", line 125, in handle
    response = requests.post(sdb_api_url, json=payload, timeout=30)
  File "/Users/i/Library/Python/3.9/lib/python/site-packages/requests/api.py", line 115, in post
    return request("post", url, data=data, json=json, **kwargs)
  File "/Users/i/Library/Python/3.9/lib/python/site-packages/requests/api.py", line 59, in request
    return session.request(method=method, url=url, **kwargs)
  File "/Users/i/Library/Python/3.9/lib/python/site-packages/requests/sessions.py", line 575, in request
    prep = self.prepare_request(req)
  File "/Users/i/Library/Python/3.9/lib/python/site-packages/requests/sessions.py", line 484, in prepare_request
    p.prepare(
  File "/Users/i/Library/Python/3.9/lib/python/site-packages/requests/models.py", line 367, in prepare
    self.prepare_url(url, params)
  File "/Users/i/Library/Python/3.9/lib/python/site-packages/requests/models.py", line 438, in prepare_url
    raise MissingSchema(
requests.exceptions.MissingSchema: Invalid URL 'backup.supersami.com/api/backup/scraping-job/': No scheme supplied. Perhaps you meant https://backup.supersami.com/api/backup/scraping-job/?
2025-04-17 23:52:52,661 - sitescrapers.management.commands.sync_jobs_to_sdb - ERROR - [sync_jobs_to_sdb.py:149] - Failed to sync ScrapingJob PK=243: Invalid URL 'backup.supersami.com/api/backup/scraping-job/': No scheme supplied. Perhaps you meant https://backup.supersami.com/api/backup/scraping-job/?
Traceback (most recent call last):
  File "/Users/i/Documents/work/scraper/sitescrapers/management/commands/sync_jobs_to_sdb.py", line 125, in handle
    response = requests.post(sdb_api_url, json=payload, timeout=30)
  File "/Users/i/Library/Python/3.9/lib/python/site-packages/requests/api.py", line 115, in post
    return request("post", url, data=data, json=json, **kwargs)
  File "/Users/i/Library/Python/3.9/lib/python/site-packages/requests/api.py", line 59, in request
    return session.request(method=method, url=url, **kwargs)
  File "/Users/i/Library/Python/3.9/lib/python/site-packages/requests/sessions.py", line 575, in request
    prep = self.prepare_request(req)
  File "/Users/i/Library/Python/3.9/lib/python/site-packages/requests/sessions.py", line 484, in prepare_request
    p.prepare(
  File "/Users/i/Library/Python/3.9/lib/python/site-packages/requests/models.py", line 367, in prepare
    self.prepare_url(url, params)
  File "/Users/i/Library/Python/3.9/lib/python/site-packages/requests/models.py", line 438, in prepare_url
    raise MissingSchema(
requests.exceptions.MissingSchema: Invalid URL 'backup.supersami.com/api/backup/scraping-job/': No scheme supplied. Perhaps you meant https://backup.supersami.com/api/backup/scraping-job/?
2025-04-17 23:52:52,712 - sitescrapers.management.commands.sync_jobs_to_sdb - ERROR - [sync_jobs_to_sdb.py:149] - Failed to sync ScrapingJob PK=244: Invalid URL 'backup.supersami.com/api/backup/scraping-job/': No scheme supplied. Perhaps you meant https://backup.supersami.com/api/backup/scraping-job/?
Traceback (most recent call last):
  File "/Users/i/Documents/work/scraper/sitescrapers/management/commands/sync_jobs_to_sdb.py", line 125, in handle
    response = requests.post(sdb_api_url, json=payload, timeout=30)
  File "/Users/i/Library/Python/3.9/lib/python/site-packages/requests/api.py", line 115, in post
    return request("post", url, data=data, json=json, **kwargs)
  File "/Users/i/Library/Python/3.9/lib/python/site-packages/requests/api.py", line 59, in request
    return session.request(method=method, url=url, **kwargs)
  File "/Users/i/Library/Python/3.9/lib/python/site-packages/requests/sessions.py", line 575, in request
    prep = self.prepare_request(req)
  File "/Users/i/Library/Python/3.9/lib/python/site-packages/requests/sessions.py", line 484, in prepare_request
    p.prepare(
  File "/Users/i/Library/Python/3.9/lib/python/site-packages/requests/models.py", line 367, in prepare
    self.prepare_url(url, params)
  File "/Users/i/Library/Python/3.9/lib/python/site-packages/requests/models.py", line 438, in prepare_url
    raise MissingSchema(
requests.exceptions.MissingSchema: Invalid URL 'backup.supersami.com/api/backup/scraping-job/': No scheme supplied. Perhaps you meant https://backup.supersami.com/api/backup/scraping-job/?
2025-04-17 23:52:52,763 - sitescrapers.management.commands.sync_jobs_to_sdb - ERROR - [sync_jobs_to_sdb.py:149] - Failed to sync ScrapingJob PK=245: Invalid URL 'backup.supersami.com/api/backup/scraping-job/': No scheme supplied. Perhaps you meant https://backup.supersami.com/api/backup/scraping-job/?
Traceback (most recent call last):
  File "/Users/i/Documents/work/scraper/sitescrapers/management/commands/sync_jobs_to_sdb.py", line 125, in handle
    response = requests.post(sdb_api_url, json=payload, timeout=30)
  File "/Users/i/Library/Python/3.9/lib/python/site-packages/requests/api.py", line 115, in post
    return request("post", url, data=data, json=json, **kwargs)
  File "/Users/i/Library/Python/3.9/lib/python/site-packages/requests/api.py", line 59, in request
    return session.request(method=method, url=url, **kwargs)
  File "/Users/i/Library/Python/3.9/lib/python/site-packages/requests/sessions.py", line 575, in request
    prep = self.prepare_request(req)
  File "/Users/i/Library/Python/3.9/lib/python/site-packages/requests/sessions.py", line 484, in prepare_request
    p.prepare(
  File "/Users/i/Library/Python/3.9/lib/python/site-packages/requests/models.py", line 367, in prepare
    self.prepare_url(url, params)
  File "/Users/i/Library/Python/3.9/lib/python/site-packages/requests/models.py", line 438, in prepare_url
    raise MissingSchema(
requests.exceptions.MissingSchema: Invalid URL 'backup.supersami.com/api/backup/scraping-job/': No scheme supplied. Perhaps you meant https://backup.supersami.com/api/backup/scraping-job/?
2025-04-17 23:52:52,819 - sitescrapers.management.commands.sync_jobs_to_sdb - ERROR - [sync_jobs_to_sdb.py:149] - Failed to sync ScrapingJob PK=246: Invalid URL 'backup.supersami.com/api/backup/scraping-job/': No scheme supplied. Perhaps you meant https://backup.supersami.com/api/backup/scraping-job/?
Traceback (most recent call last):
  File "/Users/i/Documents/work/scraper/sitescrapers/management/commands/sync_jobs_to_sdb.py", line 125, in handle
    response = requests.post(sdb_api_url, json=payload, timeout=30)
  File "/Users/i/Library/Python/3.9/lib/python/site-packages/requests/api.py", line 115, in post
    return request("post", url, data=data, json=json, **kwargs)
  File "/Users/i/Library/Python/3.9/lib/python/site-packages/requests/api.py", line 59, in request
    return session.request(method=method, url=url, **kwargs)
  File "/Users/i/Library/Python/3.9/lib/python/site-packages/requests/sessions.py", line 575, in request
    prep = self.prepare_request(req)
  File "/Users/i/Library/Python/3.9/lib/python/site-packages/requests/sessions.py", line 484, in prepare_request
    p.prepare(
  File "/Users/i/Library/Python/3.9/lib/python/site-packages/requests/models.py", line 367, in prepare
    self.prepare_url(url, params)
  File "/Users/i/Library/Python/3.9/lib/python/site-packages/requests/models.py", line 438, in prepare_url
    raise MissingSchema(
requests.exceptions.MissingSchema: Invalid URL 'backup.supersami.com/api/backup/scraping-job/': No scheme supplied. Perhaps you meant https://backup.supersami.com/api/backup/scraping-job/?
2025-04-17 23:52:52,875 - sitescrapers.management.commands.sync_jobs_to_sdb - ERROR - [sync_jobs_to_sdb.py:149] - Failed to sync ScrapingJob PK=247: Invalid URL 'backup.supersami.com/api/backup/scraping-job/': No scheme supplied. Perhaps you meant https://backup.supersami.com/api/backup/scraping-job/?
Traceback (most recent call last):
  File "/Users/i/Documents/work/scraper/sitescrapers/management/commands/sync_jobs_to_sdb.py", line 125, in handle
    response = requests.post(sdb_api_url, json=payload, timeout=30)
  File "/Users/i/Library/Python/3.9/lib/python/site-packages/requests/api.py", line 115, in post
    return request("post", url, data=data, json=json, **kwargs)
  File "/Users/i/Library/Python/3.9/lib/python/site-packages/requests/api.py", line 59, in request
    return session.request(method=method, url=url, **kwargs)
  File "/Users/i/Library/Python/3.9/lib/python/site-packages/requests/sessions.py", line 575, in request
    prep = self.prepare_request(req)
  File "/Users/i/Library/Python/3.9/lib/python/site-packages/requests/sessions.py", line 484, in prepare_request
    p.prepare(
  File "/Users/i/Library/Python/3.9/lib/python/site-packages/requests/models.py", line 367, in prepare
    self.prepare_url(url, params)
  File "/Users/i/Library/Python/3.9/lib/python/site-packages/requests/models.py", line 438, in prepare_url
    raise MissingSchema(
requests.exceptions.MissingSchema: Invalid URL 'backup.supersami.com/api/backup/scraping-job/': No scheme supplied. Perhaps you meant https://backup.supersami.com/api/backup/scraping-job/?
2025-04-17 23:52:52,931 - sitescrapers.management.commands.sync_jobs_to_sdb - ERROR - [sync_jobs_to_sdb.py:149] - Failed to sync ScrapingJob PK=248: Invalid URL 'backup.supersami.com/api/backup/scraping-job/': No scheme supplied. Perhaps you meant https://backup.supersami.com/api/backup/scraping-job/?
Traceback (most recent call last):
  File "/Users/i/Documents/work/scraper/sitescrapers/management/commands/sync_jobs_to_sdb.py", line 125, in handle
    response = requests.post(sdb_api_url, json=payload, timeout=30)
  File "/Users/i/Library/Python/3.9/lib/python/site-packages/requests/api.py", line 115, in post
    return request("post", url, data=data, json=json, **kwargs)
  File "/Users/i/Library/Python/3.9/lib/python/site-packages/requests/api.py", line 59, in request
    return session.request(method=method, url=url, **kwargs)
  File "/Users/i/Library/Python/3.9/lib/python/site-packages/requests/sessions.py", line 575, in request
    prep = self.prepare_request(req)
  File "/Users/i/Library/Python/3.9/lib/python/site-packages/requests/sessions.py", line 484, in prepare_request
    p.prepare(
  File "/Users/i/Library/Python/3.9/lib/python/site-packages/requests/models.py", line 367, in prepare
    self.prepare_url(url, params)
  File "/Users/i/Library/Python/3.9/lib/python/site-packages/requests/models.py", line 438, in prepare_url
    raise MissingSchema(
requests.exceptions.MissingSchema: Invalid URL 'backup.supersami.com/api/backup/scraping-job/': No scheme supplied. Perhaps you meant https://backup.supersami.com/api/backup/scraping-job/?
2025-04-17 23:52:52,989 - sitescrapers.management.commands.sync_jobs_to_sdb - ERROR - [sync_jobs_to_sdb.py:149] - Failed to sync ScrapingJob PK=249: Invalid URL 'backup.supersami.com/api/backup/scraping-job/': No scheme supplied. Perhaps you meant https://backup.supersami.com/api/backup/scraping-job/?
Traceback (most recent call last):
  File "/Users/i/Documents/work/scraper/sitescrapers/management/commands/sync_jobs_to_sdb.py", line 125, in handle
    response = requests.post(sdb_api_url, json=payload, timeout=30)
  File "/Users/i/Library/Python/3.9/lib/python/site-packages/requests/api.py", line 115, in post
    return request("post", url, data=data, json=json, **kwargs)
  File "/Users/i/Library/Python/3.9/lib/python/site-packages/requests/api.py", line 59, in request
    return session.request(method=method, url=url, **kwargs)
  File "/Users/i/Library/Python/3.9/lib/python/site-packages/requests/sessions.py", line 575, in request
    prep = self.prepare_request(req)
  File "/Users/i/Library/Python/3.9/lib/python/site-packages/requests/sessions.py", line 484, in prepare_request
    p.prepare(
  File "/Users/i/Library/Python/3.9/lib/python/site-packages/requests/models.py", line 367, in prepare
    self.prepare_url(url, params)
  File "/Users/i/Library/Python/3.9/lib/python/site-packages/requests/models.py", line 438, in prepare_url
    raise MissingSchema(
requests.exceptions.MissingSchema: Invalid URL 'backup.supersami.com/api/backup/scraping-job/': No scheme supplied. Perhaps you meant https://backup.supersami.com/api/backup/scraping-job/?
2025-04-17 23:52:53,045 - sitescrapers.management.commands.sync_jobs_to_sdb - ERROR - [sync_jobs_to_sdb.py:149] - Failed to sync ScrapingJob PK=250: Invalid URL 'backup.supersami.com/api/backup/scraping-job/': No scheme supplied. Perhaps you meant https://backup.supersami.com/api/backup/scraping-job/?
Traceback (most recent call last):
  File "/Users/i/Documents/work/scraper/sitescrapers/management/commands/sync_jobs_to_sdb.py", line 125, in handle
    response = requests.post(sdb_api_url, json=payload, timeout=30)
  File "/Users/i/Library/Python/3.9/lib/python/site-packages/requests/api.py", line 115, in post
    return request("post", url, data=data, json=json, **kwargs)
  File "/Users/i/Library/Python/3.9/lib/python/site-packages/requests/api.py", line 59, in request
    return session.request(method=method, url=url, **kwargs)
  File "/Users/i/Library/Python/3.9/lib/python/site-packages/requests/sessions.py", line 575, in request
    prep = self.prepare_request(req)
  File "/Users/i/Library/Python/3.9/lib/python/site-packages/requests/sessions.py", line 484, in prepare_request
    p.prepare(
  File "/Users/i/Library/Python/3.9/lib/python/site-packages/requests/models.py", line 367, in prepare
    self.prepare_url(url, params)
  File "/Users/i/Library/Python/3.9/lib/python/site-packages/requests/models.py", line 438, in prepare_url
    raise MissingSchema(
requests.exceptions.MissingSchema: Invalid URL 'backup.supersami.com/api/backup/scraping-job/': No scheme supplied. Perhaps you meant https://backup.supersami.com/api/backup/scraping-job/?
2025-04-17 23:52:53,103 - sitescrapers.management.commands.sync_jobs_to_sdb - ERROR - [sync_jobs_to_sdb.py:149] - Failed to sync ScrapingJob PK=251: Invalid URL 'backup.supersami.com/api/backup/scraping-job/': No scheme supplied. Perhaps you meant https://backup.supersami.com/api/backup/scraping-job/?
Traceback (most recent call last):
  File "/Users/i/Documents/work/scraper/sitescrapers/management/commands/sync_jobs_to_sdb.py", line 125, in handle
    response = requests.post(sdb_api_url, json=payload, timeout=30)
  File "/Users/i/Library/Python/3.9/lib/python/site-packages/requests/api.py", line 115, in post
    return request("post", url, data=data, json=json, **kwargs)
  File "/Users/i/Library/Python/3.9/lib/python/site-packages/requests/api.py", line 59, in request
    return session.request(method=method, url=url, **kwargs)
  File "/Users/i/Library/Python/3.9/lib/python/site-packages/requests/sessions.py", line 575, in request
    prep = self.prepare_request(req)
  File "/Users/i/Library/Python/3.9/lib/python/site-packages/requests/sessions.py", line 484, in prepare_request
    p.prepare(
  File "/Users/i/Library/Python/3.9/lib/python/site-packages/requests/models.py", line 367, in prepare
    self.prepare_url(url, params)
  File "/Users/i/Library/Python/3.9/lib/python/site-packages/requests/models.py", line 438, in prepare_url
    raise MissingSchema(
requests.exceptions.MissingSchema: Invalid URL 'backup.supersami.com/api/backup/scraping-job/': No scheme supplied. Perhaps you meant https://backup.supersami.com/api/backup/scraping-job/?
2025-04-17 23:52:53,159 - sitescrapers.management.commands.sync_jobs_to_sdb - ERROR - [sync_jobs_to_sdb.py:149] - Failed to sync ScrapingJob PK=252: Invalid URL 'backup.supersami.com/api/backup/scraping-job/': No scheme supplied. Perhaps you meant https://backup.supersami.com/api/backup/scraping-job/?
Traceback (most recent call last):
  File "/Users/i/Documents/work/scraper/sitescrapers/management/commands/sync_jobs_to_sdb.py", line 125, in handle
    response = requests.post(sdb_api_url, json=payload, timeout=30)
  File "/Users/i/Library/Python/3.9/lib/python/site-packages/requests/api.py", line 115, in post
    return request("post", url, data=data, json=json, **kwargs)
  File "/Users/i/Library/Python/3.9/lib/python/site-packages/requests/api.py", line 59, in request
    return session.request(method=method, url=url, **kwargs)
  File "/Users/i/Library/Python/3.9/lib/python/site-packages/requests/sessions.py", line 575, in request
    prep = self.prepare_request(req)
  File "/Users/i/Library/Python/3.9/lib/python/site-packages/requests/sessions.py", line 484, in prepare_request
    p.prepare(
  File "/Users/i/Library/Python/3.9/lib/python/site-packages/requests/models.py", line 367, in prepare
    self.prepare_url(url, params)
  File "/Users/i/Library/Python/3.9/lib/python/site-packages/requests/models.py", line 438, in prepare_url
    raise MissingSchema(
requests.exceptions.MissingSchema: Invalid URL 'backup.supersami.com/api/backup/scraping-job/': No scheme supplied. Perhaps you meant https://backup.supersami.com/api/backup/scraping-job/?
2025-04-17 23:52:53,217 - sitescrapers.management.commands.sync_jobs_to_sdb - ERROR - [sync_jobs_to_sdb.py:149] - Failed to sync ScrapingJob PK=253: Invalid URL 'backup.supersami.com/api/backup/scraping-job/': No scheme supplied. Perhaps you meant https://backup.supersami.com/api/backup/scraping-job/?
Traceback (most recent call last):
  File "/Users/i/Documents/work/scraper/sitescrapers/management/commands/sync_jobs_to_sdb.py", line 125, in handle
    response = requests.post(sdb_api_url, json=payload, timeout=30)
  File "/Users/i/Library/Python/3.9/lib/python/site-packages/requests/api.py", line 115, in post
    return request("post", url, data=data, json=json, **kwargs)
  File "/Users/i/Library/Python/3.9/lib/python/site-packages/requests/api.py", line 59, in request
    return session.request(method=method, url=url, **kwargs)
  File "/Users/i/Library/Python/3.9/lib/python/site-packages/requests/sessions.py", line 575, in request
    prep = self.prepare_request(req)
  File "/Users/i/Library/Python/3.9/lib/python/site-packages/requests/sessions.py", line 484, in prepare_request
    p.prepare(
  File "/Users/i/Library/Python/3.9/lib/python/site-packages/requests/models.py", line 367, in prepare
    self.prepare_url(url, params)
  File "/Users/i/Library/Python/3.9/lib/python/site-packages/requests/models.py", line 438, in prepare_url
    raise MissingSchema(
requests.exceptions.MissingSchema: Invalid URL 'backup.supersami.com/api/backup/scraping-job/': No scheme supplied. Perhaps you meant https://backup.supersami.com/api/backup/scraping-job/?
2025-04-17 23:52:53,273 - sitescrapers.management.commands.sync_jobs_to_sdb - ERROR - [sync_jobs_to_sdb.py:149] - Failed to sync ScrapingJob PK=254: Invalid URL 'backup.supersami.com/api/backup/scraping-job/': No scheme supplied. Perhaps you meant https://backup.supersami.com/api/backup/scraping-job/?
Traceback (most recent call last):
  File "/Users/i/Documents/work/scraper/sitescrapers/management/commands/sync_jobs_to_sdb.py", line 125, in handle
    response = requests.post(sdb_api_url, json=payload, timeout=30)
  File "/Users/i/Library/Python/3.9/lib/python/site-packages/requests/api.py", line 115, in post
    return request("post", url, data=data, json=json, **kwargs)
  File "/Users/i/Library/Python/3.9/lib/python/site-packages/requests/api.py", line 59, in request
    return session.request(method=method, url=url, **kwargs)
  File "/Users/i/Library/Python/3.9/lib/python/site-packages/requests/sessions.py", line 575, in request
    prep = self.prepare_request(req)
  File "/Users/i/Library/Python/3.9/lib/python/site-packages/requests/sessions.py", line 484, in prepare_request
    p.prepare(
  File "/Users/i/Library/Python/3.9/lib/python/site-packages/requests/models.py", line 367, in prepare
    self.prepare_url(url, params)
  File "/Users/i/Library/Python/3.9/lib/python/site-packages/requests/models.py", line 438, in prepare_url
    raise MissingSchema(
requests.exceptions.MissingSchema: Invalid URL 'backup.supersami.com/api/backup/scraping-job/': No scheme supplied. Perhaps you meant https://backup.supersami.com/api/backup/scraping-job/?
2025-04-17 23:52:53,330 - sitescrapers.management.commands.sync_jobs_to_sdb - ERROR - [sync_jobs_to_sdb.py:149] - Failed to sync ScrapingJob PK=255: Invalid URL 'backup.supersami.com/api/backup/scraping-job/': No scheme supplied. Perhaps you meant https://backup.supersami.com/api/backup/scraping-job/?
Traceback (most recent call last):
  File "/Users/i/Documents/work/scraper/sitescrapers/management/commands/sync_jobs_to_sdb.py", line 125, in handle
    response = requests.post(sdb_api_url, json=payload, timeout=30)
  File "/Users/i/Library/Python/3.9/lib/python/site-packages/requests/api.py", line 115, in post
    return request("post", url, data=data, json=json, **kwargs)
  File "/Users/i/Library/Python/3.9/lib/python/site-packages/requests/api.py", line 59, in request
    return session.request(method=method, url=url, **kwargs)
  File "/Users/i/Library/Python/3.9/lib/python/site-packages/requests/sessions.py", line 575, in request
    prep = self.prepare_request(req)
  File "/Users/i/Library/Python/3.9/lib/python/site-packages/requests/sessions.py", line 484, in prepare_request
    p.prepare(
  File "/Users/i/Library/Python/3.9/lib/python/site-packages/requests/models.py", line 367, in prepare
    self.prepare_url(url, params)
  File "/Users/i/Library/Python/3.9/lib/python/site-packages/requests/models.py", line 438, in prepare_url
    raise MissingSchema(
requests.exceptions.MissingSchema: Invalid URL 'backup.supersami.com/api/backup/scraping-job/': No scheme supplied. Perhaps you meant https://backup.supersami.com/api/backup/scraping-job/?
2025-04-17 23:52:53,387 - sitescrapers.management.commands.sync_jobs_to_sdb - ERROR - [sync_jobs_to_sdb.py:149] - Failed to sync ScrapingJob PK=256: Invalid URL 'backup.supersami.com/api/backup/scraping-job/': No scheme supplied. Perhaps you meant https://backup.supersami.com/api/backup/scraping-job/?
Traceback (most recent call last):
  File "/Users/i/Documents/work/scraper/sitescrapers/management/commands/sync_jobs_to_sdb.py", line 125, in handle
    response = requests.post(sdb_api_url, json=payload, timeout=30)
  File "/Users/i/Library/Python/3.9/lib/python/site-packages/requests/api.py", line 115, in post
    return request("post", url, data=data, json=json, **kwargs)
  File "/Users/i/Library/Python/3.9/lib/python/site-packages/requests/api.py", line 59, in request
    return session.request(method=method, url=url, **kwargs)
  File "/Users/i/Library/Python/3.9/lib/python/site-packages/requests/sessions.py", line 575, in request
    prep = self.prepare_request(req)
  File "/Users/i/Library/Python/3.9/lib/python/site-packages/requests/sessions.py", line 484, in prepare_request
    p.prepare(
  File "/Users/i/Library/Python/3.9/lib/python/site-packages/requests/models.py", line 367, in prepare
    self.prepare_url(url, params)
  File "/Users/i/Library/Python/3.9/lib/python/site-packages/requests/models.py", line 438, in prepare_url
    raise MissingSchema(
requests.exceptions.MissingSchema: Invalid URL 'backup.supersami.com/api/backup/scraping-job/': No scheme supplied. Perhaps you meant https://backup.supersami.com/api/backup/scraping-job/?
2025-04-17 23:52:53,444 - sitescrapers.management.commands.sync_jobs_to_sdb - ERROR - [sync_jobs_to_sdb.py:149] - Failed to sync ScrapingJob PK=257: Invalid URL 'backup.supersami.com/api/backup/scraping-job/': No scheme supplied. Perhaps you meant https://backup.supersami.com/api/backup/scraping-job/?
Traceback (most recent call last):
  File "/Users/i/Documents/work/scraper/sitescrapers/management/commands/sync_jobs_to_sdb.py", line 125, in handle
    response = requests.post(sdb_api_url, json=payload, timeout=30)
  File "/Users/i/Library/Python/3.9/lib/python/site-packages/requests/api.py", line 115, in post
    return request("post", url, data=data, json=json, **kwargs)
  File "/Users/i/Library/Python/3.9/lib/python/site-packages/requests/api.py", line 59, in request
    return session.request(method=method, url=url, **kwargs)
  File "/Users/i/Library/Python/3.9/lib/python/site-packages/requests/sessions.py", line 575, in request
    prep = self.prepare_request(req)
  File "/Users/i/Library/Python/3.9/lib/python/site-packages/requests/sessions.py", line 484, in prepare_request
    p.prepare(
  File "/Users/i/Library/Python/3.9/lib/python/site-packages/requests/models.py", line 367, in prepare
    self.prepare_url(url, params)
  File "/Users/i/Library/Python/3.9/lib/python/site-packages/requests/models.py", line 438, in prepare_url
    raise MissingSchema(
requests.exceptions.MissingSchema: Invalid URL 'backup.supersami.com/api/backup/scraping-job/': No scheme supplied. Perhaps you meant https://backup.supersami.com/api/backup/scraping-job/?
2025-04-17 23:52:53,502 - sitescrapers.management.commands.sync_jobs_to_sdb - ERROR - [sync_jobs_to_sdb.py:149] - Failed to sync ScrapingJob PK=258: Invalid URL 'backup.supersami.com/api/backup/scraping-job/': No scheme supplied. Perhaps you meant https://backup.supersami.com/api/backup/scraping-job/?
Traceback (most recent call last):
  File "/Users/i/Documents/work/scraper/sitescrapers/management/commands/sync_jobs_to_sdb.py", line 125, in handle
    response = requests.post(sdb_api_url, json=payload, timeout=30)
  File "/Users/i/Library/Python/3.9/lib/python/site-packages/requests/api.py", line 115, in post
    return request("post", url, data=data, json=json, **kwargs)
  File "/Users/i/Library/Python/3.9/lib/python/site-packages/requests/api.py", line 59, in request
    return session.request(method=method, url=url, **kwargs)
  File "/Users/i/Library/Python/3.9/lib/python/site-packages/requests/sessions.py", line 575, in request
    prep = self.prepare_request(req)
  File "/Users/i/Library/Python/3.9/lib/python/site-packages/requests/sessions.py", line 484, in prepare_request
    p.prepare(
  File "/Users/i/Library/Python/3.9/lib/python/site-packages/requests/models.py", line 367, in prepare
    self.prepare_url(url, params)
  File "/Users/i/Library/Python/3.9/lib/python/site-packages/requests/models.py", line 438, in prepare_url
    raise MissingSchema(
requests.exceptions.MissingSchema: Invalid URL 'backup.supersami.com/api/backup/scraping-job/': No scheme supplied. Perhaps you meant https://backup.supersami.com/api/backup/scraping-job/?
2025-04-17 23:52:53,559 - sitescrapers.management.commands.sync_jobs_to_sdb - ERROR - [sync_jobs_to_sdb.py:149] - Failed to sync ScrapingJob PK=259: Invalid URL 'backup.supersami.com/api/backup/scraping-job/': No scheme supplied. Perhaps you meant https://backup.supersami.com/api/backup/scraping-job/?
Traceback (most recent call last):
  File "/Users/i/Documents/work/scraper/sitescrapers/management/commands/sync_jobs_to_sdb.py", line 125, in handle
    response = requests.post(sdb_api_url, json=payload, timeout=30)
  File "/Users/i/Library/Python/3.9/lib/python/site-packages/requests/api.py", line 115, in post
    return request("post", url, data=data, json=json, **kwargs)
  File "/Users/i/Library/Python/3.9/lib/python/site-packages/requests/api.py", line 59, in request
    return session.request(method=method, url=url, **kwargs)
  File "/Users/i/Library/Python/3.9/lib/python/site-packages/requests/sessions.py", line 575, in request
    prep = self.prepare_request(req)
  File "/Users/i/Library/Python/3.9/lib/python/site-packages/requests/sessions.py", line 484, in prepare_request
    p.prepare(
  File "/Users/i/Library/Python/3.9/lib/python/site-packages/requests/models.py", line 367, in prepare
    self.prepare_url(url, params)
  File "/Users/i/Library/Python/3.9/lib/python/site-packages/requests/models.py", line 438, in prepare_url
    raise MissingSchema(
requests.exceptions.MissingSchema: Invalid URL 'backup.supersami.com/api/backup/scraping-job/': No scheme supplied. Perhaps you meant https://backup.supersami.com/api/backup/scraping-job/?
2025-04-17 23:52:53,616 - sitescrapers.management.commands.sync_jobs_to_sdb - ERROR - [sync_jobs_to_sdb.py:149] - Failed to sync ScrapingJob PK=260: Invalid URL 'backup.supersami.com/api/backup/scraping-job/': No scheme supplied. Perhaps you meant https://backup.supersami.com/api/backup/scraping-job/?
Traceback (most recent call last):
  File "/Users/i/Documents/work/scraper/sitescrapers/management/commands/sync_jobs_to_sdb.py", line 125, in handle
    response = requests.post(sdb_api_url, json=payload, timeout=30)
  File "/Users/i/Library/Python/3.9/lib/python/site-packages/requests/api.py", line 115, in post
    return request("post", url, data=data, json=json, **kwargs)
  File "/Users/i/Library/Python/3.9/lib/python/site-packages/requests/api.py", line 59, in request
    return session.request(method=method, url=url, **kwargs)
  File "/Users/i/Library/Python/3.9/lib/python/site-packages/requests/sessions.py", line 575, in request
    prep = self.prepare_request(req)
  File "/Users/i/Library/Python/3.9/lib/python/site-packages/requests/sessions.py", line 484, in prepare_request
    p.prepare(
  File "/Users/i/Library/Python/3.9/lib/python/site-packages/requests/models.py", line 367, in prepare
    self.prepare_url(url, params)
  File "/Users/i/Library/Python/3.9/lib/python/site-packages/requests/models.py", line 438, in prepare_url
    raise MissingSchema(
requests.exceptions.MissingSchema: Invalid URL 'backup.supersami.com/api/backup/scraping-job/': No scheme supplied. Perhaps you meant https://backup.supersami.com/api/backup/scraping-job/?
2025-04-17 23:52:53,674 - sitescrapers.management.commands.sync_jobs_to_sdb - ERROR - [sync_jobs_to_sdb.py:149] - Failed to sync ScrapingJob PK=261: Invalid URL 'backup.supersami.com/api/backup/scraping-job/': No scheme supplied. Perhaps you meant https://backup.supersami.com/api/backup/scraping-job/?
Traceback (most recent call last):
  File "/Users/i/Documents/work/scraper/sitescrapers/management/commands/sync_jobs_to_sdb.py", line 125, in handle
    response = requests.post(sdb_api_url, json=payload, timeout=30)
  File "/Users/i/Library/Python/3.9/lib/python/site-packages/requests/api.py", line 115, in post
    return request("post", url, data=data, json=json, **kwargs)
  File "/Users/i/Library/Python/3.9/lib/python/site-packages/requests/api.py", line 59, in request
    return session.request(method=method, url=url, **kwargs)
  File "/Users/i/Library/Python/3.9/lib/python/site-packages/requests/sessions.py", line 575, in request
    prep = self.prepare_request(req)
  File "/Users/i/Library/Python/3.9/lib/python/site-packages/requests/sessions.py", line 484, in prepare_request
    p.prepare(
  File "/Users/i/Library/Python/3.9/lib/python/site-packages/requests/models.py", line 367, in prepare
    self.prepare_url(url, params)
  File "/Users/i/Library/Python/3.9/lib/python/site-packages/requests/models.py", line 438, in prepare_url
    raise MissingSchema(
requests.exceptions.MissingSchema: Invalid URL 'backup.supersami.com/api/backup/scraping-job/': No scheme supplied. Perhaps you meant https://backup.supersami.com/api/backup/scraping-job/?
2025-04-17 23:52:53,731 - sitescrapers.management.commands.sync_jobs_to_sdb - ERROR - [sync_jobs_to_sdb.py:149] - Failed to sync ScrapingJob PK=262: Invalid URL 'backup.supersami.com/api/backup/scraping-job/': No scheme supplied. Perhaps you meant https://backup.supersami.com/api/backup/scraping-job/?
Traceback (most recent call last):
  File "/Users/i/Documents/work/scraper/sitescrapers/management/commands/sync_jobs_to_sdb.py", line 125, in handle
    response = requests.post(sdb_api_url, json=payload, timeout=30)
  File "/Users/i/Library/Python/3.9/lib/python/site-packages/requests/api.py", line 115, in post
    return request("post", url, data=data, json=json, **kwargs)
  File "/Users/i/Library/Python/3.9/lib/python/site-packages/requests/api.py", line 59, in request
    return session.request(method=method, url=url, **kwargs)
  File "/Users/i/Library/Python/3.9/lib/python/site-packages/requests/sessions.py", line 575, in request
    prep = self.prepare_request(req)
  File "/Users/i/Library/Python/3.9/lib/python/site-packages/requests/sessions.py", line 484, in prepare_request
    p.prepare(
  File "/Users/i/Library/Python/3.9/lib/python/site-packages/requests/models.py", line 367, in prepare
    self.prepare_url(url, params)
  File "/Users/i/Library/Python/3.9/lib/python/site-packages/requests/models.py", line 438, in prepare_url
    raise MissingSchema(
requests.exceptions.MissingSchema: Invalid URL 'backup.supersami.com/api/backup/scraping-job/': No scheme supplied. Perhaps you meant https://backup.supersami.com/api/backup/scraping-job/?
2025-04-17 23:52:53,786 - sitescrapers.management.commands.sync_jobs_to_sdb - ERROR - [sync_jobs_to_sdb.py:149] - Failed to sync ScrapingJob PK=263: Invalid URL 'backup.supersami.com/api/backup/scraping-job/': No scheme supplied. Perhaps you meant https://backup.supersami.com/api/backup/scraping-job/?
Traceback (most recent call last):
  File "/Users/i/Documents/work/scraper/sitescrapers/management/commands/sync_jobs_to_sdb.py", line 125, in handle
    response = requests.post(sdb_api_url, json=payload, timeout=30)
  File "/Users/i/Library/Python/3.9/lib/python/site-packages/requests/api.py", line 115, in post
    return request("post", url, data=data, json=json, **kwargs)
  File "/Users/i/Library/Python/3.9/lib/python/site-packages/requests/api.py", line 59, in request
    return session.request(method=method, url=url, **kwargs)
  File "/Users/i/Library/Python/3.9/lib/python/site-packages/requests/sessions.py", line 575, in request
    prep = self.prepare_request(req)
  File "/Users/i/Library/Python/3.9/lib/python/site-packages/requests/sessions.py", line 484, in prepare_request
    p.prepare(
  File "/Users/i/Library/Python/3.9/lib/python/site-packages/requests/models.py", line 367, in prepare
    self.prepare_url(url, params)
  File "/Users/i/Library/Python/3.9/lib/python/site-packages/requests/models.py", line 438, in prepare_url
    raise MissingSchema(
requests.exceptions.MissingSchema: Invalid URL 'backup.supersami.com/api/backup/scraping-job/': No scheme supplied. Perhaps you meant https://backup.supersami.com/api/backup/scraping-job/?
2025-04-17 23:52:53,844 - sitescrapers.management.commands.sync_jobs_to_sdb - ERROR - [sync_jobs_to_sdb.py:149] - Failed to sync ScrapingJob PK=264: Invalid URL 'backup.supersami.com/api/backup/scraping-job/': No scheme supplied. Perhaps you meant https://backup.supersami.com/api/backup/scraping-job/?
Traceback (most recent call last):
  File "/Users/i/Documents/work/scraper/sitescrapers/management/commands/sync_jobs_to_sdb.py", line 125, in handle
    response = requests.post(sdb_api_url, json=payload, timeout=30)
  File "/Users/i/Library/Python/3.9/lib/python/site-packages/requests/api.py", line 115, in post
    return request("post", url, data=data, json=json, **kwargs)
  File "/Users/i/Library/Python/3.9/lib/python/site-packages/requests/api.py", line 59, in request
    return session.request(method=method, url=url, **kwargs)
  File "/Users/i/Library/Python/3.9/lib/python/site-packages/requests/sessions.py", line 575, in request
    prep = self.prepare_request(req)
  File "/Users/i/Library/Python/3.9/lib/python/site-packages/requests/sessions.py", line 484, in prepare_request
    p.prepare(
  File "/Users/i/Library/Python/3.9/lib/python/site-packages/requests/models.py", line 367, in prepare
    self.prepare_url(url, params)
  File "/Users/i/Library/Python/3.9/lib/python/site-packages/requests/models.py", line 438, in prepare_url
    raise MissingSchema(
requests.exceptions.MissingSchema: Invalid URL 'backup.supersami.com/api/backup/scraping-job/': No scheme supplied. Perhaps you meant https://backup.supersami.com/api/backup/scraping-job/?
2025-04-17 23:52:53,902 - sitescrapers.management.commands.sync_jobs_to_sdb - ERROR - [sync_jobs_to_sdb.py:149] - Failed to sync ScrapingJob PK=265: Invalid URL 'backup.supersami.com/api/backup/scraping-job/': No scheme supplied. Perhaps you meant https://backup.supersami.com/api/backup/scraping-job/?
Traceback (most recent call last):
  File "/Users/i/Documents/work/scraper/sitescrapers/management/commands/sync_jobs_to_sdb.py", line 125, in handle
    response = requests.post(sdb_api_url, json=payload, timeout=30)
  File "/Users/i/Library/Python/3.9/lib/python/site-packages/requests/api.py", line 115, in post
    return request("post", url, data=data, json=json, **kwargs)
  File "/Users/i/Library/Python/3.9/lib/python/site-packages/requests/api.py", line 59, in request
    return session.request(method=method, url=url, **kwargs)
  File "/Users/i/Library/Python/3.9/lib/python/site-packages/requests/sessions.py", line 575, in request
    prep = self.prepare_request(req)
  File "/Users/i/Library/Python/3.9/lib/python/site-packages/requests/sessions.py", line 484, in prepare_request
    p.prepare(
  File "/Users/i/Library/Python/3.9/lib/python/site-packages/requests/models.py", line 367, in prepare
    self.prepare_url(url, params)
  File "/Users/i/Library/Python/3.9/lib/python/site-packages/requests/models.py", line 438, in prepare_url
    raise MissingSchema(
requests.exceptions.MissingSchema: Invalid URL 'backup.supersami.com/api/backup/scraping-job/': No scheme supplied. Perhaps you meant https://backup.supersami.com/api/backup/scraping-job/?
2025-04-17 23:52:53,955 - sitescrapers.management.commands.sync_jobs_to_sdb - ERROR - [sync_jobs_to_sdb.py:149] - Failed to sync ScrapingJob PK=266: Invalid URL 'backup.supersami.com/api/backup/scraping-job/': No scheme supplied. Perhaps you meant https://backup.supersami.com/api/backup/scraping-job/?
Traceback (most recent call last):
  File "/Users/i/Documents/work/scraper/sitescrapers/management/commands/sync_jobs_to_sdb.py", line 125, in handle
    response = requests.post(sdb_api_url, json=payload, timeout=30)
  File "/Users/i/Library/Python/3.9/lib/python/site-packages/requests/api.py", line 115, in post
    return request("post", url, data=data, json=json, **kwargs)
  File "/Users/i/Library/Python/3.9/lib/python/site-packages/requests/api.py", line 59, in request
    return session.request(method=method, url=url, **kwargs)
  File "/Users/i/Library/Python/3.9/lib/python/site-packages/requests/sessions.py", line 575, in request
    prep = self.prepare_request(req)
  File "/Users/i/Library/Python/3.9/lib/python/site-packages/requests/sessions.py", line 484, in prepare_request
    p.prepare(
  File "/Users/i/Library/Python/3.9/lib/python/site-packages/requests/models.py", line 367, in prepare
    self.prepare_url(url, params)
  File "/Users/i/Library/Python/3.9/lib/python/site-packages/requests/models.py", line 438, in prepare_url
    raise MissingSchema(
requests.exceptions.MissingSchema: Invalid URL 'backup.supersami.com/api/backup/scraping-job/': No scheme supplied. Perhaps you meant https://backup.supersami.com/api/backup/scraping-job/?
2025-04-17 23:52:54,012 - sitescrapers.management.commands.sync_jobs_to_sdb - ERROR - [sync_jobs_to_sdb.py:149] - Failed to sync ScrapingJob PK=267: Invalid URL 'backup.supersami.com/api/backup/scraping-job/': No scheme supplied. Perhaps you meant https://backup.supersami.com/api/backup/scraping-job/?
Traceback (most recent call last):
  File "/Users/i/Documents/work/scraper/sitescrapers/management/commands/sync_jobs_to_sdb.py", line 125, in handle
    response = requests.post(sdb_api_url, json=payload, timeout=30)
  File "/Users/i/Library/Python/3.9/lib/python/site-packages/requests/api.py", line 115, in post
    return request("post", url, data=data, json=json, **kwargs)
  File "/Users/i/Library/Python/3.9/lib/python/site-packages/requests/api.py", line 59, in request
    return session.request(method=method, url=url, **kwargs)
  File "/Users/i/Library/Python/3.9/lib/python/site-packages/requests/sessions.py", line 575, in request
    prep = self.prepare_request(req)
  File "/Users/i/Library/Python/3.9/lib/python/site-packages/requests/sessions.py", line 484, in prepare_request
    p.prepare(
  File "/Users/i/Library/Python/3.9/lib/python/site-packages/requests/models.py", line 367, in prepare
    self.prepare_url(url, params)
  File "/Users/i/Library/Python/3.9/lib/python/site-packages/requests/models.py", line 438, in prepare_url
    raise MissingSchema(
requests.exceptions.MissingSchema: Invalid URL 'backup.supersami.com/api/backup/scraping-job/': No scheme supplied. Perhaps you meant https://backup.supersami.com/api/backup/scraping-job/?
2025-04-17 23:52:54,068 - sitescrapers.management.commands.sync_jobs_to_sdb - ERROR - [sync_jobs_to_sdb.py:149] - Failed to sync ScrapingJob PK=268: Invalid URL 'backup.supersami.com/api/backup/scraping-job/': No scheme supplied. Perhaps you meant https://backup.supersami.com/api/backup/scraping-job/?
Traceback (most recent call last):
  File "/Users/i/Documents/work/scraper/sitescrapers/management/commands/sync_jobs_to_sdb.py", line 125, in handle
    response = requests.post(sdb_api_url, json=payload, timeout=30)
  File "/Users/i/Library/Python/3.9/lib/python/site-packages/requests/api.py", line 115, in post
    return request("post", url, data=data, json=json, **kwargs)
  File "/Users/i/Library/Python/3.9/lib/python/site-packages/requests/api.py", line 59, in request
    return session.request(method=method, url=url, **kwargs)
  File "/Users/i/Library/Python/3.9/lib/python/site-packages/requests/sessions.py", line 575, in request
    prep = self.prepare_request(req)
  File "/Users/i/Library/Python/3.9/lib/python/site-packages/requests/sessions.py", line 484, in prepare_request
    p.prepare(
  File "/Users/i/Library/Python/3.9/lib/python/site-packages/requests/models.py", line 367, in prepare
    self.prepare_url(url, params)
  File "/Users/i/Library/Python/3.9/lib/python/site-packages/requests/models.py", line 438, in prepare_url
    raise MissingSchema(
requests.exceptions.MissingSchema: Invalid URL 'backup.supersami.com/api/backup/scraping-job/': No scheme supplied. Perhaps you meant https://backup.supersami.com/api/backup/scraping-job/?
2025-04-17 23:52:54,125 - sitescrapers.management.commands.sync_jobs_to_sdb - ERROR - [sync_jobs_to_sdb.py:149] - Failed to sync ScrapingJob PK=269: Invalid URL 'backup.supersami.com/api/backup/scraping-job/': No scheme supplied. Perhaps you meant https://backup.supersami.com/api/backup/scraping-job/?
Traceback (most recent call last):
  File "/Users/i/Documents/work/scraper/sitescrapers/management/commands/sync_jobs_to_sdb.py", line 125, in handle
    response = requests.post(sdb_api_url, json=payload, timeout=30)
  File "/Users/i/Library/Python/3.9/lib/python/site-packages/requests/api.py", line 115, in post
    return request("post", url, data=data, json=json, **kwargs)
  File "/Users/i/Library/Python/3.9/lib/python/site-packages/requests/api.py", line 59, in request
    return session.request(method=method, url=url, **kwargs)
  File "/Users/i/Library/Python/3.9/lib/python/site-packages/requests/sessions.py", line 575, in request
    prep = self.prepare_request(req)
  File "/Users/i/Library/Python/3.9/lib/python/site-packages/requests/sessions.py", line 484, in prepare_request
    p.prepare(
  File "/Users/i/Library/Python/3.9/lib/python/site-packages/requests/models.py", line 367, in prepare
    self.prepare_url(url, params)
  File "/Users/i/Library/Python/3.9/lib/python/site-packages/requests/models.py", line 438, in prepare_url
    raise MissingSchema(
requests.exceptions.MissingSchema: Invalid URL 'backup.supersami.com/api/backup/scraping-job/': No scheme supplied. Perhaps you meant https://backup.supersami.com/api/backup/scraping-job/?
2025-04-17 23:52:54,181 - sitescrapers.management.commands.sync_jobs_to_sdb - ERROR - [sync_jobs_to_sdb.py:149] - Failed to sync ScrapingJob PK=270: Invalid URL 'backup.supersami.com/api/backup/scraping-job/': No scheme supplied. Perhaps you meant https://backup.supersami.com/api/backup/scraping-job/?
Traceback (most recent call last):
  File "/Users/i/Documents/work/scraper/sitescrapers/management/commands/sync_jobs_to_sdb.py", line 125, in handle
    response = requests.post(sdb_api_url, json=payload, timeout=30)
  File "/Users/i/Library/Python/3.9/lib/python/site-packages/requests/api.py", line 115, in post
    return request("post", url, data=data, json=json, **kwargs)
  File "/Users/i/Library/Python/3.9/lib/python/site-packages/requests/api.py", line 59, in request
    return session.request(method=method, url=url, **kwargs)
  File "/Users/i/Library/Python/3.9/lib/python/site-packages/requests/sessions.py", line 575, in request
    prep = self.prepare_request(req)
  File "/Users/i/Library/Python/3.9/lib/python/site-packages/requests/sessions.py", line 484, in prepare_request
    p.prepare(
  File "/Users/i/Library/Python/3.9/lib/python/site-packages/requests/models.py", line 367, in prepare
    self.prepare_url(url, params)
  File "/Users/i/Library/Python/3.9/lib/python/site-packages/requests/models.py", line 438, in prepare_url
    raise MissingSchema(
requests.exceptions.MissingSchema: Invalid URL 'backup.supersami.com/api/backup/scraping-job/': No scheme supplied. Perhaps you meant https://backup.supersami.com/api/backup/scraping-job/?
2025-04-17 23:52:54,233 - sitescrapers.management.commands.sync_jobs_to_sdb - ERROR - [sync_jobs_to_sdb.py:149] - Failed to sync ScrapingJob PK=271: Invalid URL 'backup.supersami.com/api/backup/scraping-job/': No scheme supplied. Perhaps you meant https://backup.supersami.com/api/backup/scraping-job/?
Traceback (most recent call last):
  File "/Users/i/Documents/work/scraper/sitescrapers/management/commands/sync_jobs_to_sdb.py", line 125, in handle
    response = requests.post(sdb_api_url, json=payload, timeout=30)
  File "/Users/i/Library/Python/3.9/lib/python/site-packages/requests/api.py", line 115, in post
    return request("post", url, data=data, json=json, **kwargs)
  File "/Users/i/Library/Python/3.9/lib/python/site-packages/requests/api.py", line 59, in request
    return session.request(method=method, url=url, **kwargs)
  File "/Users/i/Library/Python/3.9/lib/python/site-packages/requests/sessions.py", line 575, in request
    prep = self.prepare_request(req)
  File "/Users/i/Library/Python/3.9/lib/python/site-packages/requests/sessions.py", line 484, in prepare_request
    p.prepare(
  File "/Users/i/Library/Python/3.9/lib/python/site-packages/requests/models.py", line 367, in prepare
    self.prepare_url(url, params)
  File "/Users/i/Library/Python/3.9/lib/python/site-packages/requests/models.py", line 438, in prepare_url
    raise MissingSchema(
requests.exceptions.MissingSchema: Invalid URL 'backup.supersami.com/api/backup/scraping-job/': No scheme supplied. Perhaps you meant https://backup.supersami.com/api/backup/scraping-job/?
2025-04-17 23:52:54,287 - sitescrapers.management.commands.sync_jobs_to_sdb - ERROR - [sync_jobs_to_sdb.py:149] - Failed to sync ScrapingJob PK=272: Invalid URL 'backup.supersami.com/api/backup/scraping-job/': No scheme supplied. Perhaps you meant https://backup.supersami.com/api/backup/scraping-job/?
Traceback (most recent call last):
  File "/Users/i/Documents/work/scraper/sitescrapers/management/commands/sync_jobs_to_sdb.py", line 125, in handle
    response = requests.post(sdb_api_url, json=payload, timeout=30)
  File "/Users/i/Library/Python/3.9/lib/python/site-packages/requests/api.py", line 115, in post
    return request("post", url, data=data, json=json, **kwargs)
  File "/Users/i/Library/Python/3.9/lib/python/site-packages/requests/api.py", line 59, in request
    return session.request(method=method, url=url, **kwargs)
  File "/Users/i/Library/Python/3.9/lib/python/site-packages/requests/sessions.py", line 575, in request
    prep = self.prepare_request(req)
  File "/Users/i/Library/Python/3.9/lib/python/site-packages/requests/sessions.py", line 484, in prepare_request
    p.prepare(
  File "/Users/i/Library/Python/3.9/lib/python/site-packages/requests/models.py", line 367, in prepare
    self.prepare_url(url, params)
  File "/Users/i/Library/Python/3.9/lib/python/site-packages/requests/models.py", line 438, in prepare_url
    raise MissingSchema(
requests.exceptions.MissingSchema: Invalid URL 'backup.supersami.com/api/backup/scraping-job/': No scheme supplied. Perhaps you meant https://backup.supersami.com/api/backup/scraping-job/?
2025-04-17 23:52:54,344 - sitescrapers.management.commands.sync_jobs_to_sdb - ERROR - [sync_jobs_to_sdb.py:149] - Failed to sync ScrapingJob PK=273: Invalid URL 'backup.supersami.com/api/backup/scraping-job/': No scheme supplied. Perhaps you meant https://backup.supersami.com/api/backup/scraping-job/?
Traceback (most recent call last):
  File "/Users/i/Documents/work/scraper/sitescrapers/management/commands/sync_jobs_to_sdb.py", line 125, in handle
    response = requests.post(sdb_api_url, json=payload, timeout=30)
  File "/Users/i/Library/Python/3.9/lib/python/site-packages/requests/api.py", line 115, in post
    return request("post", url, data=data, json=json, **kwargs)
  File "/Users/i/Library/Python/3.9/lib/python/site-packages/requests/api.py", line 59, in request
    return session.request(method=method, url=url, **kwargs)
  File "/Users/i/Library/Python/3.9/lib/python/site-packages/requests/sessions.py", line 575, in request
    prep = self.prepare_request(req)
  File "/Users/i/Library/Python/3.9/lib/python/site-packages/requests/sessions.py", line 484, in prepare_request
    p.prepare(
  File "/Users/i/Library/Python/3.9/lib/python/site-packages/requests/models.py", line 367, in prepare
    self.prepare_url(url, params)
  File "/Users/i/Library/Python/3.9/lib/python/site-packages/requests/models.py", line 438, in prepare_url
    raise MissingSchema(
requests.exceptions.MissingSchema: Invalid URL 'backup.supersami.com/api/backup/scraping-job/': No scheme supplied. Perhaps you meant https://backup.supersami.com/api/backup/scraping-job/?
2025-04-17 23:52:54,401 - sitescrapers.management.commands.sync_jobs_to_sdb - ERROR - [sync_jobs_to_sdb.py:149] - Failed to sync ScrapingJob PK=274: Invalid URL 'backup.supersami.com/api/backup/scraping-job/': No scheme supplied. Perhaps you meant https://backup.supersami.com/api/backup/scraping-job/?
Traceback (most recent call last):
  File "/Users/i/Documents/work/scraper/sitescrapers/management/commands/sync_jobs_to_sdb.py", line 125, in handle
    response = requests.post(sdb_api_url, json=payload, timeout=30)
  File "/Users/i/Library/Python/3.9/lib/python/site-packages/requests/api.py", line 115, in post
    return request("post", url, data=data, json=json, **kwargs)
  File "/Users/i/Library/Python/3.9/lib/python/site-packages/requests/api.py", line 59, in request
    return session.request(method=method, url=url, **kwargs)
  File "/Users/i/Library/Python/3.9/lib/python/site-packages/requests/sessions.py", line 575, in request
    prep = self.prepare_request(req)
  File "/Users/i/Library/Python/3.9/lib/python/site-packages/requests/sessions.py", line 484, in prepare_request
    p.prepare(
  File "/Users/i/Library/Python/3.9/lib/python/site-packages/requests/models.py", line 367, in prepare
    self.prepare_url(url, params)
  File "/Users/i/Library/Python/3.9/lib/python/site-packages/requests/models.py", line 438, in prepare_url
    raise MissingSchema(
requests.exceptions.MissingSchema: Invalid URL 'backup.supersami.com/api/backup/scraping-job/': No scheme supplied. Perhaps you meant https://backup.supersami.com/api/backup/scraping-job/?
2025-04-17 23:52:54,457 - sitescrapers.management.commands.sync_jobs_to_sdb - ERROR - [sync_jobs_to_sdb.py:149] - Failed to sync ScrapingJob PK=275: Invalid URL 'backup.supersami.com/api/backup/scraping-job/': No scheme supplied. Perhaps you meant https://backup.supersami.com/api/backup/scraping-job/?
Traceback (most recent call last):
  File "/Users/i/Documents/work/scraper/sitescrapers/management/commands/sync_jobs_to_sdb.py", line 125, in handle
    response = requests.post(sdb_api_url, json=payload, timeout=30)
  File "/Users/i/Library/Python/3.9/lib/python/site-packages/requests/api.py", line 115, in post
    return request("post", url, data=data, json=json, **kwargs)
  File "/Users/i/Library/Python/3.9/lib/python/site-packages/requests/api.py", line 59, in request
    return session.request(method=method, url=url, **kwargs)
  File "/Users/i/Library/Python/3.9/lib/python/site-packages/requests/sessions.py", line 575, in request
    prep = self.prepare_request(req)
  File "/Users/i/Library/Python/3.9/lib/python/site-packages/requests/sessions.py", line 484, in prepare_request
    p.prepare(
  File "/Users/i/Library/Python/3.9/lib/python/site-packages/requests/models.py", line 367, in prepare
    self.prepare_url(url, params)
  File "/Users/i/Library/Python/3.9/lib/python/site-packages/requests/models.py", line 438, in prepare_url
    raise MissingSchema(
requests.exceptions.MissingSchema: Invalid URL 'backup.supersami.com/api/backup/scraping-job/': No scheme supplied. Perhaps you meant https://backup.supersami.com/api/backup/scraping-job/?
2025-04-17 23:52:54,512 - sitescrapers.management.commands.sync_jobs_to_sdb - ERROR - [sync_jobs_to_sdb.py:149] - Failed to sync ScrapingJob PK=276: Invalid URL 'backup.supersami.com/api/backup/scraping-job/': No scheme supplied. Perhaps you meant https://backup.supersami.com/api/backup/scraping-job/?
Traceback (most recent call last):
  File "/Users/i/Documents/work/scraper/sitescrapers/management/commands/sync_jobs_to_sdb.py", line 125, in handle
    response = requests.post(sdb_api_url, json=payload, timeout=30)
  File "/Users/i/Library/Python/3.9/lib/python/site-packages/requests/api.py", line 115, in post
    return request("post", url, data=data, json=json, **kwargs)
  File "/Users/i/Library/Python/3.9/lib/python/site-packages/requests/api.py", line 59, in request
    return session.request(method=method, url=url, **kwargs)
  File "/Users/i/Library/Python/3.9/lib/python/site-packages/requests/sessions.py", line 575, in request
    prep = self.prepare_request(req)
  File "/Users/i/Library/Python/3.9/lib/python/site-packages/requests/sessions.py", line 484, in prepare_request
    p.prepare(
  File "/Users/i/Library/Python/3.9/lib/python/site-packages/requests/models.py", line 367, in prepare
    self.prepare_url(url, params)
  File "/Users/i/Library/Python/3.9/lib/python/site-packages/requests/models.py", line 438, in prepare_url
    raise MissingSchema(
requests.exceptions.MissingSchema: Invalid URL 'backup.supersami.com/api/backup/scraping-job/': No scheme supplied. Perhaps you meant https://backup.supersami.com/api/backup/scraping-job/?
2025-04-17 23:52:54,569 - sitescrapers.management.commands.sync_jobs_to_sdb - ERROR - [sync_jobs_to_sdb.py:149] - Failed to sync ScrapingJob PK=277: Invalid URL 'backup.supersami.com/api/backup/scraping-job/': No scheme supplied. Perhaps you meant https://backup.supersami.com/api/backup/scraping-job/?
Traceback (most recent call last):
  File "/Users/i/Documents/work/scraper/sitescrapers/management/commands/sync_jobs_to_sdb.py", line 125, in handle
    response = requests.post(sdb_api_url, json=payload, timeout=30)
  File "/Users/i/Library/Python/3.9/lib/python/site-packages/requests/api.py", line 115, in post
    return request("post", url, data=data, json=json, **kwargs)
  File "/Users/i/Library/Python/3.9/lib/python/site-packages/requests/api.py", line 59, in request
    return session.request(method=method, url=url, **kwargs)
  File "/Users/i/Library/Python/3.9/lib/python/site-packages/requests/sessions.py", line 575, in request
    prep = self.prepare_request(req)
  File "/Users/i/Library/Python/3.9/lib/python/site-packages/requests/sessions.py", line 484, in prepare_request
    p.prepare(
  File "/Users/i/Library/Python/3.9/lib/python/site-packages/requests/models.py", line 367, in prepare
    self.prepare_url(url, params)
  File "/Users/i/Library/Python/3.9/lib/python/site-packages/requests/models.py", line 438, in prepare_url
    raise MissingSchema(
requests.exceptions.MissingSchema: Invalid URL 'backup.supersami.com/api/backup/scraping-job/': No scheme supplied. Perhaps you meant https://backup.supersami.com/api/backup/scraping-job/?
2025-04-17 23:52:54,627 - sitescrapers.management.commands.sync_jobs_to_sdb - ERROR - [sync_jobs_to_sdb.py:149] - Failed to sync ScrapingJob PK=278: Invalid URL 'backup.supersami.com/api/backup/scraping-job/': No scheme supplied. Perhaps you meant https://backup.supersami.com/api/backup/scraping-job/?
Traceback (most recent call last):
  File "/Users/i/Documents/work/scraper/sitescrapers/management/commands/sync_jobs_to_sdb.py", line 125, in handle
    response = requests.post(sdb_api_url, json=payload, timeout=30)
  File "/Users/i/Library/Python/3.9/lib/python/site-packages/requests/api.py", line 115, in post
    return request("post", url, data=data, json=json, **kwargs)
  File "/Users/i/Library/Python/3.9/lib/python/site-packages/requests/api.py", line 59, in request
    return session.request(method=method, url=url, **kwargs)
  File "/Users/i/Library/Python/3.9/lib/python/site-packages/requests/sessions.py", line 575, in request
    prep = self.prepare_request(req)
  File "/Users/i/Library/Python/3.9/lib/python/site-packages/requests/sessions.py", line 484, in prepare_request
    p.prepare(
  File "/Users/i/Library/Python/3.9/lib/python/site-packages/requests/models.py", line 367, in prepare
    self.prepare_url(url, params)
  File "/Users/i/Library/Python/3.9/lib/python/site-packages/requests/models.py", line 438, in prepare_url
    raise MissingSchema(
requests.exceptions.MissingSchema: Invalid URL 'backup.supersami.com/api/backup/scraping-job/': No scheme supplied. Perhaps you meant https://backup.supersami.com/api/backup/scraping-job/?
2025-04-17 23:52:54,679 - sitescrapers.management.commands.sync_jobs_to_sdb - ERROR - [sync_jobs_to_sdb.py:149] - Failed to sync ScrapingJob PK=279: Invalid URL 'backup.supersami.com/api/backup/scraping-job/': No scheme supplied. Perhaps you meant https://backup.supersami.com/api/backup/scraping-job/?
Traceback (most recent call last):
  File "/Users/i/Documents/work/scraper/sitescrapers/management/commands/sync_jobs_to_sdb.py", line 125, in handle
    response = requests.post(sdb_api_url, json=payload, timeout=30)
  File "/Users/i/Library/Python/3.9/lib/python/site-packages/requests/api.py", line 115, in post
    return request("post", url, data=data, json=json, **kwargs)
  File "/Users/i/Library/Python/3.9/lib/python/site-packages/requests/api.py", line 59, in request
    return session.request(method=method, url=url, **kwargs)
  File "/Users/i/Library/Python/3.9/lib/python/site-packages/requests/sessions.py", line 575, in request
    prep = self.prepare_request(req)
  File "/Users/i/Library/Python/3.9/lib/python/site-packages/requests/sessions.py", line 484, in prepare_request
    p.prepare(
  File "/Users/i/Library/Python/3.9/lib/python/site-packages/requests/models.py", line 367, in prepare
    self.prepare_url(url, params)
  File "/Users/i/Library/Python/3.9/lib/python/site-packages/requests/models.py", line 438, in prepare_url
    raise MissingSchema(
requests.exceptions.MissingSchema: Invalid URL 'backup.supersami.com/api/backup/scraping-job/': No scheme supplied. Perhaps you meant https://backup.supersami.com/api/backup/scraping-job/?
2025-04-17 23:52:54,737 - sitescrapers.management.commands.sync_jobs_to_sdb - ERROR - [sync_jobs_to_sdb.py:149] - Failed to sync ScrapingJob PK=280: Invalid URL 'backup.supersami.com/api/backup/scraping-job/': No scheme supplied. Perhaps you meant https://backup.supersami.com/api/backup/scraping-job/?
Traceback (most recent call last):
  File "/Users/i/Documents/work/scraper/sitescrapers/management/commands/sync_jobs_to_sdb.py", line 125, in handle
    response = requests.post(sdb_api_url, json=payload, timeout=30)
  File "/Users/i/Library/Python/3.9/lib/python/site-packages/requests/api.py", line 115, in post
    return request("post", url, data=data, json=json, **kwargs)
  File "/Users/i/Library/Python/3.9/lib/python/site-packages/requests/api.py", line 59, in request
    return session.request(method=method, url=url, **kwargs)
  File "/Users/i/Library/Python/3.9/lib/python/site-packages/requests/sessions.py", line 575, in request
    prep = self.prepare_request(req)
  File "/Users/i/Library/Python/3.9/lib/python/site-packages/requests/sessions.py", line 484, in prepare_request
    p.prepare(
  File "/Users/i/Library/Python/3.9/lib/python/site-packages/requests/models.py", line 367, in prepare
    self.prepare_url(url, params)
  File "/Users/i/Library/Python/3.9/lib/python/site-packages/requests/models.py", line 438, in prepare_url
    raise MissingSchema(
requests.exceptions.MissingSchema: Invalid URL 'backup.supersami.com/api/backup/scraping-job/': No scheme supplied. Perhaps you meant https://backup.supersami.com/api/backup/scraping-job/?
2025-04-17 23:52:54,795 - sitescrapers.management.commands.sync_jobs_to_sdb - ERROR - [sync_jobs_to_sdb.py:149] - Failed to sync ScrapingJob PK=281: Invalid URL 'backup.supersami.com/api/backup/scraping-job/': No scheme supplied. Perhaps you meant https://backup.supersami.com/api/backup/scraping-job/?
Traceback (most recent call last):
  File "/Users/i/Documents/work/scraper/sitescrapers/management/commands/sync_jobs_to_sdb.py", line 125, in handle
    response = requests.post(sdb_api_url, json=payload, timeout=30)
  File "/Users/i/Library/Python/3.9/lib/python/site-packages/requests/api.py", line 115, in post
    return request("post", url, data=data, json=json, **kwargs)
  File "/Users/i/Library/Python/3.9/lib/python/site-packages/requests/api.py", line 59, in request
    return session.request(method=method, url=url, **kwargs)
  File "/Users/i/Library/Python/3.9/lib/python/site-packages/requests/sessions.py", line 575, in request
    prep = self.prepare_request(req)
  File "/Users/i/Library/Python/3.9/lib/python/site-packages/requests/sessions.py", line 484, in prepare_request
    p.prepare(
  File "/Users/i/Library/Python/3.9/lib/python/site-packages/requests/models.py", line 367, in prepare
    self.prepare_url(url, params)
  File "/Users/i/Library/Python/3.9/lib/python/site-packages/requests/models.py", line 438, in prepare_url
    raise MissingSchema(
requests.exceptions.MissingSchema: Invalid URL 'backup.supersami.com/api/backup/scraping-job/': No scheme supplied. Perhaps you meant https://backup.supersami.com/api/backup/scraping-job/?
2025-04-17 23:52:54,852 - sitescrapers.management.commands.sync_jobs_to_sdb - ERROR - [sync_jobs_to_sdb.py:149] - Failed to sync ScrapingJob PK=282: Invalid URL 'backup.supersami.com/api/backup/scraping-job/': No scheme supplied. Perhaps you meant https://backup.supersami.com/api/backup/scraping-job/?
Traceback (most recent call last):
  File "/Users/i/Documents/work/scraper/sitescrapers/management/commands/sync_jobs_to_sdb.py", line 125, in handle
    response = requests.post(sdb_api_url, json=payload, timeout=30)
  File "/Users/i/Library/Python/3.9/lib/python/site-packages/requests/api.py", line 115, in post
    return request("post", url, data=data, json=json, **kwargs)
  File "/Users/i/Library/Python/3.9/lib/python/site-packages/requests/api.py", line 59, in request
    return session.request(method=method, url=url, **kwargs)
  File "/Users/i/Library/Python/3.9/lib/python/site-packages/requests/sessions.py", line 575, in request
    prep = self.prepare_request(req)
  File "/Users/i/Library/Python/3.9/lib/python/site-packages/requests/sessions.py", line 484, in prepare_request
    p.prepare(
  File "/Users/i/Library/Python/3.9/lib/python/site-packages/requests/models.py", line 367, in prepare
    self.prepare_url(url, params)
  File "/Users/i/Library/Python/3.9/lib/python/site-packages/requests/models.py", line 438, in prepare_url
    raise MissingSchema(
requests.exceptions.MissingSchema: Invalid URL 'backup.supersami.com/api/backup/scraping-job/': No scheme supplied. Perhaps you meant https://backup.supersami.com/api/backup/scraping-job/?
2025-04-17 23:52:54,909 - sitescrapers.management.commands.sync_jobs_to_sdb - ERROR - [sync_jobs_to_sdb.py:149] - Failed to sync ScrapingJob PK=283: Invalid URL 'backup.supersami.com/api/backup/scraping-job/': No scheme supplied. Perhaps you meant https://backup.supersami.com/api/backup/scraping-job/?
Traceback (most recent call last):
  File "/Users/i/Documents/work/scraper/sitescrapers/management/commands/sync_jobs_to_sdb.py", line 125, in handle
    response = requests.post(sdb_api_url, json=payload, timeout=30)
  File "/Users/i/Library/Python/3.9/lib/python/site-packages/requests/api.py", line 115, in post
    return request("post", url, data=data, json=json, **kwargs)
  File "/Users/i/Library/Python/3.9/lib/python/site-packages/requests/api.py", line 59, in request
    return session.request(method=method, url=url, **kwargs)
  File "/Users/i/Library/Python/3.9/lib/python/site-packages/requests/sessions.py", line 575, in request
    prep = self.prepare_request(req)
  File "/Users/i/Library/Python/3.9/lib/python/site-packages/requests/sessions.py", line 484, in prepare_request
    p.prepare(
  File "/Users/i/Library/Python/3.9/lib/python/site-packages/requests/models.py", line 367, in prepare
    self.prepare_url(url, params)
  File "/Users/i/Library/Python/3.9/lib/python/site-packages/requests/models.py", line 438, in prepare_url
    raise MissingSchema(
requests.exceptions.MissingSchema: Invalid URL 'backup.supersami.com/api/backup/scraping-job/': No scheme supplied. Perhaps you meant https://backup.supersami.com/api/backup/scraping-job/?
2025-04-17 23:52:54,963 - sitescrapers.management.commands.sync_jobs_to_sdb - ERROR - [sync_jobs_to_sdb.py:149] - Failed to sync ScrapingJob PK=284: Invalid URL 'backup.supersami.com/api/backup/scraping-job/': No scheme supplied. Perhaps you meant https://backup.supersami.com/api/backup/scraping-job/?
Traceback (most recent call last):
  File "/Users/i/Documents/work/scraper/sitescrapers/management/commands/sync_jobs_to_sdb.py", line 125, in handle
    response = requests.post(sdb_api_url, json=payload, timeout=30)
  File "/Users/i/Library/Python/3.9/lib/python/site-packages/requests/api.py", line 115, in post
    return request("post", url, data=data, json=json, **kwargs)
  File "/Users/i/Library/Python/3.9/lib/python/site-packages/requests/api.py", line 59, in request
    return session.request(method=method, url=url, **kwargs)
  File "/Users/i/Library/Python/3.9/lib/python/site-packages/requests/sessions.py", line 575, in request
    prep = self.prepare_request(req)
  File "/Users/i/Library/Python/3.9/lib/python/site-packages/requests/sessions.py", line 484, in prepare_request
    p.prepare(
  File "/Users/i/Library/Python/3.9/lib/python/site-packages/requests/models.py", line 367, in prepare
    self.prepare_url(url, params)
  File "/Users/i/Library/Python/3.9/lib/python/site-packages/requests/models.py", line 438, in prepare_url
    raise MissingSchema(
requests.exceptions.MissingSchema: Invalid URL 'backup.supersami.com/api/backup/scraping-job/': No scheme supplied. Perhaps you meant https://backup.supersami.com/api/backup/scraping-job/?
2025-04-17 23:52:55,020 - sitescrapers.management.commands.sync_jobs_to_sdb - ERROR - [sync_jobs_to_sdb.py:149] - Failed to sync ScrapingJob PK=285: Invalid URL 'backup.supersami.com/api/backup/scraping-job/': No scheme supplied. Perhaps you meant https://backup.supersami.com/api/backup/scraping-job/?
Traceback (most recent call last):
  File "/Users/i/Documents/work/scraper/sitescrapers/management/commands/sync_jobs_to_sdb.py", line 125, in handle
    response = requests.post(sdb_api_url, json=payload, timeout=30)
  File "/Users/i/Library/Python/3.9/lib/python/site-packages/requests/api.py", line 115, in post
    return request("post", url, data=data, json=json, **kwargs)
  File "/Users/i/Library/Python/3.9/lib/python/site-packages/requests/api.py", line 59, in request
    return session.request(method=method, url=url, **kwargs)
  File "/Users/i/Library/Python/3.9/lib/python/site-packages/requests/sessions.py", line 575, in request
    prep = self.prepare_request(req)
  File "/Users/i/Library/Python/3.9/lib/python/site-packages/requests/sessions.py", line 484, in prepare_request
    p.prepare(
  File "/Users/i/Library/Python/3.9/lib/python/site-packages/requests/models.py", line 367, in prepare
    self.prepare_url(url, params)
  File "/Users/i/Library/Python/3.9/lib/python/site-packages/requests/models.py", line 438, in prepare_url
    raise MissingSchema(
requests.exceptions.MissingSchema: Invalid URL 'backup.supersami.com/api/backup/scraping-job/': No scheme supplied. Perhaps you meant https://backup.supersami.com/api/backup/scraping-job/?
2025-04-17 23:52:55,077 - sitescrapers.management.commands.sync_jobs_to_sdb - ERROR - [sync_jobs_to_sdb.py:149] - Failed to sync ScrapingJob PK=286: Invalid URL 'backup.supersami.com/api/backup/scraping-job/': No scheme supplied. Perhaps you meant https://backup.supersami.com/api/backup/scraping-job/?
Traceback (most recent call last):
  File "/Users/i/Documents/work/scraper/sitescrapers/management/commands/sync_jobs_to_sdb.py", line 125, in handle
    response = requests.post(sdb_api_url, json=payload, timeout=30)
  File "/Users/i/Library/Python/3.9/lib/python/site-packages/requests/api.py", line 115, in post
    return request("post", url, data=data, json=json, **kwargs)
  File "/Users/i/Library/Python/3.9/lib/python/site-packages/requests/api.py", line 59, in request
    return session.request(method=method, url=url, **kwargs)
  File "/Users/i/Library/Python/3.9/lib/python/site-packages/requests/sessions.py", line 575, in request
    prep = self.prepare_request(req)
  File "/Users/i/Library/Python/3.9/lib/python/site-packages/requests/sessions.py", line 484, in prepare_request
    p.prepare(
  File "/Users/i/Library/Python/3.9/lib/python/site-packages/requests/models.py", line 367, in prepare
    self.prepare_url(url, params)
  File "/Users/i/Library/Python/3.9/lib/python/site-packages/requests/models.py", line 438, in prepare_url
    raise MissingSchema(
requests.exceptions.MissingSchema: Invalid URL 'backup.supersami.com/api/backup/scraping-job/': No scheme supplied. Perhaps you meant https://backup.supersami.com/api/backup/scraping-job/?
2025-04-17 23:52:55,131 - sitescrapers.management.commands.sync_jobs_to_sdb - ERROR - [sync_jobs_to_sdb.py:149] - Failed to sync ScrapingJob PK=287: Invalid URL 'backup.supersami.com/api/backup/scraping-job/': No scheme supplied. Perhaps you meant https://backup.supersami.com/api/backup/scraping-job/?
Traceback (most recent call last):
  File "/Users/i/Documents/work/scraper/sitescrapers/management/commands/sync_jobs_to_sdb.py", line 125, in handle
    response = requests.post(sdb_api_url, json=payload, timeout=30)
  File "/Users/i/Library/Python/3.9/lib/python/site-packages/requests/api.py", line 115, in post
    return request("post", url, data=data, json=json, **kwargs)
  File "/Users/i/Library/Python/3.9/lib/python/site-packages/requests/api.py", line 59, in request
    return session.request(method=method, url=url, **kwargs)
  File "/Users/i/Library/Python/3.9/lib/python/site-packages/requests/sessions.py", line 575, in request
    prep = self.prepare_request(req)
  File "/Users/i/Library/Python/3.9/lib/python/site-packages/requests/sessions.py", line 484, in prepare_request
    p.prepare(
  File "/Users/i/Library/Python/3.9/lib/python/site-packages/requests/models.py", line 367, in prepare
    self.prepare_url(url, params)
  File "/Users/i/Library/Python/3.9/lib/python/site-packages/requests/models.py", line 438, in prepare_url
    raise MissingSchema(
requests.exceptions.MissingSchema: Invalid URL 'backup.supersami.com/api/backup/scraping-job/': No scheme supplied. Perhaps you meant https://backup.supersami.com/api/backup/scraping-job/?
2025-04-17 23:52:55,188 - sitescrapers.management.commands.sync_jobs_to_sdb - ERROR - [sync_jobs_to_sdb.py:149] - Failed to sync ScrapingJob PK=288: Invalid URL 'backup.supersami.com/api/backup/scraping-job/': No scheme supplied. Perhaps you meant https://backup.supersami.com/api/backup/scraping-job/?
Traceback (most recent call last):
  File "/Users/i/Documents/work/scraper/sitescrapers/management/commands/sync_jobs_to_sdb.py", line 125, in handle
    response = requests.post(sdb_api_url, json=payload, timeout=30)
  File "/Users/i/Library/Python/3.9/lib/python/site-packages/requests/api.py", line 115, in post
    return request("post", url, data=data, json=json, **kwargs)
  File "/Users/i/Library/Python/3.9/lib/python/site-packages/requests/api.py", line 59, in request
    return session.request(method=method, url=url, **kwargs)
  File "/Users/i/Library/Python/3.9/lib/python/site-packages/requests/sessions.py", line 575, in request
    prep = self.prepare_request(req)
  File "/Users/i/Library/Python/3.9/lib/python/site-packages/requests/sessions.py", line 484, in prepare_request
    p.prepare(
  File "/Users/i/Library/Python/3.9/lib/python/site-packages/requests/models.py", line 367, in prepare
    self.prepare_url(url, params)
  File "/Users/i/Library/Python/3.9/lib/python/site-packages/requests/models.py", line 438, in prepare_url
    raise MissingSchema(
requests.exceptions.MissingSchema: Invalid URL 'backup.supersami.com/api/backup/scraping-job/': No scheme supplied. Perhaps you meant https://backup.supersami.com/api/backup/scraping-job/?
2025-04-17 23:52:55,244 - sitescrapers.management.commands.sync_jobs_to_sdb - ERROR - [sync_jobs_to_sdb.py:149] - Failed to sync ScrapingJob PK=289: Invalid URL 'backup.supersami.com/api/backup/scraping-job/': No scheme supplied. Perhaps you meant https://backup.supersami.com/api/backup/scraping-job/?
Traceback (most recent call last):
  File "/Users/i/Documents/work/scraper/sitescrapers/management/commands/sync_jobs_to_sdb.py", line 125, in handle
    response = requests.post(sdb_api_url, json=payload, timeout=30)
  File "/Users/i/Library/Python/3.9/lib/python/site-packages/requests/api.py", line 115, in post
    return request("post", url, data=data, json=json, **kwargs)
  File "/Users/i/Library/Python/3.9/lib/python/site-packages/requests/api.py", line 59, in request
    return session.request(method=method, url=url, **kwargs)
  File "/Users/i/Library/Python/3.9/lib/python/site-packages/requests/sessions.py", line 575, in request
    prep = self.prepare_request(req)
  File "/Users/i/Library/Python/3.9/lib/python/site-packages/requests/sessions.py", line 484, in prepare_request
    p.prepare(
  File "/Users/i/Library/Python/3.9/lib/python/site-packages/requests/models.py", line 367, in prepare
    self.prepare_url(url, params)
  File "/Users/i/Library/Python/3.9/lib/python/site-packages/requests/models.py", line 438, in prepare_url
    raise MissingSchema(
requests.exceptions.MissingSchema: Invalid URL 'backup.supersami.com/api/backup/scraping-job/': No scheme supplied. Perhaps you meant https://backup.supersami.com/api/backup/scraping-job/?
2025-04-17 23:52:55,297 - sitescrapers.management.commands.sync_jobs_to_sdb - ERROR - [sync_jobs_to_sdb.py:149] - Failed to sync ScrapingJob PK=290: Invalid URL 'backup.supersami.com/api/backup/scraping-job/': No scheme supplied. Perhaps you meant https://backup.supersami.com/api/backup/scraping-job/?
Traceback (most recent call last):
  File "/Users/i/Documents/work/scraper/sitescrapers/management/commands/sync_jobs_to_sdb.py", line 125, in handle
    response = requests.post(sdb_api_url, json=payload, timeout=30)
  File "/Users/i/Library/Python/3.9/lib/python/site-packages/requests/api.py", line 115, in post
    return request("post", url, data=data, json=json, **kwargs)
  File "/Users/i/Library/Python/3.9/lib/python/site-packages/requests/api.py", line 59, in request
    return session.request(method=method, url=url, **kwargs)
  File "/Users/i/Library/Python/3.9/lib/python/site-packages/requests/sessions.py", line 575, in request
    prep = self.prepare_request(req)
  File "/Users/i/Library/Python/3.9/lib/python/site-packages/requests/sessions.py", line 484, in prepare_request
    p.prepare(
  File "/Users/i/Library/Python/3.9/lib/python/site-packages/requests/models.py", line 367, in prepare
    self.prepare_url(url, params)
  File "/Users/i/Library/Python/3.9/lib/python/site-packages/requests/models.py", line 438, in prepare_url
    raise MissingSchema(
requests.exceptions.MissingSchema: Invalid URL 'backup.supersami.com/api/backup/scraping-job/': No scheme supplied. Perhaps you meant https://backup.supersami.com/api/backup/scraping-job/?
2025-04-17 23:52:55,353 - sitescrapers.management.commands.sync_jobs_to_sdb - ERROR - [sync_jobs_to_sdb.py:149] - Failed to sync ScrapingJob PK=291: Invalid URL 'backup.supersami.com/api/backup/scraping-job/': No scheme supplied. Perhaps you meant https://backup.supersami.com/api/backup/scraping-job/?
Traceback (most recent call last):
  File "/Users/i/Documents/work/scraper/sitescrapers/management/commands/sync_jobs_to_sdb.py", line 125, in handle
    response = requests.post(sdb_api_url, json=payload, timeout=30)
  File "/Users/i/Library/Python/3.9/lib/python/site-packages/requests/api.py", line 115, in post
    return request("post", url, data=data, json=json, **kwargs)
  File "/Users/i/Library/Python/3.9/lib/python/site-packages/requests/api.py", line 59, in request
    return session.request(method=method, url=url, **kwargs)
  File "/Users/i/Library/Python/3.9/lib/python/site-packages/requests/sessions.py", line 575, in request
    prep = self.prepare_request(req)
  File "/Users/i/Library/Python/3.9/lib/python/site-packages/requests/sessions.py", line 484, in prepare_request
    p.prepare(
  File "/Users/i/Library/Python/3.9/lib/python/site-packages/requests/models.py", line 367, in prepare
    self.prepare_url(url, params)
  File "/Users/i/Library/Python/3.9/lib/python/site-packages/requests/models.py", line 438, in prepare_url
    raise MissingSchema(
requests.exceptions.MissingSchema: Invalid URL 'backup.supersami.com/api/backup/scraping-job/': No scheme supplied. Perhaps you meant https://backup.supersami.com/api/backup/scraping-job/?
2025-04-17 23:52:55,411 - sitescrapers.management.commands.sync_jobs_to_sdb - ERROR - [sync_jobs_to_sdb.py:149] - Failed to sync ScrapingJob PK=292: Invalid URL 'backup.supersami.com/api/backup/scraping-job/': No scheme supplied. Perhaps you meant https://backup.supersami.com/api/backup/scraping-job/?
Traceback (most recent call last):
  File "/Users/i/Documents/work/scraper/sitescrapers/management/commands/sync_jobs_to_sdb.py", line 125, in handle
    response = requests.post(sdb_api_url, json=payload, timeout=30)
  File "/Users/i/Library/Python/3.9/lib/python/site-packages/requests/api.py", line 115, in post
    return request("post", url, data=data, json=json, **kwargs)
  File "/Users/i/Library/Python/3.9/lib/python/site-packages/requests/api.py", line 59, in request
    return session.request(method=method, url=url, **kwargs)
  File "/Users/i/Library/Python/3.9/lib/python/site-packages/requests/sessions.py", line 575, in request
    prep = self.prepare_request(req)
  File "/Users/i/Library/Python/3.9/lib/python/site-packages/requests/sessions.py", line 484, in prepare_request
    p.prepare(
  File "/Users/i/Library/Python/3.9/lib/python/site-packages/requests/models.py", line 367, in prepare
    self.prepare_url(url, params)
  File "/Users/i/Library/Python/3.9/lib/python/site-packages/requests/models.py", line 438, in prepare_url
    raise MissingSchema(
requests.exceptions.MissingSchema: Invalid URL 'backup.supersami.com/api/backup/scraping-job/': No scheme supplied. Perhaps you meant https://backup.supersami.com/api/backup/scraping-job/?
2025-04-17 23:52:55,465 - sitescrapers.management.commands.sync_jobs_to_sdb - ERROR - [sync_jobs_to_sdb.py:149] - Failed to sync ScrapingJob PK=293: Invalid URL 'backup.supersami.com/api/backup/scraping-job/': No scheme supplied. Perhaps you meant https://backup.supersami.com/api/backup/scraping-job/?
Traceback (most recent call last):
  File "/Users/i/Documents/work/scraper/sitescrapers/management/commands/sync_jobs_to_sdb.py", line 125, in handle
    response = requests.post(sdb_api_url, json=payload, timeout=30)
  File "/Users/i/Library/Python/3.9/lib/python/site-packages/requests/api.py", line 115, in post
    return request("post", url, data=data, json=json, **kwargs)
  File "/Users/i/Library/Python/3.9/lib/python/site-packages/requests/api.py", line 59, in request
    return session.request(method=method, url=url, **kwargs)
  File "/Users/i/Library/Python/3.9/lib/python/site-packages/requests/sessions.py", line 575, in request
    prep = self.prepare_request(req)
  File "/Users/i/Library/Python/3.9/lib/python/site-packages/requests/sessions.py", line 484, in prepare_request
    p.prepare(
  File "/Users/i/Library/Python/3.9/lib/python/site-packages/requests/models.py", line 367, in prepare
    self.prepare_url(url, params)
  File "/Users/i/Library/Python/3.9/lib/python/site-packages/requests/models.py", line 438, in prepare_url
    raise MissingSchema(
requests.exceptions.MissingSchema: Invalid URL 'backup.supersami.com/api/backup/scraping-job/': No scheme supplied. Perhaps you meant https://backup.supersami.com/api/backup/scraping-job/?
2025-04-17 23:52:55,520 - sitescrapers.management.commands.sync_jobs_to_sdb - ERROR - [sync_jobs_to_sdb.py:149] - Failed to sync ScrapingJob PK=294: Invalid URL 'backup.supersami.com/api/backup/scraping-job/': No scheme supplied. Perhaps you meant https://backup.supersami.com/api/backup/scraping-job/?
Traceback (most recent call last):
  File "/Users/i/Documents/work/scraper/sitescrapers/management/commands/sync_jobs_to_sdb.py", line 125, in handle
    response = requests.post(sdb_api_url, json=payload, timeout=30)
  File "/Users/i/Library/Python/3.9/lib/python/site-packages/requests/api.py", line 115, in post
    return request("post", url, data=data, json=json, **kwargs)
  File "/Users/i/Library/Python/3.9/lib/python/site-packages/requests/api.py", line 59, in request
    return session.request(method=method, url=url, **kwargs)
  File "/Users/i/Library/Python/3.9/lib/python/site-packages/requests/sessions.py", line 575, in request
    prep = self.prepare_request(req)
  File "/Users/i/Library/Python/3.9/lib/python/site-packages/requests/sessions.py", line 484, in prepare_request
    p.prepare(
  File "/Users/i/Library/Python/3.9/lib/python/site-packages/requests/models.py", line 367, in prepare
    self.prepare_url(url, params)
  File "/Users/i/Library/Python/3.9/lib/python/site-packages/requests/models.py", line 438, in prepare_url
    raise MissingSchema(
requests.exceptions.MissingSchema: Invalid URL 'backup.supersami.com/api/backup/scraping-job/': No scheme supplied. Perhaps you meant https://backup.supersami.com/api/backup/scraping-job/?
2025-04-17 23:52:55,576 - sitescrapers.management.commands.sync_jobs_to_sdb - ERROR - [sync_jobs_to_sdb.py:149] - Failed to sync ScrapingJob PK=295: Invalid URL 'backup.supersami.com/api/backup/scraping-job/': No scheme supplied. Perhaps you meant https://backup.supersami.com/api/backup/scraping-job/?
Traceback (most recent call last):
  File "/Users/i/Documents/work/scraper/sitescrapers/management/commands/sync_jobs_to_sdb.py", line 125, in handle
    response = requests.post(sdb_api_url, json=payload, timeout=30)
  File "/Users/i/Library/Python/3.9/lib/python/site-packages/requests/api.py", line 115, in post
    return request("post", url, data=data, json=json, **kwargs)
  File "/Users/i/Library/Python/3.9/lib/python/site-packages/requests/api.py", line 59, in request
    return session.request(method=method, url=url, **kwargs)
  File "/Users/i/Library/Python/3.9/lib/python/site-packages/requests/sessions.py", line 575, in request
    prep = self.prepare_request(req)
  File "/Users/i/Library/Python/3.9/lib/python/site-packages/requests/sessions.py", line 484, in prepare_request
    p.prepare(
  File "/Users/i/Library/Python/3.9/lib/python/site-packages/requests/models.py", line 367, in prepare
    self.prepare_url(url, params)
  File "/Users/i/Library/Python/3.9/lib/python/site-packages/requests/models.py", line 438, in prepare_url
    raise MissingSchema(
requests.exceptions.MissingSchema: Invalid URL 'backup.supersami.com/api/backup/scraping-job/': No scheme supplied. Perhaps you meant https://backup.supersami.com/api/backup/scraping-job/?
2025-04-17 23:52:55,628 - sitescrapers.management.commands.sync_jobs_to_sdb - ERROR - [sync_jobs_to_sdb.py:149] - Failed to sync ScrapingJob PK=296: Invalid URL 'backup.supersami.com/api/backup/scraping-job/': No scheme supplied. Perhaps you meant https://backup.supersami.com/api/backup/scraping-job/?
Traceback (most recent call last):
  File "/Users/i/Documents/work/scraper/sitescrapers/management/commands/sync_jobs_to_sdb.py", line 125, in handle
    response = requests.post(sdb_api_url, json=payload, timeout=30)
  File "/Users/i/Library/Python/3.9/lib/python/site-packages/requests/api.py", line 115, in post
    return request("post", url, data=data, json=json, **kwargs)
  File "/Users/i/Library/Python/3.9/lib/python/site-packages/requests/api.py", line 59, in request
    return session.request(method=method, url=url, **kwargs)
  File "/Users/i/Library/Python/3.9/lib/python/site-packages/requests/sessions.py", line 575, in request
    prep = self.prepare_request(req)
  File "/Users/i/Library/Python/3.9/lib/python/site-packages/requests/sessions.py", line 484, in prepare_request
    p.prepare(
  File "/Users/i/Library/Python/3.9/lib/python/site-packages/requests/models.py", line 367, in prepare
    self.prepare_url(url, params)
  File "/Users/i/Library/Python/3.9/lib/python/site-packages/requests/models.py", line 438, in prepare_url
    raise MissingSchema(
requests.exceptions.MissingSchema: Invalid URL 'backup.supersami.com/api/backup/scraping-job/': No scheme supplied. Perhaps you meant https://backup.supersami.com/api/backup/scraping-job/?
2025-04-17 23:52:55,680 - sitescrapers.management.commands.sync_jobs_to_sdb - ERROR - [sync_jobs_to_sdb.py:149] - Failed to sync ScrapingJob PK=297: Invalid URL 'backup.supersami.com/api/backup/scraping-job/': No scheme supplied. Perhaps you meant https://backup.supersami.com/api/backup/scraping-job/?
Traceback (most recent call last):
  File "/Users/i/Documents/work/scraper/sitescrapers/management/commands/sync_jobs_to_sdb.py", line 125, in handle
    response = requests.post(sdb_api_url, json=payload, timeout=30)
  File "/Users/i/Library/Python/3.9/lib/python/site-packages/requests/api.py", line 115, in post
    return request("post", url, data=data, json=json, **kwargs)
  File "/Users/i/Library/Python/3.9/lib/python/site-packages/requests/api.py", line 59, in request
    return session.request(method=method, url=url, **kwargs)
  File "/Users/i/Library/Python/3.9/lib/python/site-packages/requests/sessions.py", line 575, in request
    prep = self.prepare_request(req)
  File "/Users/i/Library/Python/3.9/lib/python/site-packages/requests/sessions.py", line 484, in prepare_request
    p.prepare(
  File "/Users/i/Library/Python/3.9/lib/python/site-packages/requests/models.py", line 367, in prepare
    self.prepare_url(url, params)
  File "/Users/i/Library/Python/3.9/lib/python/site-packages/requests/models.py", line 438, in prepare_url
    raise MissingSchema(
requests.exceptions.MissingSchema: Invalid URL 'backup.supersami.com/api/backup/scraping-job/': No scheme supplied. Perhaps you meant https://backup.supersami.com/api/backup/scraping-job/?
2025-04-17 23:59:30,411 - sitescrapers.management.commands.sync_jobs_to_sdb - ERROR - [sync_jobs_to_sdb.py:150] - Failed to sync ScrapingJob PK=268: 400 Client Error: Bad Request for url: https://backup.supersami.com/api/backup/scraping-job/
Traceback (most recent call last):
  File "/Users/i/Documents/work/scraper/sitescrapers/management/commands/sync_jobs_to_sdb.py", line 127, in handle
    response.raise_for_status()
  File "/Users/i/Library/Python/3.9/lib/python/site-packages/requests/models.py", line 1024, in raise_for_status
    raise HTTPError(http_error_msg, response=self)
requests.exceptions.HTTPError: 400 Client Error: Bad Request for url: https://backup.supersami.com/api/backup/scraping-job/
2025-04-17 23:59:30,483 - sitescrapers.management.commands.sync_jobs_to_sdb - ERROR - [sync_jobs_to_sdb.py:155] -   Response status: 400
2025-04-17 23:59:30,483 - sitescrapers.management.commands.sync_jobs_to_sdb - ERROR - [sync_jobs_to_sdb.py:156] -   Response text: {"primary_key":["Scraping Job with this primary key already exists."]}
2025-04-17 23:59:31,449 - sitescrapers.management.commands.sync_jobs_to_sdb - ERROR - [sync_jobs_to_sdb.py:150] - Failed to sync ScrapingJob PK=269: 400 Client Error: Bad Request for url: https://backup.supersami.com/api/backup/scraping-job/
Traceback (most recent call last):
  File "/Users/i/Documents/work/scraper/sitescrapers/management/commands/sync_jobs_to_sdb.py", line 127, in handle
    response.raise_for_status()
  File "/Users/i/Library/Python/3.9/lib/python/site-packages/requests/models.py", line 1024, in raise_for_status
    raise HTTPError(http_error_msg, response=self)
requests.exceptions.HTTPError: 400 Client Error: Bad Request for url: https://backup.supersami.com/api/backup/scraping-job/
2025-04-17 23:59:31,450 - sitescrapers.management.commands.sync_jobs_to_sdb - ERROR - [sync_jobs_to_sdb.py:155] -   Response status: 400
2025-04-17 23:59:31,450 - sitescrapers.management.commands.sync_jobs_to_sdb - ERROR - [sync_jobs_to_sdb.py:156] -   Response text: {"primary_key":["Scraping Job with this primary key already exists."]}
2025-04-17 23:59:32,415 - sitescrapers.management.commands.sync_jobs_to_sdb - ERROR - [sync_jobs_to_sdb.py:150] - Failed to sync ScrapingJob PK=270: 400 Client Error: Bad Request for url: https://backup.supersami.com/api/backup/scraping-job/
Traceback (most recent call last):
  File "/Users/i/Documents/work/scraper/sitescrapers/management/commands/sync_jobs_to_sdb.py", line 127, in handle
    response.raise_for_status()
  File "/Users/i/Library/Python/3.9/lib/python/site-packages/requests/models.py", line 1024, in raise_for_status
    raise HTTPError(http_error_msg, response=self)
requests.exceptions.HTTPError: 400 Client Error: Bad Request for url: https://backup.supersami.com/api/backup/scraping-job/
2025-04-17 23:59:32,415 - sitescrapers.management.commands.sync_jobs_to_sdb - ERROR - [sync_jobs_to_sdb.py:155] -   Response status: 400
2025-04-17 23:59:32,415 - sitescrapers.management.commands.sync_jobs_to_sdb - ERROR - [sync_jobs_to_sdb.py:156] -   Response text: {"primary_key":["Scraping Job with this primary key already exists."]}
2025-04-17 23:59:33,435 - sitescrapers.management.commands.sync_jobs_to_sdb - ERROR - [sync_jobs_to_sdb.py:150] - Failed to sync ScrapingJob PK=271: 400 Client Error: Bad Request for url: https://backup.supersami.com/api/backup/scraping-job/
Traceback (most recent call last):
  File "/Users/i/Documents/work/scraper/sitescrapers/management/commands/sync_jobs_to_sdb.py", line 127, in handle
    response.raise_for_status()
  File "/Users/i/Library/Python/3.9/lib/python/site-packages/requests/models.py", line 1024, in raise_for_status
    raise HTTPError(http_error_msg, response=self)
requests.exceptions.HTTPError: 400 Client Error: Bad Request for url: https://backup.supersami.com/api/backup/scraping-job/
2025-04-17 23:59:33,437 - sitescrapers.management.commands.sync_jobs_to_sdb - ERROR - [sync_jobs_to_sdb.py:155] -   Response status: 400
2025-04-17 23:59:33,437 - sitescrapers.management.commands.sync_jobs_to_sdb - ERROR - [sync_jobs_to_sdb.py:156] -   Response text: {"primary_key":["Scraping Job with this primary key already exists."]}
2025-04-17 23:59:34,384 - sitescrapers.management.commands.sync_jobs_to_sdb - ERROR - [sync_jobs_to_sdb.py:150] - Failed to sync ScrapingJob PK=272: 400 Client Error: Bad Request for url: https://backup.supersami.com/api/backup/scraping-job/
Traceback (most recent call last):
  File "/Users/i/Documents/work/scraper/sitescrapers/management/commands/sync_jobs_to_sdb.py", line 127, in handle
    response.raise_for_status()
  File "/Users/i/Library/Python/3.9/lib/python/site-packages/requests/models.py", line 1024, in raise_for_status
    raise HTTPError(http_error_msg, response=self)
requests.exceptions.HTTPError: 400 Client Error: Bad Request for url: https://backup.supersami.com/api/backup/scraping-job/
2025-04-17 23:59:34,385 - sitescrapers.management.commands.sync_jobs_to_sdb - ERROR - [sync_jobs_to_sdb.py:155] -   Response status: 400
2025-04-17 23:59:34,385 - sitescrapers.management.commands.sync_jobs_to_sdb - ERROR - [sync_jobs_to_sdb.py:156] -   Response text: {"primary_key":["Scraping Job with this primary key already exists."]}
2025-04-17 23:59:35,356 - sitescrapers.management.commands.sync_jobs_to_sdb - ERROR - [sync_jobs_to_sdb.py:150] - Failed to sync ScrapingJob PK=273: 400 Client Error: Bad Request for url: https://backup.supersami.com/api/backup/scraping-job/
Traceback (most recent call last):
  File "/Users/i/Documents/work/scraper/sitescrapers/management/commands/sync_jobs_to_sdb.py", line 127, in handle
    response.raise_for_status()
  File "/Users/i/Library/Python/3.9/lib/python/site-packages/requests/models.py", line 1024, in raise_for_status
    raise HTTPError(http_error_msg, response=self)
requests.exceptions.HTTPError: 400 Client Error: Bad Request for url: https://backup.supersami.com/api/backup/scraping-job/
2025-04-17 23:59:35,357 - sitescrapers.management.commands.sync_jobs_to_sdb - ERROR - [sync_jobs_to_sdb.py:155] -   Response status: 400
2025-04-17 23:59:35,357 - sitescrapers.management.commands.sync_jobs_to_sdb - ERROR - [sync_jobs_to_sdb.py:156] -   Response text: {"primary_key":["Scraping Job with this primary key already exists."]}
2025-04-17 23:59:36,364 - sitescrapers.management.commands.sync_jobs_to_sdb - ERROR - [sync_jobs_to_sdb.py:150] - Failed to sync ScrapingJob PK=274: 400 Client Error: Bad Request for url: https://backup.supersami.com/api/backup/scraping-job/
Traceback (most recent call last):
  File "/Users/i/Documents/work/scraper/sitescrapers/management/commands/sync_jobs_to_sdb.py", line 127, in handle
    response.raise_for_status()
  File "/Users/i/Library/Python/3.9/lib/python/site-packages/requests/models.py", line 1024, in raise_for_status
    raise HTTPError(http_error_msg, response=self)
requests.exceptions.HTTPError: 400 Client Error: Bad Request for url: https://backup.supersami.com/api/backup/scraping-job/
2025-04-17 23:59:36,366 - sitescrapers.management.commands.sync_jobs_to_sdb - ERROR - [sync_jobs_to_sdb.py:155] -   Response status: 400
2025-04-17 23:59:36,366 - sitescrapers.management.commands.sync_jobs_to_sdb - ERROR - [sync_jobs_to_sdb.py:156] -   Response text: {"primary_key":["Scraping Job with this primary key already exists."]}
2025-04-17 23:59:37,346 - sitescrapers.management.commands.sync_jobs_to_sdb - ERROR - [sync_jobs_to_sdb.py:150] - Failed to sync ScrapingJob PK=275: 400 Client Error: Bad Request for url: https://backup.supersami.com/api/backup/scraping-job/
Traceback (most recent call last):
  File "/Users/i/Documents/work/scraper/sitescrapers/management/commands/sync_jobs_to_sdb.py", line 127, in handle
    response.raise_for_status()
  File "/Users/i/Library/Python/3.9/lib/python/site-packages/requests/models.py", line 1024, in raise_for_status
    raise HTTPError(http_error_msg, response=self)
requests.exceptions.HTTPError: 400 Client Error: Bad Request for url: https://backup.supersami.com/api/backup/scraping-job/
2025-04-17 23:59:37,347 - sitescrapers.management.commands.sync_jobs_to_sdb - ERROR - [sync_jobs_to_sdb.py:155] -   Response status: 400
2025-04-17 23:59:37,347 - sitescrapers.management.commands.sync_jobs_to_sdb - ERROR - [sync_jobs_to_sdb.py:156] -   Response text: {"primary_key":["Scraping Job with this primary key already exists."]}
2025-04-17 23:59:38,320 - sitescrapers.management.commands.sync_jobs_to_sdb - ERROR - [sync_jobs_to_sdb.py:150] - Failed to sync ScrapingJob PK=276: 400 Client Error: Bad Request for url: https://backup.supersami.com/api/backup/scraping-job/
Traceback (most recent call last):
  File "/Users/i/Documents/work/scraper/sitescrapers/management/commands/sync_jobs_to_sdb.py", line 127, in handle
    response.raise_for_status()
  File "/Users/i/Library/Python/3.9/lib/python/site-packages/requests/models.py", line 1024, in raise_for_status
    raise HTTPError(http_error_msg, response=self)
requests.exceptions.HTTPError: 400 Client Error: Bad Request for url: https://backup.supersami.com/api/backup/scraping-job/
2025-04-17 23:59:38,320 - sitescrapers.management.commands.sync_jobs_to_sdb - ERROR - [sync_jobs_to_sdb.py:155] -   Response status: 400
2025-04-17 23:59:38,320 - sitescrapers.management.commands.sync_jobs_to_sdb - ERROR - [sync_jobs_to_sdb.py:156] -   Response text: {"primary_key":["Scraping Job with this primary key already exists."]}
2025-04-17 23:59:39,304 - sitescrapers.management.commands.sync_jobs_to_sdb - ERROR - [sync_jobs_to_sdb.py:150] - Failed to sync ScrapingJob PK=277: 400 Client Error: Bad Request for url: https://backup.supersami.com/api/backup/scraping-job/
Traceback (most recent call last):
  File "/Users/i/Documents/work/scraper/sitescrapers/management/commands/sync_jobs_to_sdb.py", line 127, in handle
    response.raise_for_status()
  File "/Users/i/Library/Python/3.9/lib/python/site-packages/requests/models.py", line 1024, in raise_for_status
    raise HTTPError(http_error_msg, response=self)
requests.exceptions.HTTPError: 400 Client Error: Bad Request for url: https://backup.supersami.com/api/backup/scraping-job/
2025-04-17 23:59:39,305 - sitescrapers.management.commands.sync_jobs_to_sdb - ERROR - [sync_jobs_to_sdb.py:155] -   Response status: 400
2025-04-17 23:59:39,305 - sitescrapers.management.commands.sync_jobs_to_sdb - ERROR - [sync_jobs_to_sdb.py:156] -   Response text: {"primary_key":["Scraping Job with this primary key already exists."]}
2025-04-17 23:59:40,250 - sitescrapers.management.commands.sync_jobs_to_sdb - ERROR - [sync_jobs_to_sdb.py:150] - Failed to sync ScrapingJob PK=278: 400 Client Error: Bad Request for url: https://backup.supersami.com/api/backup/scraping-job/
Traceback (most recent call last):
  File "/Users/i/Documents/work/scraper/sitescrapers/management/commands/sync_jobs_to_sdb.py", line 127, in handle
    response.raise_for_status()
  File "/Users/i/Library/Python/3.9/lib/python/site-packages/requests/models.py", line 1024, in raise_for_status
    raise HTTPError(http_error_msg, response=self)
requests.exceptions.HTTPError: 400 Client Error: Bad Request for url: https://backup.supersami.com/api/backup/scraping-job/
2025-04-17 23:59:40,251 - sitescrapers.management.commands.sync_jobs_to_sdb - ERROR - [sync_jobs_to_sdb.py:155] -   Response status: 400
2025-04-17 23:59:40,251 - sitescrapers.management.commands.sync_jobs_to_sdb - ERROR - [sync_jobs_to_sdb.py:156] -   Response text: {"primary_key":["Scraping Job with this primary key already exists."]}
2025-04-17 23:59:41,463 - sitescrapers.management.commands.sync_jobs_to_sdb - ERROR - [sync_jobs_to_sdb.py:150] - Failed to sync ScrapingJob PK=279: 400 Client Error: Bad Request for url: https://backup.supersami.com/api/backup/scraping-job/
Traceback (most recent call last):
  File "/Users/i/Documents/work/scraper/sitescrapers/management/commands/sync_jobs_to_sdb.py", line 127, in handle
    response.raise_for_status()
  File "/Users/i/Library/Python/3.9/lib/python/site-packages/requests/models.py", line 1024, in raise_for_status
    raise HTTPError(http_error_msg, response=self)
requests.exceptions.HTTPError: 400 Client Error: Bad Request for url: https://backup.supersami.com/api/backup/scraping-job/
2025-04-17 23:59:41,463 - sitescrapers.management.commands.sync_jobs_to_sdb - ERROR - [sync_jobs_to_sdb.py:155] -   Response status: 400
2025-04-17 23:59:41,464 - sitescrapers.management.commands.sync_jobs_to_sdb - ERROR - [sync_jobs_to_sdb.py:156] -   Response text: {"primary_key":["Scraping Job with this primary key already exists."]}
2025-04-17 23:59:42,998 - sitescrapers.management.commands.sync_jobs_to_sdb - ERROR - [sync_jobs_to_sdb.py:150] - Failed to sync ScrapingJob PK=280: 400 Client Error: Bad Request for url: https://backup.supersami.com/api/backup/scraping-job/
Traceback (most recent call last):
  File "/Users/i/Documents/work/scraper/sitescrapers/management/commands/sync_jobs_to_sdb.py", line 127, in handle
    response.raise_for_status()
  File "/Users/i/Library/Python/3.9/lib/python/site-packages/requests/models.py", line 1024, in raise_for_status
    raise HTTPError(http_error_msg, response=self)
requests.exceptions.HTTPError: 400 Client Error: Bad Request for url: https://backup.supersami.com/api/backup/scraping-job/
2025-04-17 23:59:42,999 - sitescrapers.management.commands.sync_jobs_to_sdb - ERROR - [sync_jobs_to_sdb.py:155] -   Response status: 400
2025-04-17 23:59:42,999 - sitescrapers.management.commands.sync_jobs_to_sdb - ERROR - [sync_jobs_to_sdb.py:156] -   Response text: {"primary_key":["Scraping Job with this primary key already exists."]}
2025-04-17 23:59:43,948 - sitescrapers.management.commands.sync_jobs_to_sdb - ERROR - [sync_jobs_to_sdb.py:150] - Failed to sync ScrapingJob PK=281: 400 Client Error: Bad Request for url: https://backup.supersami.com/api/backup/scraping-job/
Traceback (most recent call last):
  File "/Users/i/Documents/work/scraper/sitescrapers/management/commands/sync_jobs_to_sdb.py", line 127, in handle
    response.raise_for_status()
  File "/Users/i/Library/Python/3.9/lib/python/site-packages/requests/models.py", line 1024, in raise_for_status
    raise HTTPError(http_error_msg, response=self)
requests.exceptions.HTTPError: 400 Client Error: Bad Request for url: https://backup.supersami.com/api/backup/scraping-job/
2025-04-17 23:59:43,948 - sitescrapers.management.commands.sync_jobs_to_sdb - ERROR - [sync_jobs_to_sdb.py:155] -   Response status: 400
2025-04-17 23:59:43,949 - sitescrapers.management.commands.sync_jobs_to_sdb - ERROR - [sync_jobs_to_sdb.py:156] -   Response text: {"primary_key":["Scraping Job with this primary key already exists."]}
2025-04-17 23:59:45,149 - sitescrapers.management.commands.sync_jobs_to_sdb - ERROR - [sync_jobs_to_sdb.py:150] - Failed to sync ScrapingJob PK=282: 400 Client Error: Bad Request for url: https://backup.supersami.com/api/backup/scraping-job/
Traceback (most recent call last):
  File "/Users/i/Documents/work/scraper/sitescrapers/management/commands/sync_jobs_to_sdb.py", line 127, in handle
    response.raise_for_status()
  File "/Users/i/Library/Python/3.9/lib/python/site-packages/requests/models.py", line 1024, in raise_for_status
    raise HTTPError(http_error_msg, response=self)
requests.exceptions.HTTPError: 400 Client Error: Bad Request for url: https://backup.supersami.com/api/backup/scraping-job/
2025-04-17 23:59:45,150 - sitescrapers.management.commands.sync_jobs_to_sdb - ERROR - [sync_jobs_to_sdb.py:155] -   Response status: 400
2025-04-17 23:59:45,150 - sitescrapers.management.commands.sync_jobs_to_sdb - ERROR - [sync_jobs_to_sdb.py:156] -   Response text: {"primary_key":["Scraping Job with this primary key already exists."]}
2025-04-17 23:59:46,099 - sitescrapers.management.commands.sync_jobs_to_sdb - ERROR - [sync_jobs_to_sdb.py:150] - Failed to sync ScrapingJob PK=283: 400 Client Error: Bad Request for url: https://backup.supersami.com/api/backup/scraping-job/
Traceback (most recent call last):
  File "/Users/i/Documents/work/scraper/sitescrapers/management/commands/sync_jobs_to_sdb.py", line 127, in handle
    response.raise_for_status()
  File "/Users/i/Library/Python/3.9/lib/python/site-packages/requests/models.py", line 1024, in raise_for_status
    raise HTTPError(http_error_msg, response=self)
requests.exceptions.HTTPError: 400 Client Error: Bad Request for url: https://backup.supersami.com/api/backup/scraping-job/
2025-04-17 23:59:46,100 - sitescrapers.management.commands.sync_jobs_to_sdb - ERROR - [sync_jobs_to_sdb.py:155] -   Response status: 400
2025-04-17 23:59:46,100 - sitescrapers.management.commands.sync_jobs_to_sdb - ERROR - [sync_jobs_to_sdb.py:156] -   Response text: {"primary_key":["Scraping Job with this primary key already exists."]}
2025-04-17 23:59:47,236 - sitescrapers.management.commands.sync_jobs_to_sdb - ERROR - [sync_jobs_to_sdb.py:150] - Failed to sync ScrapingJob PK=284: 400 Client Error: Bad Request for url: https://backup.supersami.com/api/backup/scraping-job/
Traceback (most recent call last):
  File "/Users/i/Documents/work/scraper/sitescrapers/management/commands/sync_jobs_to_sdb.py", line 127, in handle
    response.raise_for_status()
  File "/Users/i/Library/Python/3.9/lib/python/site-packages/requests/models.py", line 1024, in raise_for_status
    raise HTTPError(http_error_msg, response=self)
requests.exceptions.HTTPError: 400 Client Error: Bad Request for url: https://backup.supersami.com/api/backup/scraping-job/
2025-04-17 23:59:47,237 - sitescrapers.management.commands.sync_jobs_to_sdb - ERROR - [sync_jobs_to_sdb.py:155] -   Response status: 400
2025-04-17 23:59:47,237 - sitescrapers.management.commands.sync_jobs_to_sdb - ERROR - [sync_jobs_to_sdb.py:156] -   Response text: {"primary_key":["Scraping Job with this primary key already exists."]}
2025-04-17 23:59:48,347 - sitescrapers.management.commands.sync_jobs_to_sdb - ERROR - [sync_jobs_to_sdb.py:150] - Failed to sync ScrapingJob PK=285: 400 Client Error: Bad Request for url: https://backup.supersami.com/api/backup/scraping-job/
Traceback (most recent call last):
  File "/Users/i/Documents/work/scraper/sitescrapers/management/commands/sync_jobs_to_sdb.py", line 127, in handle
    response.raise_for_status()
  File "/Users/i/Library/Python/3.9/lib/python/site-packages/requests/models.py", line 1024, in raise_for_status
    raise HTTPError(http_error_msg, response=self)
requests.exceptions.HTTPError: 400 Client Error: Bad Request for url: https://backup.supersami.com/api/backup/scraping-job/
2025-04-17 23:59:48,348 - sitescrapers.management.commands.sync_jobs_to_sdb - ERROR - [sync_jobs_to_sdb.py:155] -   Response status: 400
2025-04-17 23:59:48,348 - sitescrapers.management.commands.sync_jobs_to_sdb - ERROR - [sync_jobs_to_sdb.py:156] -   Response text: {"primary_key":["Scraping Job with this primary key already exists."]}
2025-04-17 23:59:49,329 - sitescrapers.management.commands.sync_jobs_to_sdb - ERROR - [sync_jobs_to_sdb.py:150] - Failed to sync ScrapingJob PK=286: 400 Client Error: Bad Request for url: https://backup.supersami.com/api/backup/scraping-job/
Traceback (most recent call last):
  File "/Users/i/Documents/work/scraper/sitescrapers/management/commands/sync_jobs_to_sdb.py", line 127, in handle
    response.raise_for_status()
  File "/Users/i/Library/Python/3.9/lib/python/site-packages/requests/models.py", line 1024, in raise_for_status
    raise HTTPError(http_error_msg, response=self)
requests.exceptions.HTTPError: 400 Client Error: Bad Request for url: https://backup.supersami.com/api/backup/scraping-job/
2025-04-17 23:59:49,330 - sitescrapers.management.commands.sync_jobs_to_sdb - ERROR - [sync_jobs_to_sdb.py:155] -   Response status: 400
2025-04-17 23:59:49,330 - sitescrapers.management.commands.sync_jobs_to_sdb - ERROR - [sync_jobs_to_sdb.py:156] -   Response text: {"primary_key":["Scraping Job with this primary key already exists."]}
2025-04-17 23:59:50,531 - sitescrapers.management.commands.sync_jobs_to_sdb - ERROR - [sync_jobs_to_sdb.py:150] - Failed to sync ScrapingJob PK=287: 400 Client Error: Bad Request for url: https://backup.supersami.com/api/backup/scraping-job/
Traceback (most recent call last):
  File "/Users/i/Documents/work/scraper/sitescrapers/management/commands/sync_jobs_to_sdb.py", line 127, in handle
    response.raise_for_status()
  File "/Users/i/Library/Python/3.9/lib/python/site-packages/requests/models.py", line 1024, in raise_for_status
    raise HTTPError(http_error_msg, response=self)
requests.exceptions.HTTPError: 400 Client Error: Bad Request for url: https://backup.supersami.com/api/backup/scraping-job/
2025-04-17 23:59:50,531 - sitescrapers.management.commands.sync_jobs_to_sdb - ERROR - [sync_jobs_to_sdb.py:155] -   Response status: 400
2025-04-17 23:59:50,532 - sitescrapers.management.commands.sync_jobs_to_sdb - ERROR - [sync_jobs_to_sdb.py:156] -   Response text: {"primary_key":["Scraping Job with this primary key already exists."]}
2025-04-17 23:59:51,906 - sitescrapers.management.commands.sync_jobs_to_sdb - ERROR - [sync_jobs_to_sdb.py:150] - Failed to sync ScrapingJob PK=288: 400 Client Error: Bad Request for url: https://backup.supersami.com/api/backup/scraping-job/
Traceback (most recent call last):
  File "/Users/i/Documents/work/scraper/sitescrapers/management/commands/sync_jobs_to_sdb.py", line 127, in handle
    response.raise_for_status()
  File "/Users/i/Library/Python/3.9/lib/python/site-packages/requests/models.py", line 1024, in raise_for_status
    raise HTTPError(http_error_msg, response=self)
requests.exceptions.HTTPError: 400 Client Error: Bad Request for url: https://backup.supersami.com/api/backup/scraping-job/
2025-04-17 23:59:51,907 - sitescrapers.management.commands.sync_jobs_to_sdb - ERROR - [sync_jobs_to_sdb.py:155] -   Response status: 400
2025-04-17 23:59:51,907 - sitescrapers.management.commands.sync_jobs_to_sdb - ERROR - [sync_jobs_to_sdb.py:156] -   Response text: {"primary_key":["Scraping Job with this primary key already exists."]}
2025-04-17 23:59:53,039 - sitescrapers.management.commands.sync_jobs_to_sdb - ERROR - [sync_jobs_to_sdb.py:150] - Failed to sync ScrapingJob PK=289: 400 Client Error: Bad Request for url: https://backup.supersami.com/api/backup/scraping-job/
Traceback (most recent call last):
  File "/Users/i/Documents/work/scraper/sitescrapers/management/commands/sync_jobs_to_sdb.py", line 127, in handle
    response.raise_for_status()
  File "/Users/i/Library/Python/3.9/lib/python/site-packages/requests/models.py", line 1024, in raise_for_status
    raise HTTPError(http_error_msg, response=self)
requests.exceptions.HTTPError: 400 Client Error: Bad Request for url: https://backup.supersami.com/api/backup/scraping-job/
2025-04-17 23:59:53,041 - sitescrapers.management.commands.sync_jobs_to_sdb - ERROR - [sync_jobs_to_sdb.py:155] -   Response status: 400
2025-04-17 23:59:53,041 - sitescrapers.management.commands.sync_jobs_to_sdb - ERROR - [sync_jobs_to_sdb.py:156] -   Response text: {"primary_key":["Scraping Job with this primary key already exists."]}
2025-04-17 23:59:54,274 - sitescrapers.management.commands.sync_jobs_to_sdb - ERROR - [sync_jobs_to_sdb.py:150] - Failed to sync ScrapingJob PK=290: 400 Client Error: Bad Request for url: https://backup.supersami.com/api/backup/scraping-job/
Traceback (most recent call last):
  File "/Users/i/Documents/work/scraper/sitescrapers/management/commands/sync_jobs_to_sdb.py", line 127, in handle
    response.raise_for_status()
  File "/Users/i/Library/Python/3.9/lib/python/site-packages/requests/models.py", line 1024, in raise_for_status
    raise HTTPError(http_error_msg, response=self)
requests.exceptions.HTTPError: 400 Client Error: Bad Request for url: https://backup.supersami.com/api/backup/scraping-job/
2025-04-17 23:59:54,275 - sitescrapers.management.commands.sync_jobs_to_sdb - ERROR - [sync_jobs_to_sdb.py:155] -   Response status: 400
2025-04-17 23:59:54,275 - sitescrapers.management.commands.sync_jobs_to_sdb - ERROR - [sync_jobs_to_sdb.py:156] -   Response text: {"primary_key":["Scraping Job with this primary key already exists."]}
2025-04-17 23:59:55,298 - sitescrapers.management.commands.sync_jobs_to_sdb - ERROR - [sync_jobs_to_sdb.py:150] - Failed to sync ScrapingJob PK=291: 400 Client Error: Bad Request for url: https://backup.supersami.com/api/backup/scraping-job/
Traceback (most recent call last):
  File "/Users/i/Documents/work/scraper/sitescrapers/management/commands/sync_jobs_to_sdb.py", line 127, in handle
    response.raise_for_status()
  File "/Users/i/Library/Python/3.9/lib/python/site-packages/requests/models.py", line 1024, in raise_for_status
    raise HTTPError(http_error_msg, response=self)
requests.exceptions.HTTPError: 400 Client Error: Bad Request for url: https://backup.supersami.com/api/backup/scraping-job/
2025-04-17 23:59:55,301 - sitescrapers.management.commands.sync_jobs_to_sdb - ERROR - [sync_jobs_to_sdb.py:155] -   Response status: 400
2025-04-17 23:59:55,302 - sitescrapers.management.commands.sync_jobs_to_sdb - ERROR - [sync_jobs_to_sdb.py:156] -   Response text: {"primary_key":["Scraping Job with this primary key already exists."]}
2025-04-17 23:59:56,516 - sitescrapers.management.commands.sync_jobs_to_sdb - ERROR - [sync_jobs_to_sdb.py:150] - Failed to sync ScrapingJob PK=292: 400 Client Error: Bad Request for url: https://backup.supersami.com/api/backup/scraping-job/
Traceback (most recent call last):
  File "/Users/i/Documents/work/scraper/sitescrapers/management/commands/sync_jobs_to_sdb.py", line 127, in handle
    response.raise_for_status()
  File "/Users/i/Library/Python/3.9/lib/python/site-packages/requests/models.py", line 1024, in raise_for_status
    raise HTTPError(http_error_msg, response=self)
requests.exceptions.HTTPError: 400 Client Error: Bad Request for url: https://backup.supersami.com/api/backup/scraping-job/
2025-04-17 23:59:56,518 - sitescrapers.management.commands.sync_jobs_to_sdb - ERROR - [sync_jobs_to_sdb.py:155] -   Response status: 400
2025-04-17 23:59:56,518 - sitescrapers.management.commands.sync_jobs_to_sdb - ERROR - [sync_jobs_to_sdb.py:156] -   Response text: {"primary_key":["Scraping Job with this primary key already exists."]}
2025-04-17 23:59:57,482 - sitescrapers.management.commands.sync_jobs_to_sdb - ERROR - [sync_jobs_to_sdb.py:150] - Failed to sync ScrapingJob PK=293: 400 Client Error: Bad Request for url: https://backup.supersami.com/api/backup/scraping-job/
Traceback (most recent call last):
  File "/Users/i/Documents/work/scraper/sitescrapers/management/commands/sync_jobs_to_sdb.py", line 127, in handle
    response.raise_for_status()
  File "/Users/i/Library/Python/3.9/lib/python/site-packages/requests/models.py", line 1024, in raise_for_status
    raise HTTPError(http_error_msg, response=self)
requests.exceptions.HTTPError: 400 Client Error: Bad Request for url: https://backup.supersami.com/api/backup/scraping-job/
2025-04-17 23:59:57,483 - sitescrapers.management.commands.sync_jobs_to_sdb - ERROR - [sync_jobs_to_sdb.py:155] -   Response status: 400
2025-04-17 23:59:57,484 - sitescrapers.management.commands.sync_jobs_to_sdb - ERROR - [sync_jobs_to_sdb.py:156] -   Response text: {"primary_key":["Scraping Job with this primary key already exists."]}
2025-04-17 23:59:58,479 - sitescrapers.management.commands.sync_jobs_to_sdb - ERROR - [sync_jobs_to_sdb.py:150] - Failed to sync ScrapingJob PK=294: 400 Client Error: Bad Request for url: https://backup.supersami.com/api/backup/scraping-job/
Traceback (most recent call last):
  File "/Users/i/Documents/work/scraper/sitescrapers/management/commands/sync_jobs_to_sdb.py", line 127, in handle
    response.raise_for_status()
  File "/Users/i/Library/Python/3.9/lib/python/site-packages/requests/models.py", line 1024, in raise_for_status
    raise HTTPError(http_error_msg, response=self)
requests.exceptions.HTTPError: 400 Client Error: Bad Request for url: https://backup.supersami.com/api/backup/scraping-job/
2025-04-17 23:59:58,480 - sitescrapers.management.commands.sync_jobs_to_sdb - ERROR - [sync_jobs_to_sdb.py:155] -   Response status: 400
2025-04-17 23:59:58,480 - sitescrapers.management.commands.sync_jobs_to_sdb - ERROR - [sync_jobs_to_sdb.py:156] -   Response text: {"primary_key":["Scraping Job with this primary key already exists."]}
2025-04-17 23:59:59,435 - sitescrapers.management.commands.sync_jobs_to_sdb - ERROR - [sync_jobs_to_sdb.py:150] - Failed to sync ScrapingJob PK=295: 400 Client Error: Bad Request for url: https://backup.supersami.com/api/backup/scraping-job/
Traceback (most recent call last):
  File "/Users/i/Documents/work/scraper/sitescrapers/management/commands/sync_jobs_to_sdb.py", line 127, in handle
    response.raise_for_status()
  File "/Users/i/Library/Python/3.9/lib/python/site-packages/requests/models.py", line 1024, in raise_for_status
    raise HTTPError(http_error_msg, response=self)
requests.exceptions.HTTPError: 400 Client Error: Bad Request for url: https://backup.supersami.com/api/backup/scraping-job/
2025-04-17 23:59:59,436 - sitescrapers.management.commands.sync_jobs_to_sdb - ERROR - [sync_jobs_to_sdb.py:155] -   Response status: 400
2025-04-17 23:59:59,436 - sitescrapers.management.commands.sync_jobs_to_sdb - ERROR - [sync_jobs_to_sdb.py:156] -   Response text: {"primary_key":["Scraping Job with this primary key already exists."]}
2025-04-18 00:00:00,490 - sitescrapers.management.commands.sync_jobs_to_sdb - ERROR - [sync_jobs_to_sdb.py:150] - Failed to sync ScrapingJob PK=296: 400 Client Error: Bad Request for url: https://backup.supersami.com/api/backup/scraping-job/
Traceback (most recent call last):
  File "/Users/i/Documents/work/scraper/sitescrapers/management/commands/sync_jobs_to_sdb.py", line 127, in handle
    response.raise_for_status()
  File "/Users/i/Library/Python/3.9/lib/python/site-packages/requests/models.py", line 1024, in raise_for_status
    raise HTTPError(http_error_msg, response=self)
requests.exceptions.HTTPError: 400 Client Error: Bad Request for url: https://backup.supersami.com/api/backup/scraping-job/
2025-04-18 00:00:00,491 - sitescrapers.management.commands.sync_jobs_to_sdb - ERROR - [sync_jobs_to_sdb.py:155] -   Response status: 400
2025-04-18 00:00:00,491 - sitescrapers.management.commands.sync_jobs_to_sdb - ERROR - [sync_jobs_to_sdb.py:156] -   Response text: {"primary_key":["Scraping Job with this primary key already exists."]}
2025-04-18 00:00:01,738 - sitescrapers.management.commands.sync_jobs_to_sdb - ERROR - [sync_jobs_to_sdb.py:150] - Failed to sync ScrapingJob PK=297: 400 Client Error: Bad Request for url: https://backup.supersami.com/api/backup/scraping-job/
Traceback (most recent call last):
  File "/Users/i/Documents/work/scraper/sitescrapers/management/commands/sync_jobs_to_sdb.py", line 127, in handle
    response.raise_for_status()
  File "/Users/i/Library/Python/3.9/lib/python/site-packages/requests/models.py", line 1024, in raise_for_status
    raise HTTPError(http_error_msg, response=self)
requests.exceptions.HTTPError: 400 Client Error: Bad Request for url: https://backup.supersami.com/api/backup/scraping-job/
2025-04-18 00:00:01,739 - sitescrapers.management.commands.sync_jobs_to_sdb - ERROR - [sync_jobs_to_sdb.py:155] -   Response status: 400
2025-04-18 00:00:01,739 - sitescrapers.management.commands.sync_jobs_to_sdb - ERROR - [sync_jobs_to_sdb.py:156] -   Response text: {"primary_key":["Scraping Job with this primary key already exists."]}
2025-04-18 00:00:02,802 - sitescrapers.management.commands.sync_jobs_to_sdb - ERROR - [sync_jobs_to_sdb.py:150] - Failed to sync ScrapingJob PK=298: 400 Client Error: Bad Request for url: https://backup.supersami.com/api/backup/scraping-job/
Traceback (most recent call last):
  File "/Users/i/Documents/work/scraper/sitescrapers/management/commands/sync_jobs_to_sdb.py", line 127, in handle
    response.raise_for_status()
  File "/Users/i/Library/Python/3.9/lib/python/site-packages/requests/models.py", line 1024, in raise_for_status
    raise HTTPError(http_error_msg, response=self)
requests.exceptions.HTTPError: 400 Client Error: Bad Request for url: https://backup.supersami.com/api/backup/scraping-job/
2025-04-18 00:00:02,804 - sitescrapers.management.commands.sync_jobs_to_sdb - ERROR - [sync_jobs_to_sdb.py:155] -   Response status: 400
2025-04-18 00:00:02,804 - sitescrapers.management.commands.sync_jobs_to_sdb - ERROR - [sync_jobs_to_sdb.py:156] -   Response text: {"primary_key":["Scraping Job with this primary key already exists."]}
2025-04-18 00:00:03,758 - sitescrapers.management.commands.sync_jobs_to_sdb - ERROR - [sync_jobs_to_sdb.py:150] - Failed to sync ScrapingJob PK=299: 400 Client Error: Bad Request for url: https://backup.supersami.com/api/backup/scraping-job/
Traceback (most recent call last):
  File "/Users/i/Documents/work/scraper/sitescrapers/management/commands/sync_jobs_to_sdb.py", line 127, in handle
    response.raise_for_status()
  File "/Users/i/Library/Python/3.9/lib/python/site-packages/requests/models.py", line 1024, in raise_for_status
    raise HTTPError(http_error_msg, response=self)
requests.exceptions.HTTPError: 400 Client Error: Bad Request for url: https://backup.supersami.com/api/backup/scraping-job/
2025-04-18 00:00:03,759 - sitescrapers.management.commands.sync_jobs_to_sdb - ERROR - [sync_jobs_to_sdb.py:155] -   Response status: 400
2025-04-18 00:00:03,759 - sitescrapers.management.commands.sync_jobs_to_sdb - ERROR - [sync_jobs_to_sdb.py:156] -   Response text: {"primary_key":["Scraping Job with this primary key already exists."]}
2025-04-18 00:00:04,734 - sitescrapers.management.commands.sync_jobs_to_sdb - ERROR - [sync_jobs_to_sdb.py:150] - Failed to sync ScrapingJob PK=300: 400 Client Error: Bad Request for url: https://backup.supersami.com/api/backup/scraping-job/
Traceback (most recent call last):
  File "/Users/i/Documents/work/scraper/sitescrapers/management/commands/sync_jobs_to_sdb.py", line 127, in handle
    response.raise_for_status()
  File "/Users/i/Library/Python/3.9/lib/python/site-packages/requests/models.py", line 1024, in raise_for_status
    raise HTTPError(http_error_msg, response=self)
requests.exceptions.HTTPError: 400 Client Error: Bad Request for url: https://backup.supersami.com/api/backup/scraping-job/
2025-04-18 00:00:04,744 - sitescrapers.management.commands.sync_jobs_to_sdb - ERROR - [sync_jobs_to_sdb.py:155] -   Response status: 400
2025-04-18 00:00:04,745 - sitescrapers.management.commands.sync_jobs_to_sdb - ERROR - [sync_jobs_to_sdb.py:156] -   Response text: {"primary_key":["Scraping Job with this primary key already exists."]}
2025-04-18 00:00:05,713 - sitescrapers.management.commands.sync_jobs_to_sdb - ERROR - [sync_jobs_to_sdb.py:150] - Failed to sync ScrapingJob PK=301: 400 Client Error: Bad Request for url: https://backup.supersami.com/api/backup/scraping-job/
Traceback (most recent call last):
  File "/Users/i/Documents/work/scraper/sitescrapers/management/commands/sync_jobs_to_sdb.py", line 127, in handle
    response.raise_for_status()
  File "/Users/i/Library/Python/3.9/lib/python/site-packages/requests/models.py", line 1024, in raise_for_status
    raise HTTPError(http_error_msg, response=self)
requests.exceptions.HTTPError: 400 Client Error: Bad Request for url: https://backup.supersami.com/api/backup/scraping-job/
2025-04-18 00:00:05,714 - sitescrapers.management.commands.sync_jobs_to_sdb - ERROR - [sync_jobs_to_sdb.py:155] -   Response status: 400
2025-04-18 00:00:05,714 - sitescrapers.management.commands.sync_jobs_to_sdb - ERROR - [sync_jobs_to_sdb.py:156] -   Response text: {"primary_key":["Scraping Job with this primary key already exists."]}
2025-04-18 00:00:06,672 - sitescrapers.management.commands.sync_jobs_to_sdb - ERROR - [sync_jobs_to_sdb.py:150] - Failed to sync ScrapingJob PK=302: 400 Client Error: Bad Request for url: https://backup.supersami.com/api/backup/scraping-job/
Traceback (most recent call last):
  File "/Users/i/Documents/work/scraper/sitescrapers/management/commands/sync_jobs_to_sdb.py", line 127, in handle
    response.raise_for_status()
  File "/Users/i/Library/Python/3.9/lib/python/site-packages/requests/models.py", line 1024, in raise_for_status
    raise HTTPError(http_error_msg, response=self)
requests.exceptions.HTTPError: 400 Client Error: Bad Request for url: https://backup.supersami.com/api/backup/scraping-job/
2025-04-18 00:00:06,673 - sitescrapers.management.commands.sync_jobs_to_sdb - ERROR - [sync_jobs_to_sdb.py:155] -   Response status: 400
2025-04-18 00:00:06,673 - sitescrapers.management.commands.sync_jobs_to_sdb - ERROR - [sync_jobs_to_sdb.py:156] -   Response text: {"primary_key":["Scraping Job with this primary key already exists."]}
2025-04-18 00:00:07,666 - sitescrapers.management.commands.sync_jobs_to_sdb - ERROR - [sync_jobs_to_sdb.py:150] - Failed to sync ScrapingJob PK=303: 400 Client Error: Bad Request for url: https://backup.supersami.com/api/backup/scraping-job/
Traceback (most recent call last):
  File "/Users/i/Documents/work/scraper/sitescrapers/management/commands/sync_jobs_to_sdb.py", line 127, in handle
    response.raise_for_status()
  File "/Users/i/Library/Python/3.9/lib/python/site-packages/requests/models.py", line 1024, in raise_for_status
    raise HTTPError(http_error_msg, response=self)
requests.exceptions.HTTPError: 400 Client Error: Bad Request for url: https://backup.supersami.com/api/backup/scraping-job/
2025-04-18 00:00:07,667 - sitescrapers.management.commands.sync_jobs_to_sdb - ERROR - [sync_jobs_to_sdb.py:155] -   Response status: 400
2025-04-18 00:00:07,667 - sitescrapers.management.commands.sync_jobs_to_sdb - ERROR - [sync_jobs_to_sdb.py:156] -   Response text: {"primary_key":["Scraping Job with this primary key already exists."]}
2025-04-18 00:00:08,742 - sitescrapers.management.commands.sync_jobs_to_sdb - ERROR - [sync_jobs_to_sdb.py:150] - Failed to sync ScrapingJob PK=304: 400 Client Error: Bad Request for url: https://backup.supersami.com/api/backup/scraping-job/
Traceback (most recent call last):
  File "/Users/i/Documents/work/scraper/sitescrapers/management/commands/sync_jobs_to_sdb.py", line 127, in handle
    response.raise_for_status()
  File "/Users/i/Library/Python/3.9/lib/python/site-packages/requests/models.py", line 1024, in raise_for_status
    raise HTTPError(http_error_msg, response=self)
requests.exceptions.HTTPError: 400 Client Error: Bad Request for url: https://backup.supersami.com/api/backup/scraping-job/
2025-04-18 00:00:08,743 - sitescrapers.management.commands.sync_jobs_to_sdb - ERROR - [sync_jobs_to_sdb.py:155] -   Response status: 400
2025-04-18 00:00:08,743 - sitescrapers.management.commands.sync_jobs_to_sdb - ERROR - [sync_jobs_to_sdb.py:156] -   Response text: {"primary_key":["Scraping Job with this primary key already exists."]}
2025-04-18 00:00:10,000 - sitescrapers.management.commands.sync_jobs_to_sdb - ERROR - [sync_jobs_to_sdb.py:150] - Failed to sync ScrapingJob PK=305: 400 Client Error: Bad Request for url: https://backup.supersami.com/api/backup/scraping-job/
Traceback (most recent call last):
  File "/Users/i/Documents/work/scraper/sitescrapers/management/commands/sync_jobs_to_sdb.py", line 127, in handle
    response.raise_for_status()
  File "/Users/i/Library/Python/3.9/lib/python/site-packages/requests/models.py", line 1024, in raise_for_status
    raise HTTPError(http_error_msg, response=self)
requests.exceptions.HTTPError: 400 Client Error: Bad Request for url: https://backup.supersami.com/api/backup/scraping-job/
2025-04-18 00:00:10,001 - sitescrapers.management.commands.sync_jobs_to_sdb - ERROR - [sync_jobs_to_sdb.py:155] -   Response status: 400
2025-04-18 00:00:10,001 - sitescrapers.management.commands.sync_jobs_to_sdb - ERROR - [sync_jobs_to_sdb.py:156] -   Response text: {"primary_key":["Scraping Job with this primary key already exists."]}
2025-04-18 00:00:11,561 - sitescrapers.management.commands.sync_jobs_to_sdb - ERROR - [sync_jobs_to_sdb.py:150] - Failed to sync ScrapingJob PK=306: 400 Client Error: Bad Request for url: https://backup.supersami.com/api/backup/scraping-job/
Traceback (most recent call last):
  File "/Users/i/Documents/work/scraper/sitescrapers/management/commands/sync_jobs_to_sdb.py", line 127, in handle
    response.raise_for_status()
  File "/Users/i/Library/Python/3.9/lib/python/site-packages/requests/models.py", line 1024, in raise_for_status
    raise HTTPError(http_error_msg, response=self)
requests.exceptions.HTTPError: 400 Client Error: Bad Request for url: https://backup.supersami.com/api/backup/scraping-job/
2025-04-18 00:00:11,562 - sitescrapers.management.commands.sync_jobs_to_sdb - ERROR - [sync_jobs_to_sdb.py:155] -   Response status: 400
2025-04-18 00:00:11,562 - sitescrapers.management.commands.sync_jobs_to_sdb - ERROR - [sync_jobs_to_sdb.py:156] -   Response text: {"primary_key":["Scraping Job with this primary key already exists."]}
2025-04-18 00:00:12,750 - sitescrapers.management.commands.sync_jobs_to_sdb - ERROR - [sync_jobs_to_sdb.py:150] - Failed to sync ScrapingJob PK=307: 400 Client Error: Bad Request for url: https://backup.supersami.com/api/backup/scraping-job/
Traceback (most recent call last):
  File "/Users/i/Documents/work/scraper/sitescrapers/management/commands/sync_jobs_to_sdb.py", line 127, in handle
    response.raise_for_status()
  File "/Users/i/Library/Python/3.9/lib/python/site-packages/requests/models.py", line 1024, in raise_for_status
    raise HTTPError(http_error_msg, response=self)
requests.exceptions.HTTPError: 400 Client Error: Bad Request for url: https://backup.supersami.com/api/backup/scraping-job/
2025-04-18 00:00:12,750 - sitescrapers.management.commands.sync_jobs_to_sdb - ERROR - [sync_jobs_to_sdb.py:155] -   Response status: 400
2025-04-18 00:00:12,750 - sitescrapers.management.commands.sync_jobs_to_sdb - ERROR - [sync_jobs_to_sdb.py:156] -   Response text: {"primary_key":["Scraping Job with this primary key already exists."]}
2025-04-18 00:00:13,723 - sitescrapers.management.commands.sync_jobs_to_sdb - ERROR - [sync_jobs_to_sdb.py:150] - Failed to sync ScrapingJob PK=308: 400 Client Error: Bad Request for url: https://backup.supersami.com/api/backup/scraping-job/
Traceback (most recent call last):
  File "/Users/i/Documents/work/scraper/sitescrapers/management/commands/sync_jobs_to_sdb.py", line 127, in handle
    response.raise_for_status()
  File "/Users/i/Library/Python/3.9/lib/python/site-packages/requests/models.py", line 1024, in raise_for_status
    raise HTTPError(http_error_msg, response=self)
requests.exceptions.HTTPError: 400 Client Error: Bad Request for url: https://backup.supersami.com/api/backup/scraping-job/
2025-04-18 00:00:13,724 - sitescrapers.management.commands.sync_jobs_to_sdb - ERROR - [sync_jobs_to_sdb.py:155] -   Response status: 400
2025-04-18 00:00:13,724 - sitescrapers.management.commands.sync_jobs_to_sdb - ERROR - [sync_jobs_to_sdb.py:156] -   Response text: {"primary_key":["Scraping Job with this primary key already exists."]}
2025-04-18 00:00:14,723 - sitescrapers.management.commands.sync_jobs_to_sdb - ERROR - [sync_jobs_to_sdb.py:150] - Failed to sync ScrapingJob PK=309: 400 Client Error: Bad Request for url: https://backup.supersami.com/api/backup/scraping-job/
Traceback (most recent call last):
  File "/Users/i/Documents/work/scraper/sitescrapers/management/commands/sync_jobs_to_sdb.py", line 127, in handle
    response.raise_for_status()
  File "/Users/i/Library/Python/3.9/lib/python/site-packages/requests/models.py", line 1024, in raise_for_status
    raise HTTPError(http_error_msg, response=self)
requests.exceptions.HTTPError: 400 Client Error: Bad Request for url: https://backup.supersami.com/api/backup/scraping-job/
2025-04-18 00:00:14,723 - sitescrapers.management.commands.sync_jobs_to_sdb - ERROR - [sync_jobs_to_sdb.py:155] -   Response status: 400
2025-04-18 00:00:14,723 - sitescrapers.management.commands.sync_jobs_to_sdb - ERROR - [sync_jobs_to_sdb.py:156] -   Response text: {"primary_key":["Scraping Job with this primary key already exists."]}
2025-04-18 00:00:15,869 - sitescrapers.management.commands.sync_jobs_to_sdb - ERROR - [sync_jobs_to_sdb.py:150] - Failed to sync ScrapingJob PK=310: 400 Client Error: Bad Request for url: https://backup.supersami.com/api/backup/scraping-job/
Traceback (most recent call last):
  File "/Users/i/Documents/work/scraper/sitescrapers/management/commands/sync_jobs_to_sdb.py", line 127, in handle
    response.raise_for_status()
  File "/Users/i/Library/Python/3.9/lib/python/site-packages/requests/models.py", line 1024, in raise_for_status
    raise HTTPError(http_error_msg, response=self)
requests.exceptions.HTTPError: 400 Client Error: Bad Request for url: https://backup.supersami.com/api/backup/scraping-job/
2025-04-18 00:00:15,869 - sitescrapers.management.commands.sync_jobs_to_sdb - ERROR - [sync_jobs_to_sdb.py:155] -   Response status: 400
2025-04-18 00:00:15,870 - sitescrapers.management.commands.sync_jobs_to_sdb - ERROR - [sync_jobs_to_sdb.py:156] -   Response text: {"primary_key":["Scraping Job with this primary key already exists."]}
2025-04-18 00:00:17,096 - sitescrapers.management.commands.sync_jobs_to_sdb - ERROR - [sync_jobs_to_sdb.py:150] - Failed to sync ScrapingJob PK=311: 400 Client Error: Bad Request for url: https://backup.supersami.com/api/backup/scraping-job/
Traceback (most recent call last):
  File "/Users/i/Documents/work/scraper/sitescrapers/management/commands/sync_jobs_to_sdb.py", line 127, in handle
    response.raise_for_status()
  File "/Users/i/Library/Python/3.9/lib/python/site-packages/requests/models.py", line 1024, in raise_for_status
    raise HTTPError(http_error_msg, response=self)
requests.exceptions.HTTPError: 400 Client Error: Bad Request for url: https://backup.supersami.com/api/backup/scraping-job/
2025-04-18 00:00:17,096 - sitescrapers.management.commands.sync_jobs_to_sdb - ERROR - [sync_jobs_to_sdb.py:155] -   Response status: 400
2025-04-18 00:00:17,096 - sitescrapers.management.commands.sync_jobs_to_sdb - ERROR - [sync_jobs_to_sdb.py:156] -   Response text: {"primary_key":["Scraping Job with this primary key already exists."]}
2025-04-18 00:00:18,314 - sitescrapers.management.commands.sync_jobs_to_sdb - ERROR - [sync_jobs_to_sdb.py:150] - Failed to sync ScrapingJob PK=312: 400 Client Error: Bad Request for url: https://backup.supersami.com/api/backup/scraping-job/
Traceback (most recent call last):
  File "/Users/i/Documents/work/scraper/sitescrapers/management/commands/sync_jobs_to_sdb.py", line 127, in handle
    response.raise_for_status()
  File "/Users/i/Library/Python/3.9/lib/python/site-packages/requests/models.py", line 1024, in raise_for_status
    raise HTTPError(http_error_msg, response=self)
requests.exceptions.HTTPError: 400 Client Error: Bad Request for url: https://backup.supersami.com/api/backup/scraping-job/
2025-04-18 00:00:18,315 - sitescrapers.management.commands.sync_jobs_to_sdb - ERROR - [sync_jobs_to_sdb.py:155] -   Response status: 400
2025-04-18 00:00:18,316 - sitescrapers.management.commands.sync_jobs_to_sdb - ERROR - [sync_jobs_to_sdb.py:156] -   Response text: {"primary_key":["Scraping Job with this primary key already exists."]}
2025-04-18 00:00:19,293 - sitescrapers.management.commands.sync_jobs_to_sdb - ERROR - [sync_jobs_to_sdb.py:150] - Failed to sync ScrapingJob PK=313: 400 Client Error: Bad Request for url: https://backup.supersami.com/api/backup/scraping-job/
Traceback (most recent call last):
  File "/Users/i/Documents/work/scraper/sitescrapers/management/commands/sync_jobs_to_sdb.py", line 127, in handle
    response.raise_for_status()
  File "/Users/i/Library/Python/3.9/lib/python/site-packages/requests/models.py", line 1024, in raise_for_status
    raise HTTPError(http_error_msg, response=self)
requests.exceptions.HTTPError: 400 Client Error: Bad Request for url: https://backup.supersami.com/api/backup/scraping-job/
2025-04-18 00:00:19,294 - sitescrapers.management.commands.sync_jobs_to_sdb - ERROR - [sync_jobs_to_sdb.py:155] -   Response status: 400
2025-04-18 00:00:19,294 - sitescrapers.management.commands.sync_jobs_to_sdb - ERROR - [sync_jobs_to_sdb.py:156] -   Response text: {"primary_key":["Scraping Job with this primary key already exists."]}
2025-04-18 00:00:20,238 - sitescrapers.management.commands.sync_jobs_to_sdb - ERROR - [sync_jobs_to_sdb.py:150] - Failed to sync ScrapingJob PK=314: 400 Client Error: Bad Request for url: https://backup.supersami.com/api/backup/scraping-job/
Traceback (most recent call last):
  File "/Users/i/Documents/work/scraper/sitescrapers/management/commands/sync_jobs_to_sdb.py", line 127, in handle
    response.raise_for_status()
  File "/Users/i/Library/Python/3.9/lib/python/site-packages/requests/models.py", line 1024, in raise_for_status
    raise HTTPError(http_error_msg, response=self)
requests.exceptions.HTTPError: 400 Client Error: Bad Request for url: https://backup.supersami.com/api/backup/scraping-job/
2025-04-18 00:00:20,239 - sitescrapers.management.commands.sync_jobs_to_sdb - ERROR - [sync_jobs_to_sdb.py:155] -   Response status: 400
2025-04-18 00:00:20,239 - sitescrapers.management.commands.sync_jobs_to_sdb - ERROR - [sync_jobs_to_sdb.py:156] -   Response text: {"primary_key":["Scraping Job with this primary key already exists."]}
2025-04-18 00:00:21,279 - sitescrapers.management.commands.sync_jobs_to_sdb - ERROR - [sync_jobs_to_sdb.py:150] - Failed to sync ScrapingJob PK=315: 400 Client Error: Bad Request for url: https://backup.supersami.com/api/backup/scraping-job/
Traceback (most recent call last):
  File "/Users/i/Documents/work/scraper/sitescrapers/management/commands/sync_jobs_to_sdb.py", line 127, in handle
    response.raise_for_status()
  File "/Users/i/Library/Python/3.9/lib/python/site-packages/requests/models.py", line 1024, in raise_for_status
    raise HTTPError(http_error_msg, response=self)
requests.exceptions.HTTPError: 400 Client Error: Bad Request for url: https://backup.supersami.com/api/backup/scraping-job/
2025-04-18 00:00:21,294 - sitescrapers.management.commands.sync_jobs_to_sdb - ERROR - [sync_jobs_to_sdb.py:155] -   Response status: 400
2025-04-18 00:00:21,294 - sitescrapers.management.commands.sync_jobs_to_sdb - ERROR - [sync_jobs_to_sdb.py:156] -   Response text: {"primary_key":["Scraping Job with this primary key already exists."]}
2025-04-18 00:00:22,289 - sitescrapers.management.commands.sync_jobs_to_sdb - ERROR - [sync_jobs_to_sdb.py:150] - Failed to sync ScrapingJob PK=316: 400 Client Error: Bad Request for url: https://backup.supersami.com/api/backup/scraping-job/
Traceback (most recent call last):
  File "/Users/i/Documents/work/scraper/sitescrapers/management/commands/sync_jobs_to_sdb.py", line 127, in handle
    response.raise_for_status()
  File "/Users/i/Library/Python/3.9/lib/python/site-packages/requests/models.py", line 1024, in raise_for_status
    raise HTTPError(http_error_msg, response=self)
requests.exceptions.HTTPError: 400 Client Error: Bad Request for url: https://backup.supersami.com/api/backup/scraping-job/
2025-04-18 00:00:22,289 - sitescrapers.management.commands.sync_jobs_to_sdb - ERROR - [sync_jobs_to_sdb.py:155] -   Response status: 400
2025-04-18 00:00:22,289 - sitescrapers.management.commands.sync_jobs_to_sdb - ERROR - [sync_jobs_to_sdb.py:156] -   Response text: {"primary_key":["Scraping Job with this primary key already exists."]}
2025-04-18 00:00:23,269 - sitescrapers.management.commands.sync_jobs_to_sdb - ERROR - [sync_jobs_to_sdb.py:150] - Failed to sync ScrapingJob PK=317: 400 Client Error: Bad Request for url: https://backup.supersami.com/api/backup/scraping-job/
Traceback (most recent call last):
  File "/Users/i/Documents/work/scraper/sitescrapers/management/commands/sync_jobs_to_sdb.py", line 127, in handle
    response.raise_for_status()
  File "/Users/i/Library/Python/3.9/lib/python/site-packages/requests/models.py", line 1024, in raise_for_status
    raise HTTPError(http_error_msg, response=self)
requests.exceptions.HTTPError: 400 Client Error: Bad Request for url: https://backup.supersami.com/api/backup/scraping-job/
2025-04-18 00:00:23,269 - sitescrapers.management.commands.sync_jobs_to_sdb - ERROR - [sync_jobs_to_sdb.py:155] -   Response status: 400
2025-04-18 00:00:23,269 - sitescrapers.management.commands.sync_jobs_to_sdb - ERROR - [sync_jobs_to_sdb.py:156] -   Response text: {"primary_key":["Scraping Job with this primary key already exists."]}
2025-04-18 00:00:24,471 - sitescrapers.management.commands.sync_jobs_to_sdb - ERROR - [sync_jobs_to_sdb.py:150] - Failed to sync ScrapingJob PK=318: 400 Client Error: Bad Request for url: https://backup.supersami.com/api/backup/scraping-job/
Traceback (most recent call last):
  File "/Users/i/Documents/work/scraper/sitescrapers/management/commands/sync_jobs_to_sdb.py", line 127, in handle
    response.raise_for_status()
  File "/Users/i/Library/Python/3.9/lib/python/site-packages/requests/models.py", line 1024, in raise_for_status
    raise HTTPError(http_error_msg, response=self)
requests.exceptions.HTTPError: 400 Client Error: Bad Request for url: https://backup.supersami.com/api/backup/scraping-job/
2025-04-18 00:00:24,471 - sitescrapers.management.commands.sync_jobs_to_sdb - ERROR - [sync_jobs_to_sdb.py:155] -   Response status: 400
2025-04-18 00:00:24,471 - sitescrapers.management.commands.sync_jobs_to_sdb - ERROR - [sync_jobs_to_sdb.py:156] -   Response text: {"primary_key":["Scraping Job with this primary key already exists."]}
2025-04-18 00:00:25,477 - sitescrapers.management.commands.sync_jobs_to_sdb - ERROR - [sync_jobs_to_sdb.py:150] - Failed to sync ScrapingJob PK=319: 400 Client Error: Bad Request for url: https://backup.supersami.com/api/backup/scraping-job/
Traceback (most recent call last):
  File "/Users/i/Documents/work/scraper/sitescrapers/management/commands/sync_jobs_to_sdb.py", line 127, in handle
    response.raise_for_status()
  File "/Users/i/Library/Python/3.9/lib/python/site-packages/requests/models.py", line 1024, in raise_for_status
    raise HTTPError(http_error_msg, response=self)
requests.exceptions.HTTPError: 400 Client Error: Bad Request for url: https://backup.supersami.com/api/backup/scraping-job/
2025-04-18 00:00:25,478 - sitescrapers.management.commands.sync_jobs_to_sdb - ERROR - [sync_jobs_to_sdb.py:155] -   Response status: 400
2025-04-18 00:00:25,478 - sitescrapers.management.commands.sync_jobs_to_sdb - ERROR - [sync_jobs_to_sdb.py:156] -   Response text: {"primary_key":["Scraping Job with this primary key already exists."]}
2025-04-18 00:00:26,478 - sitescrapers.management.commands.sync_jobs_to_sdb - ERROR - [sync_jobs_to_sdb.py:150] - Failed to sync ScrapingJob PK=320: 400 Client Error: Bad Request for url: https://backup.supersami.com/api/backup/scraping-job/
Traceback (most recent call last):
  File "/Users/i/Documents/work/scraper/sitescrapers/management/commands/sync_jobs_to_sdb.py", line 127, in handle
    response.raise_for_status()
  File "/Users/i/Library/Python/3.9/lib/python/site-packages/requests/models.py", line 1024, in raise_for_status
    raise HTTPError(http_error_msg, response=self)
requests.exceptions.HTTPError: 400 Client Error: Bad Request for url: https://backup.supersami.com/api/backup/scraping-job/
2025-04-18 00:00:26,478 - sitescrapers.management.commands.sync_jobs_to_sdb - ERROR - [sync_jobs_to_sdb.py:155] -   Response status: 400
2025-04-18 00:00:26,478 - sitescrapers.management.commands.sync_jobs_to_sdb - ERROR - [sync_jobs_to_sdb.py:156] -   Response text: {"primary_key":["Scraping Job with this primary key already exists."]}
2025-04-18 00:00:27,442 - sitescrapers.management.commands.sync_jobs_to_sdb - ERROR - [sync_jobs_to_sdb.py:150] - Failed to sync ScrapingJob PK=321: 400 Client Error: Bad Request for url: https://backup.supersami.com/api/backup/scraping-job/
Traceback (most recent call last):
  File "/Users/i/Documents/work/scraper/sitescrapers/management/commands/sync_jobs_to_sdb.py", line 127, in handle
    response.raise_for_status()
  File "/Users/i/Library/Python/3.9/lib/python/site-packages/requests/models.py", line 1024, in raise_for_status
    raise HTTPError(http_error_msg, response=self)
requests.exceptions.HTTPError: 400 Client Error: Bad Request for url: https://backup.supersami.com/api/backup/scraping-job/
2025-04-18 00:00:27,443 - sitescrapers.management.commands.sync_jobs_to_sdb - ERROR - [sync_jobs_to_sdb.py:155] -   Response status: 400
2025-04-18 00:00:27,443 - sitescrapers.management.commands.sync_jobs_to_sdb - ERROR - [sync_jobs_to_sdb.py:156] -   Response text: {"primary_key":["Scraping Job with this primary key already exists."]}
2025-04-18 00:00:28,443 - sitescrapers.management.commands.sync_jobs_to_sdb - ERROR - [sync_jobs_to_sdb.py:150] - Failed to sync ScrapingJob PK=322: 400 Client Error: Bad Request for url: https://backup.supersami.com/api/backup/scraping-job/
Traceback (most recent call last):
  File "/Users/i/Documents/work/scraper/sitescrapers/management/commands/sync_jobs_to_sdb.py", line 127, in handle
    response.raise_for_status()
  File "/Users/i/Library/Python/3.9/lib/python/site-packages/requests/models.py", line 1024, in raise_for_status
    raise HTTPError(http_error_msg, response=self)
requests.exceptions.HTTPError: 400 Client Error: Bad Request for url: https://backup.supersami.com/api/backup/scraping-job/
2025-04-18 00:00:28,444 - sitescrapers.management.commands.sync_jobs_to_sdb - ERROR - [sync_jobs_to_sdb.py:155] -   Response status: 400
2025-04-18 00:00:28,444 - sitescrapers.management.commands.sync_jobs_to_sdb - ERROR - [sync_jobs_to_sdb.py:156] -   Response text: {"primary_key":["Scraping Job with this primary key already exists."]}
2025-04-18 00:00:29,461 - sitescrapers.management.commands.sync_jobs_to_sdb - ERROR - [sync_jobs_to_sdb.py:150] - Failed to sync ScrapingJob PK=323: 400 Client Error: Bad Request for url: https://backup.supersami.com/api/backup/scraping-job/
Traceback (most recent call last):
  File "/Users/i/Documents/work/scraper/sitescrapers/management/commands/sync_jobs_to_sdb.py", line 127, in handle
    response.raise_for_status()
  File "/Users/i/Library/Python/3.9/lib/python/site-packages/requests/models.py", line 1024, in raise_for_status
    raise HTTPError(http_error_msg, response=self)
requests.exceptions.HTTPError: 400 Client Error: Bad Request for url: https://backup.supersami.com/api/backup/scraping-job/
2025-04-18 00:00:29,461 - sitescrapers.management.commands.sync_jobs_to_sdb - ERROR - [sync_jobs_to_sdb.py:155] -   Response status: 400
2025-04-18 00:00:29,462 - sitescrapers.management.commands.sync_jobs_to_sdb - ERROR - [sync_jobs_to_sdb.py:156] -   Response text: {"primary_key":["Scraping Job with this primary key already exists."]}
2025-04-18 00:00:30,600 - sitescrapers.management.commands.sync_jobs_to_sdb - ERROR - [sync_jobs_to_sdb.py:150] - Failed to sync ScrapingJob PK=324: 400 Client Error: Bad Request for url: https://backup.supersami.com/api/backup/scraping-job/
Traceback (most recent call last):
  File "/Users/i/Documents/work/scraper/sitescrapers/management/commands/sync_jobs_to_sdb.py", line 127, in handle
    response.raise_for_status()
  File "/Users/i/Library/Python/3.9/lib/python/site-packages/requests/models.py", line 1024, in raise_for_status
    raise HTTPError(http_error_msg, response=self)
requests.exceptions.HTTPError: 400 Client Error: Bad Request for url: https://backup.supersami.com/api/backup/scraping-job/
2025-04-18 00:00:30,601 - sitescrapers.management.commands.sync_jobs_to_sdb - ERROR - [sync_jobs_to_sdb.py:155] -   Response status: 400
2025-04-18 00:00:30,601 - sitescrapers.management.commands.sync_jobs_to_sdb - ERROR - [sync_jobs_to_sdb.py:156] -   Response text: {"primary_key":["Scraping Job with this primary key already exists."]}
2025-04-18 00:00:32,635 - sitescrapers.management.commands.sync_jobs_to_sdb - ERROR - [sync_jobs_to_sdb.py:150] - Failed to sync ScrapingJob PK=325: 400 Client Error: Bad Request for url: https://backup.supersami.com/api/backup/scraping-job/
Traceback (most recent call last):
  File "/Users/i/Documents/work/scraper/sitescrapers/management/commands/sync_jobs_to_sdb.py", line 127, in handle
    response.raise_for_status()
  File "/Users/i/Library/Python/3.9/lib/python/site-packages/requests/models.py", line 1024, in raise_for_status
    raise HTTPError(http_error_msg, response=self)
requests.exceptions.HTTPError: 400 Client Error: Bad Request for url: https://backup.supersami.com/api/backup/scraping-job/
2025-04-18 00:00:32,636 - sitescrapers.management.commands.sync_jobs_to_sdb - ERROR - [sync_jobs_to_sdb.py:155] -   Response status: 400
2025-04-18 00:00:32,636 - sitescrapers.management.commands.sync_jobs_to_sdb - ERROR - [sync_jobs_to_sdb.py:156] -   Response text: {"primary_key":["Scraping Job with this primary key already exists."]}
2025-04-18 00:00:33,789 - sitescrapers.management.commands.sync_jobs_to_sdb - ERROR - [sync_jobs_to_sdb.py:150] - Failed to sync ScrapingJob PK=326: 400 Client Error: Bad Request for url: https://backup.supersami.com/api/backup/scraping-job/
Traceback (most recent call last):
  File "/Users/i/Documents/work/scraper/sitescrapers/management/commands/sync_jobs_to_sdb.py", line 127, in handle
    response.raise_for_status()
  File "/Users/i/Library/Python/3.9/lib/python/site-packages/requests/models.py", line 1024, in raise_for_status
    raise HTTPError(http_error_msg, response=self)
requests.exceptions.HTTPError: 400 Client Error: Bad Request for url: https://backup.supersami.com/api/backup/scraping-job/
2025-04-18 00:00:33,789 - sitescrapers.management.commands.sync_jobs_to_sdb - ERROR - [sync_jobs_to_sdb.py:155] -   Response status: 400
2025-04-18 00:00:33,789 - sitescrapers.management.commands.sync_jobs_to_sdb - ERROR - [sync_jobs_to_sdb.py:156] -   Response text: {"primary_key":["Scraping Job with this primary key already exists."]}
2025-04-18 00:00:34,797 - sitescrapers.management.commands.sync_jobs_to_sdb - ERROR - [sync_jobs_to_sdb.py:150] - Failed to sync ScrapingJob PK=327: 400 Client Error: Bad Request for url: https://backup.supersami.com/api/backup/scraping-job/
Traceback (most recent call last):
  File "/Users/i/Documents/work/scraper/sitescrapers/management/commands/sync_jobs_to_sdb.py", line 127, in handle
    response.raise_for_status()
  File "/Users/i/Library/Python/3.9/lib/python/site-packages/requests/models.py", line 1024, in raise_for_status
    raise HTTPError(http_error_msg, response=self)
requests.exceptions.HTTPError: 400 Client Error: Bad Request for url: https://backup.supersami.com/api/backup/scraping-job/
2025-04-18 00:00:34,798 - sitescrapers.management.commands.sync_jobs_to_sdb - ERROR - [sync_jobs_to_sdb.py:155] -   Response status: 400
2025-04-18 00:00:34,798 - sitescrapers.management.commands.sync_jobs_to_sdb - ERROR - [sync_jobs_to_sdb.py:156] -   Response text: {"primary_key":["Scraping Job with this primary key already exists."]}
2025-04-18 00:00:35,774 - sitescrapers.management.commands.sync_jobs_to_sdb - ERROR - [sync_jobs_to_sdb.py:150] - Failed to sync ScrapingJob PK=328: 400 Client Error: Bad Request for url: https://backup.supersami.com/api/backup/scraping-job/
Traceback (most recent call last):
  File "/Users/i/Documents/work/scraper/sitescrapers/management/commands/sync_jobs_to_sdb.py", line 127, in handle
    response.raise_for_status()
  File "/Users/i/Library/Python/3.9/lib/python/site-packages/requests/models.py", line 1024, in raise_for_status
    raise HTTPError(http_error_msg, response=self)
requests.exceptions.HTTPError: 400 Client Error: Bad Request for url: https://backup.supersami.com/api/backup/scraping-job/
2025-04-18 00:00:35,774 - sitescrapers.management.commands.sync_jobs_to_sdb - ERROR - [sync_jobs_to_sdb.py:155] -   Response status: 400
2025-04-18 00:00:35,775 - sitescrapers.management.commands.sync_jobs_to_sdb - ERROR - [sync_jobs_to_sdb.py:156] -   Response text: {"primary_key":["Scraping Job with this primary key already exists."]}
2025-04-18 00:00:36,743 - sitescrapers.management.commands.sync_jobs_to_sdb - ERROR - [sync_jobs_to_sdb.py:150] - Failed to sync ScrapingJob PK=329: 400 Client Error: Bad Request for url: https://backup.supersami.com/api/backup/scraping-job/
Traceback (most recent call last):
  File "/Users/i/Documents/work/scraper/sitescrapers/management/commands/sync_jobs_to_sdb.py", line 127, in handle
    response.raise_for_status()
  File "/Users/i/Library/Python/3.9/lib/python/site-packages/requests/models.py", line 1024, in raise_for_status
    raise HTTPError(http_error_msg, response=self)
requests.exceptions.HTTPError: 400 Client Error: Bad Request for url: https://backup.supersami.com/api/backup/scraping-job/
2025-04-18 00:00:36,744 - sitescrapers.management.commands.sync_jobs_to_sdb - ERROR - [sync_jobs_to_sdb.py:155] -   Response status: 400
2025-04-18 00:00:36,744 - sitescrapers.management.commands.sync_jobs_to_sdb - ERROR - [sync_jobs_to_sdb.py:156] -   Response text: {"primary_key":["Scraping Job with this primary key already exists."]}
2025-04-18 00:00:37,725 - sitescrapers.management.commands.sync_jobs_to_sdb - ERROR - [sync_jobs_to_sdb.py:150] - Failed to sync ScrapingJob PK=330: 400 Client Error: Bad Request for url: https://backup.supersami.com/api/backup/scraping-job/
Traceback (most recent call last):
  File "/Users/i/Documents/work/scraper/sitescrapers/management/commands/sync_jobs_to_sdb.py", line 127, in handle
    response.raise_for_status()
  File "/Users/i/Library/Python/3.9/lib/python/site-packages/requests/models.py", line 1024, in raise_for_status
    raise HTTPError(http_error_msg, response=self)
requests.exceptions.HTTPError: 400 Client Error: Bad Request for url: https://backup.supersami.com/api/backup/scraping-job/
2025-04-18 00:00:37,726 - sitescrapers.management.commands.sync_jobs_to_sdb - ERROR - [sync_jobs_to_sdb.py:155] -   Response status: 400
2025-04-18 00:00:37,726 - sitescrapers.management.commands.sync_jobs_to_sdb - ERROR - [sync_jobs_to_sdb.py:156] -   Response text: {"primary_key":["Scraping Job with this primary key already exists."]}
2025-04-18 00:00:38,692 - sitescrapers.management.commands.sync_jobs_to_sdb - ERROR - [sync_jobs_to_sdb.py:150] - Failed to sync ScrapingJob PK=331: 400 Client Error: Bad Request for url: https://backup.supersami.com/api/backup/scraping-job/
Traceback (most recent call last):
  File "/Users/i/Documents/work/scraper/sitescrapers/management/commands/sync_jobs_to_sdb.py", line 127, in handle
    response.raise_for_status()
  File "/Users/i/Library/Python/3.9/lib/python/site-packages/requests/models.py", line 1024, in raise_for_status
    raise HTTPError(http_error_msg, response=self)
requests.exceptions.HTTPError: 400 Client Error: Bad Request for url: https://backup.supersami.com/api/backup/scraping-job/
2025-04-18 00:00:38,692 - sitescrapers.management.commands.sync_jobs_to_sdb - ERROR - [sync_jobs_to_sdb.py:155] -   Response status: 400
2025-04-18 00:00:38,692 - sitescrapers.management.commands.sync_jobs_to_sdb - ERROR - [sync_jobs_to_sdb.py:156] -   Response text: {"primary_key":["Scraping Job with this primary key already exists."]}
2025-04-18 00:00:39,732 - sitescrapers.management.commands.sync_jobs_to_sdb - ERROR - [sync_jobs_to_sdb.py:150] - Failed to sync ScrapingJob PK=332: 400 Client Error: Bad Request for url: https://backup.supersami.com/api/backup/scraping-job/
Traceback (most recent call last):
  File "/Users/i/Documents/work/scraper/sitescrapers/management/commands/sync_jobs_to_sdb.py", line 127, in handle
    response.raise_for_status()
  File "/Users/i/Library/Python/3.9/lib/python/site-packages/requests/models.py", line 1024, in raise_for_status
    raise HTTPError(http_error_msg, response=self)
requests.exceptions.HTTPError: 400 Client Error: Bad Request for url: https://backup.supersami.com/api/backup/scraping-job/
2025-04-18 00:00:39,733 - sitescrapers.management.commands.sync_jobs_to_sdb - ERROR - [sync_jobs_to_sdb.py:155] -   Response status: 400
2025-04-18 00:00:39,733 - sitescrapers.management.commands.sync_jobs_to_sdb - ERROR - [sync_jobs_to_sdb.py:156] -   Response text: {"primary_key":["Scraping Job with this primary key already exists."]}
2025-04-18 00:00:40,829 - sitescrapers.management.commands.sync_jobs_to_sdb - ERROR - [sync_jobs_to_sdb.py:150] - Failed to sync ScrapingJob PK=333: 400 Client Error: Bad Request for url: https://backup.supersami.com/api/backup/scraping-job/
Traceback (most recent call last):
  File "/Users/i/Documents/work/scraper/sitescrapers/management/commands/sync_jobs_to_sdb.py", line 127, in handle
    response.raise_for_status()
  File "/Users/i/Library/Python/3.9/lib/python/site-packages/requests/models.py", line 1024, in raise_for_status
    raise HTTPError(http_error_msg, response=self)
requests.exceptions.HTTPError: 400 Client Error: Bad Request for url: https://backup.supersami.com/api/backup/scraping-job/
2025-04-18 00:00:40,830 - sitescrapers.management.commands.sync_jobs_to_sdb - ERROR - [sync_jobs_to_sdb.py:155] -   Response status: 400
2025-04-18 00:00:40,830 - sitescrapers.management.commands.sync_jobs_to_sdb - ERROR - [sync_jobs_to_sdb.py:156] -   Response text: {"primary_key":["Scraping Job with this primary key already exists."]}
2025-04-18 00:00:41,774 - sitescrapers.management.commands.sync_jobs_to_sdb - ERROR - [sync_jobs_to_sdb.py:150] - Failed to sync ScrapingJob PK=334: 400 Client Error: Bad Request for url: https://backup.supersami.com/api/backup/scraping-job/
Traceback (most recent call last):
  File "/Users/i/Documents/work/scraper/sitescrapers/management/commands/sync_jobs_to_sdb.py", line 127, in handle
    response.raise_for_status()
  File "/Users/i/Library/Python/3.9/lib/python/site-packages/requests/models.py", line 1024, in raise_for_status
    raise HTTPError(http_error_msg, response=self)
requests.exceptions.HTTPError: 400 Client Error: Bad Request for url: https://backup.supersami.com/api/backup/scraping-job/
2025-04-18 00:00:41,774 - sitescrapers.management.commands.sync_jobs_to_sdb - ERROR - [sync_jobs_to_sdb.py:155] -   Response status: 400
2025-04-18 00:00:41,775 - sitescrapers.management.commands.sync_jobs_to_sdb - ERROR - [sync_jobs_to_sdb.py:156] -   Response text: {"primary_key":["Scraping Job with this primary key already exists."]}
2025-04-18 00:00:42,845 - sitescrapers.management.commands.sync_jobs_to_sdb - ERROR - [sync_jobs_to_sdb.py:150] - Failed to sync ScrapingJob PK=335: 400 Client Error: Bad Request for url: https://backup.supersami.com/api/backup/scraping-job/
Traceback (most recent call last):
  File "/Users/i/Documents/work/scraper/sitescrapers/management/commands/sync_jobs_to_sdb.py", line 127, in handle
    response.raise_for_status()
  File "/Users/i/Library/Python/3.9/lib/python/site-packages/requests/models.py", line 1024, in raise_for_status
    raise HTTPError(http_error_msg, response=self)
requests.exceptions.HTTPError: 400 Client Error: Bad Request for url: https://backup.supersami.com/api/backup/scraping-job/
2025-04-18 00:00:42,847 - sitescrapers.management.commands.sync_jobs_to_sdb - ERROR - [sync_jobs_to_sdb.py:155] -   Response status: 400
2025-04-18 00:00:42,847 - sitescrapers.management.commands.sync_jobs_to_sdb - ERROR - [sync_jobs_to_sdb.py:156] -   Response text: {"primary_key":["Scraping Job with this primary key already exists."]}
2025-04-18 00:00:43,815 - sitescrapers.management.commands.sync_jobs_to_sdb - ERROR - [sync_jobs_to_sdb.py:150] - Failed to sync ScrapingJob PK=336: 400 Client Error: Bad Request for url: https://backup.supersami.com/api/backup/scraping-job/
Traceback (most recent call last):
  File "/Users/i/Documents/work/scraper/sitescrapers/management/commands/sync_jobs_to_sdb.py", line 127, in handle
    response.raise_for_status()
  File "/Users/i/Library/Python/3.9/lib/python/site-packages/requests/models.py", line 1024, in raise_for_status
    raise HTTPError(http_error_msg, response=self)
requests.exceptions.HTTPError: 400 Client Error: Bad Request for url: https://backup.supersami.com/api/backup/scraping-job/
2025-04-18 00:00:43,816 - sitescrapers.management.commands.sync_jobs_to_sdb - ERROR - [sync_jobs_to_sdb.py:155] -   Response status: 400
2025-04-18 00:00:43,816 - sitescrapers.management.commands.sync_jobs_to_sdb - ERROR - [sync_jobs_to_sdb.py:156] -   Response text: {"primary_key":["Scraping Job with this primary key already exists."]}
2025-04-18 00:00:44,986 - sitescrapers.management.commands.sync_jobs_to_sdb - ERROR - [sync_jobs_to_sdb.py:150] - Failed to sync ScrapingJob PK=337: 400 Client Error: Bad Request for url: https://backup.supersami.com/api/backup/scraping-job/
Traceback (most recent call last):
  File "/Users/i/Documents/work/scraper/sitescrapers/management/commands/sync_jobs_to_sdb.py", line 127, in handle
    response.raise_for_status()
  File "/Users/i/Library/Python/3.9/lib/python/site-packages/requests/models.py", line 1024, in raise_for_status
    raise HTTPError(http_error_msg, response=self)
requests.exceptions.HTTPError: 400 Client Error: Bad Request for url: https://backup.supersami.com/api/backup/scraping-job/
2025-04-18 00:00:44,986 - sitescrapers.management.commands.sync_jobs_to_sdb - ERROR - [sync_jobs_to_sdb.py:155] -   Response status: 400
2025-04-18 00:00:44,986 - sitescrapers.management.commands.sync_jobs_to_sdb - ERROR - [sync_jobs_to_sdb.py:156] -   Response text: {"primary_key":["Scraping Job with this primary key already exists."]}
2025-04-18 00:00:46,013 - sitescrapers.management.commands.sync_jobs_to_sdb - ERROR - [sync_jobs_to_sdb.py:150] - Failed to sync ScrapingJob PK=338: 400 Client Error: Bad Request for url: https://backup.supersami.com/api/backup/scraping-job/
Traceback (most recent call last):
  File "/Users/i/Documents/work/scraper/sitescrapers/management/commands/sync_jobs_to_sdb.py", line 127, in handle
    response.raise_for_status()
  File "/Users/i/Library/Python/3.9/lib/python/site-packages/requests/models.py", line 1024, in raise_for_status
    raise HTTPError(http_error_msg, response=self)
requests.exceptions.HTTPError: 400 Client Error: Bad Request for url: https://backup.supersami.com/api/backup/scraping-job/
2025-04-18 00:00:46,013 - sitescrapers.management.commands.sync_jobs_to_sdb - ERROR - [sync_jobs_to_sdb.py:155] -   Response status: 400
2025-04-18 00:00:46,013 - sitescrapers.management.commands.sync_jobs_to_sdb - ERROR - [sync_jobs_to_sdb.py:156] -   Response text: {"primary_key":["Scraping Job with this primary key already exists."]}
2025-04-18 00:00:47,001 - sitescrapers.management.commands.sync_jobs_to_sdb - ERROR - [sync_jobs_to_sdb.py:150] - Failed to sync ScrapingJob PK=339: 400 Client Error: Bad Request for url: https://backup.supersami.com/api/backup/scraping-job/
Traceback (most recent call last):
  File "/Users/i/Documents/work/scraper/sitescrapers/management/commands/sync_jobs_to_sdb.py", line 127, in handle
    response.raise_for_status()
  File "/Users/i/Library/Python/3.9/lib/python/site-packages/requests/models.py", line 1024, in raise_for_status
    raise HTTPError(http_error_msg, response=self)
requests.exceptions.HTTPError: 400 Client Error: Bad Request for url: https://backup.supersami.com/api/backup/scraping-job/
2025-04-18 00:00:47,001 - sitescrapers.management.commands.sync_jobs_to_sdb - ERROR - [sync_jobs_to_sdb.py:155] -   Response status: 400
2025-04-18 00:00:47,001 - sitescrapers.management.commands.sync_jobs_to_sdb - ERROR - [sync_jobs_to_sdb.py:156] -   Response text: {"primary_key":["Scraping Job with this primary key already exists."]}
2025-04-18 00:00:48,000 - sitescrapers.management.commands.sync_jobs_to_sdb - ERROR - [sync_jobs_to_sdb.py:150] - Failed to sync ScrapingJob PK=340: 400 Client Error: Bad Request for url: https://backup.supersami.com/api/backup/scraping-job/
Traceback (most recent call last):
  File "/Users/i/Documents/work/scraper/sitescrapers/management/commands/sync_jobs_to_sdb.py", line 127, in handle
    response.raise_for_status()
  File "/Users/i/Library/Python/3.9/lib/python/site-packages/requests/models.py", line 1024, in raise_for_status
    raise HTTPError(http_error_msg, response=self)
requests.exceptions.HTTPError: 400 Client Error: Bad Request for url: https://backup.supersami.com/api/backup/scraping-job/
2025-04-18 00:00:48,000 - sitescrapers.management.commands.sync_jobs_to_sdb - ERROR - [sync_jobs_to_sdb.py:155] -   Response status: 400
2025-04-18 00:00:48,000 - sitescrapers.management.commands.sync_jobs_to_sdb - ERROR - [sync_jobs_to_sdb.py:156] -   Response text: {"primary_key":["Scraping Job with this primary key already exists."]}
2025-04-18 00:00:48,961 - sitescrapers.management.commands.sync_jobs_to_sdb - ERROR - [sync_jobs_to_sdb.py:150] - Failed to sync ScrapingJob PK=341: 400 Client Error: Bad Request for url: https://backup.supersami.com/api/backup/scraping-job/
Traceback (most recent call last):
  File "/Users/i/Documents/work/scraper/sitescrapers/management/commands/sync_jobs_to_sdb.py", line 127, in handle
    response.raise_for_status()
  File "/Users/i/Library/Python/3.9/lib/python/site-packages/requests/models.py", line 1024, in raise_for_status
    raise HTTPError(http_error_msg, response=self)
requests.exceptions.HTTPError: 400 Client Error: Bad Request for url: https://backup.supersami.com/api/backup/scraping-job/
2025-04-18 00:00:48,962 - sitescrapers.management.commands.sync_jobs_to_sdb - ERROR - [sync_jobs_to_sdb.py:155] -   Response status: 400
2025-04-18 00:00:48,962 - sitescrapers.management.commands.sync_jobs_to_sdb - ERROR - [sync_jobs_to_sdb.py:156] -   Response text: {"primary_key":["Scraping Job with this primary key already exists."]}
2025-04-18 00:00:49,948 - sitescrapers.management.commands.sync_jobs_to_sdb - ERROR - [sync_jobs_to_sdb.py:150] - Failed to sync ScrapingJob PK=342: 400 Client Error: Bad Request for url: https://backup.supersami.com/api/backup/scraping-job/
Traceback (most recent call last):
  File "/Users/i/Documents/work/scraper/sitescrapers/management/commands/sync_jobs_to_sdb.py", line 127, in handle
    response.raise_for_status()
  File "/Users/i/Library/Python/3.9/lib/python/site-packages/requests/models.py", line 1024, in raise_for_status
    raise HTTPError(http_error_msg, response=self)
requests.exceptions.HTTPError: 400 Client Error: Bad Request for url: https://backup.supersami.com/api/backup/scraping-job/
2025-04-18 00:00:49,949 - sitescrapers.management.commands.sync_jobs_to_sdb - ERROR - [sync_jobs_to_sdb.py:155] -   Response status: 400
2025-04-18 00:00:49,949 - sitescrapers.management.commands.sync_jobs_to_sdb - ERROR - [sync_jobs_to_sdb.py:156] -   Response text: {"primary_key":["Scraping Job with this primary key already exists."]}
2025-04-18 00:00:50,892 - sitescrapers.management.commands.sync_jobs_to_sdb - ERROR - [sync_jobs_to_sdb.py:150] - Failed to sync ScrapingJob PK=343: 400 Client Error: Bad Request for url: https://backup.supersami.com/api/backup/scraping-job/
Traceback (most recent call last):
  File "/Users/i/Documents/work/scraper/sitescrapers/management/commands/sync_jobs_to_sdb.py", line 127, in handle
    response.raise_for_status()
  File "/Users/i/Library/Python/3.9/lib/python/site-packages/requests/models.py", line 1024, in raise_for_status
    raise HTTPError(http_error_msg, response=self)
requests.exceptions.HTTPError: 400 Client Error: Bad Request for url: https://backup.supersami.com/api/backup/scraping-job/
2025-04-18 00:00:50,895 - sitescrapers.management.commands.sync_jobs_to_sdb - ERROR - [sync_jobs_to_sdb.py:155] -   Response status: 400
2025-04-18 00:00:50,895 - sitescrapers.management.commands.sync_jobs_to_sdb - ERROR - [sync_jobs_to_sdb.py:156] -   Response text: {"primary_key":["Scraping Job with this primary key already exists."]}
2025-04-18 00:00:51,879 - sitescrapers.management.commands.sync_jobs_to_sdb - ERROR - [sync_jobs_to_sdb.py:150] - Failed to sync ScrapingJob PK=344: 400 Client Error: Bad Request for url: https://backup.supersami.com/api/backup/scraping-job/
Traceback (most recent call last):
  File "/Users/i/Documents/work/scraper/sitescrapers/management/commands/sync_jobs_to_sdb.py", line 127, in handle
    response.raise_for_status()
  File "/Users/i/Library/Python/3.9/lib/python/site-packages/requests/models.py", line 1024, in raise_for_status
    raise HTTPError(http_error_msg, response=self)
requests.exceptions.HTTPError: 400 Client Error: Bad Request for url: https://backup.supersami.com/api/backup/scraping-job/
2025-04-18 00:00:51,880 - sitescrapers.management.commands.sync_jobs_to_sdb - ERROR - [sync_jobs_to_sdb.py:155] -   Response status: 400
2025-04-18 00:00:51,880 - sitescrapers.management.commands.sync_jobs_to_sdb - ERROR - [sync_jobs_to_sdb.py:156] -   Response text: {"primary_key":["Scraping Job with this primary key already exists."]}
2025-04-18 00:00:52,855 - sitescrapers.management.commands.sync_jobs_to_sdb - ERROR - [sync_jobs_to_sdb.py:150] - Failed to sync ScrapingJob PK=345: 400 Client Error: Bad Request for url: https://backup.supersami.com/api/backup/scraping-job/
Traceback (most recent call last):
  File "/Users/i/Documents/work/scraper/sitescrapers/management/commands/sync_jobs_to_sdb.py", line 127, in handle
    response.raise_for_status()
  File "/Users/i/Library/Python/3.9/lib/python/site-packages/requests/models.py", line 1024, in raise_for_status
    raise HTTPError(http_error_msg, response=self)
requests.exceptions.HTTPError: 400 Client Error: Bad Request for url: https://backup.supersami.com/api/backup/scraping-job/
2025-04-18 00:00:52,856 - sitescrapers.management.commands.sync_jobs_to_sdb - ERROR - [sync_jobs_to_sdb.py:155] -   Response status: 400
2025-04-18 00:00:52,856 - sitescrapers.management.commands.sync_jobs_to_sdb - ERROR - [sync_jobs_to_sdb.py:156] -   Response text: {"primary_key":["Scraping Job with this primary key already exists."]}
2025-04-18 00:00:53,954 - sitescrapers.management.commands.sync_jobs_to_sdb - ERROR - [sync_jobs_to_sdb.py:150] - Failed to sync ScrapingJob PK=346: 400 Client Error: Bad Request for url: https://backup.supersami.com/api/backup/scraping-job/
Traceback (most recent call last):
  File "/Users/i/Documents/work/scraper/sitescrapers/management/commands/sync_jobs_to_sdb.py", line 127, in handle
    response.raise_for_status()
  File "/Users/i/Library/Python/3.9/lib/python/site-packages/requests/models.py", line 1024, in raise_for_status
    raise HTTPError(http_error_msg, response=self)
requests.exceptions.HTTPError: 400 Client Error: Bad Request for url: https://backup.supersami.com/api/backup/scraping-job/
2025-04-18 00:00:53,954 - sitescrapers.management.commands.sync_jobs_to_sdb - ERROR - [sync_jobs_to_sdb.py:155] -   Response status: 400
2025-04-18 00:00:53,954 - sitescrapers.management.commands.sync_jobs_to_sdb - ERROR - [sync_jobs_to_sdb.py:156] -   Response text: {"primary_key":["Scraping Job with this primary key already exists."]}
2025-04-18 00:00:54,903 - sitescrapers.management.commands.sync_jobs_to_sdb - ERROR - [sync_jobs_to_sdb.py:150] - Failed to sync ScrapingJob PK=347: 400 Client Error: Bad Request for url: https://backup.supersami.com/api/backup/scraping-job/
Traceback (most recent call last):
  File "/Users/i/Documents/work/scraper/sitescrapers/management/commands/sync_jobs_to_sdb.py", line 127, in handle
    response.raise_for_status()
  File "/Users/i/Library/Python/3.9/lib/python/site-packages/requests/models.py", line 1024, in raise_for_status
    raise HTTPError(http_error_msg, response=self)
requests.exceptions.HTTPError: 400 Client Error: Bad Request for url: https://backup.supersami.com/api/backup/scraping-job/
2025-04-18 00:00:54,904 - sitescrapers.management.commands.sync_jobs_to_sdb - ERROR - [sync_jobs_to_sdb.py:155] -   Response status: 400
2025-04-18 00:00:54,904 - sitescrapers.management.commands.sync_jobs_to_sdb - ERROR - [sync_jobs_to_sdb.py:156] -   Response text: {"primary_key":["Scraping Job with this primary key already exists."]}
2025-04-18 00:00:56,148 - sitescrapers.management.commands.sync_jobs_to_sdb - ERROR - [sync_jobs_to_sdb.py:150] - Failed to sync ScrapingJob PK=348: 400 Client Error: Bad Request for url: https://backup.supersami.com/api/backup/scraping-job/
Traceback (most recent call last):
  File "/Users/i/Documents/work/scraper/sitescrapers/management/commands/sync_jobs_to_sdb.py", line 127, in handle
    response.raise_for_status()
  File "/Users/i/Library/Python/3.9/lib/python/site-packages/requests/models.py", line 1024, in raise_for_status
    raise HTTPError(http_error_msg, response=self)
requests.exceptions.HTTPError: 400 Client Error: Bad Request for url: https://backup.supersami.com/api/backup/scraping-job/
2025-04-18 00:00:56,149 - sitescrapers.management.commands.sync_jobs_to_sdb - ERROR - [sync_jobs_to_sdb.py:155] -   Response status: 400
2025-04-18 00:00:56,149 - sitescrapers.management.commands.sync_jobs_to_sdb - ERROR - [sync_jobs_to_sdb.py:156] -   Response text: {"primary_key":["Scraping Job with this primary key already exists."]}
2025-04-18 00:00:57,126 - sitescrapers.management.commands.sync_jobs_to_sdb - ERROR - [sync_jobs_to_sdb.py:150] - Failed to sync ScrapingJob PK=349: 400 Client Error: Bad Request for url: https://backup.supersami.com/api/backup/scraping-job/
Traceback (most recent call last):
  File "/Users/i/Documents/work/scraper/sitescrapers/management/commands/sync_jobs_to_sdb.py", line 127, in handle
    response.raise_for_status()
  File "/Users/i/Library/Python/3.9/lib/python/site-packages/requests/models.py", line 1024, in raise_for_status
    raise HTTPError(http_error_msg, response=self)
requests.exceptions.HTTPError: 400 Client Error: Bad Request for url: https://backup.supersami.com/api/backup/scraping-job/
2025-04-18 00:00:57,128 - sitescrapers.management.commands.sync_jobs_to_sdb - ERROR - [sync_jobs_to_sdb.py:155] -   Response status: 400
2025-04-18 00:00:57,128 - sitescrapers.management.commands.sync_jobs_to_sdb - ERROR - [sync_jobs_to_sdb.py:156] -   Response text: {"primary_key":["Scraping Job with this primary key already exists."]}
2025-04-18 00:00:58,119 - sitescrapers.management.commands.sync_jobs_to_sdb - ERROR - [sync_jobs_to_sdb.py:150] - Failed to sync ScrapingJob PK=350: 400 Client Error: Bad Request for url: https://backup.supersami.com/api/backup/scraping-job/
Traceback (most recent call last):
  File "/Users/i/Documents/work/scraper/sitescrapers/management/commands/sync_jobs_to_sdb.py", line 127, in handle
    response.raise_for_status()
  File "/Users/i/Library/Python/3.9/lib/python/site-packages/requests/models.py", line 1024, in raise_for_status
    raise HTTPError(http_error_msg, response=self)
requests.exceptions.HTTPError: 400 Client Error: Bad Request for url: https://backup.supersami.com/api/backup/scraping-job/
2025-04-18 00:00:58,121 - sitescrapers.management.commands.sync_jobs_to_sdb - ERROR - [sync_jobs_to_sdb.py:155] -   Response status: 400
2025-04-18 00:00:58,121 - sitescrapers.management.commands.sync_jobs_to_sdb - ERROR - [sync_jobs_to_sdb.py:156] -   Response text: {"primary_key":["Scraping Job with this primary key already exists."]}
2025-04-18 00:00:59,100 - sitescrapers.management.commands.sync_jobs_to_sdb - ERROR - [sync_jobs_to_sdb.py:150] - Failed to sync ScrapingJob PK=351: 400 Client Error: Bad Request for url: https://backup.supersami.com/api/backup/scraping-job/
Traceback (most recent call last):
  File "/Users/i/Documents/work/scraper/sitescrapers/management/commands/sync_jobs_to_sdb.py", line 127, in handle
    response.raise_for_status()
  File "/Users/i/Library/Python/3.9/lib/python/site-packages/requests/models.py", line 1024, in raise_for_status
    raise HTTPError(http_error_msg, response=self)
requests.exceptions.HTTPError: 400 Client Error: Bad Request for url: https://backup.supersami.com/api/backup/scraping-job/
2025-04-18 00:00:59,100 - sitescrapers.management.commands.sync_jobs_to_sdb - ERROR - [sync_jobs_to_sdb.py:155] -   Response status: 400
2025-04-18 00:00:59,101 - sitescrapers.management.commands.sync_jobs_to_sdb - ERROR - [sync_jobs_to_sdb.py:156] -   Response text: {"primary_key":["Scraping Job with this primary key already exists."]}
2025-04-18 00:01:00,089 - sitescrapers.management.commands.sync_jobs_to_sdb - ERROR - [sync_jobs_to_sdb.py:150] - Failed to sync ScrapingJob PK=352: 400 Client Error: Bad Request for url: https://backup.supersami.com/api/backup/scraping-job/
Traceback (most recent call last):
  File "/Users/i/Documents/work/scraper/sitescrapers/management/commands/sync_jobs_to_sdb.py", line 127, in handle
    response.raise_for_status()
  File "/Users/i/Library/Python/3.9/lib/python/site-packages/requests/models.py", line 1024, in raise_for_status
    raise HTTPError(http_error_msg, response=self)
requests.exceptions.HTTPError: 400 Client Error: Bad Request for url: https://backup.supersami.com/api/backup/scraping-job/
2025-04-18 00:01:00,089 - sitescrapers.management.commands.sync_jobs_to_sdb - ERROR - [sync_jobs_to_sdb.py:155] -   Response status: 400
2025-04-18 00:01:00,089 - sitescrapers.management.commands.sync_jobs_to_sdb - ERROR - [sync_jobs_to_sdb.py:156] -   Response text: {"primary_key":["Scraping Job with this primary key already exists."]}
2025-04-18 00:01:01,107 - sitescrapers.management.commands.sync_jobs_to_sdb - ERROR - [sync_jobs_to_sdb.py:150] - Failed to sync ScrapingJob PK=353: 400 Client Error: Bad Request for url: https://backup.supersami.com/api/backup/scraping-job/
Traceback (most recent call last):
  File "/Users/i/Documents/work/scraper/sitescrapers/management/commands/sync_jobs_to_sdb.py", line 127, in handle
    response.raise_for_status()
  File "/Users/i/Library/Python/3.9/lib/python/site-packages/requests/models.py", line 1024, in raise_for_status
    raise HTTPError(http_error_msg, response=self)
requests.exceptions.HTTPError: 400 Client Error: Bad Request for url: https://backup.supersami.com/api/backup/scraping-job/
2025-04-18 00:01:01,108 - sitescrapers.management.commands.sync_jobs_to_sdb - ERROR - [sync_jobs_to_sdb.py:155] -   Response status: 400
2025-04-18 00:01:01,108 - sitescrapers.management.commands.sync_jobs_to_sdb - ERROR - [sync_jobs_to_sdb.py:156] -   Response text: {"primary_key":["Scraping Job with this primary key already exists."]}
2025-04-18 00:01:02,084 - sitescrapers.management.commands.sync_jobs_to_sdb - ERROR - [sync_jobs_to_sdb.py:150] - Failed to sync ScrapingJob PK=354: 400 Client Error: Bad Request for url: https://backup.supersami.com/api/backup/scraping-job/
Traceback (most recent call last):
  File "/Users/i/Documents/work/scraper/sitescrapers/management/commands/sync_jobs_to_sdb.py", line 127, in handle
    response.raise_for_status()
  File "/Users/i/Library/Python/3.9/lib/python/site-packages/requests/models.py", line 1024, in raise_for_status
    raise HTTPError(http_error_msg, response=self)
requests.exceptions.HTTPError: 400 Client Error: Bad Request for url: https://backup.supersami.com/api/backup/scraping-job/
2025-04-18 00:01:02,084 - sitescrapers.management.commands.sync_jobs_to_sdb - ERROR - [sync_jobs_to_sdb.py:155] -   Response status: 400
2025-04-18 00:01:02,084 - sitescrapers.management.commands.sync_jobs_to_sdb - ERROR - [sync_jobs_to_sdb.py:156] -   Response text: {"primary_key":["Scraping Job with this primary key already exists."]}
2025-04-18 00:01:03,026 - sitescrapers.management.commands.sync_jobs_to_sdb - ERROR - [sync_jobs_to_sdb.py:150] - Failed to sync ScrapingJob PK=355: 400 Client Error: Bad Request for url: https://backup.supersami.com/api/backup/scraping-job/
Traceback (most recent call last):
  File "/Users/i/Documents/work/scraper/sitescrapers/management/commands/sync_jobs_to_sdb.py", line 127, in handle
    response.raise_for_status()
  File "/Users/i/Library/Python/3.9/lib/python/site-packages/requests/models.py", line 1024, in raise_for_status
    raise HTTPError(http_error_msg, response=self)
requests.exceptions.HTTPError: 400 Client Error: Bad Request for url: https://backup.supersami.com/api/backup/scraping-job/
2025-04-18 00:01:03,026 - sitescrapers.management.commands.sync_jobs_to_sdb - ERROR - [sync_jobs_to_sdb.py:155] -   Response status: 400
2025-04-18 00:01:03,026 - sitescrapers.management.commands.sync_jobs_to_sdb - ERROR - [sync_jobs_to_sdb.py:156] -   Response text: {"primary_key":["Scraping Job with this primary key already exists."]}
2025-04-18 00:01:03,982 - sitescrapers.management.commands.sync_jobs_to_sdb - ERROR - [sync_jobs_to_sdb.py:150] - Failed to sync ScrapingJob PK=356: 400 Client Error: Bad Request for url: https://backup.supersami.com/api/backup/scraping-job/
Traceback (most recent call last):
  File "/Users/i/Documents/work/scraper/sitescrapers/management/commands/sync_jobs_to_sdb.py", line 127, in handle
    response.raise_for_status()
  File "/Users/i/Library/Python/3.9/lib/python/site-packages/requests/models.py", line 1024, in raise_for_status
    raise HTTPError(http_error_msg, response=self)
requests.exceptions.HTTPError: 400 Client Error: Bad Request for url: https://backup.supersami.com/api/backup/scraping-job/
2025-04-18 00:01:03,983 - sitescrapers.management.commands.sync_jobs_to_sdb - ERROR - [sync_jobs_to_sdb.py:155] -   Response status: 400
2025-04-18 00:01:03,983 - sitescrapers.management.commands.sync_jobs_to_sdb - ERROR - [sync_jobs_to_sdb.py:156] -   Response text: {"primary_key":["Scraping Job with this primary key already exists."]}
2025-04-18 00:01:05,309 - sitescrapers.management.commands.sync_jobs_to_sdb - ERROR - [sync_jobs_to_sdb.py:150] - Failed to sync ScrapingJob PK=357: 400 Client Error: Bad Request for url: https://backup.supersami.com/api/backup/scraping-job/
Traceback (most recent call last):
  File "/Users/i/Documents/work/scraper/sitescrapers/management/commands/sync_jobs_to_sdb.py", line 127, in handle
    response.raise_for_status()
  File "/Users/i/Library/Python/3.9/lib/python/site-packages/requests/models.py", line 1024, in raise_for_status
    raise HTTPError(http_error_msg, response=self)
requests.exceptions.HTTPError: 400 Client Error: Bad Request for url: https://backup.supersami.com/api/backup/scraping-job/
2025-04-18 00:01:05,310 - sitescrapers.management.commands.sync_jobs_to_sdb - ERROR - [sync_jobs_to_sdb.py:155] -   Response status: 400
2025-04-18 00:01:05,310 - sitescrapers.management.commands.sync_jobs_to_sdb - ERROR - [sync_jobs_to_sdb.py:156] -   Response text: {"primary_key":["Scraping Job with this primary key already exists."]}
2025-04-18 00:01:06,265 - sitescrapers.management.commands.sync_jobs_to_sdb - ERROR - [sync_jobs_to_sdb.py:150] - Failed to sync ScrapingJob PK=358: 400 Client Error: Bad Request for url: https://backup.supersami.com/api/backup/scraping-job/
Traceback (most recent call last):
  File "/Users/i/Documents/work/scraper/sitescrapers/management/commands/sync_jobs_to_sdb.py", line 127, in handle
    response.raise_for_status()
  File "/Users/i/Library/Python/3.9/lib/python/site-packages/requests/models.py", line 1024, in raise_for_status
    raise HTTPError(http_error_msg, response=self)
requests.exceptions.HTTPError: 400 Client Error: Bad Request for url: https://backup.supersami.com/api/backup/scraping-job/
2025-04-18 00:01:06,265 - sitescrapers.management.commands.sync_jobs_to_sdb - ERROR - [sync_jobs_to_sdb.py:155] -   Response status: 400
2025-04-18 00:01:06,265 - sitescrapers.management.commands.sync_jobs_to_sdb - ERROR - [sync_jobs_to_sdb.py:156] -   Response text: {"primary_key":["Scraping Job with this primary key already exists."]}
2025-04-18 00:01:07,248 - sitescrapers.management.commands.sync_jobs_to_sdb - ERROR - [sync_jobs_to_sdb.py:150] - Failed to sync ScrapingJob PK=359: 400 Client Error: Bad Request for url: https://backup.supersami.com/api/backup/scraping-job/
Traceback (most recent call last):
  File "/Users/i/Documents/work/scraper/sitescrapers/management/commands/sync_jobs_to_sdb.py", line 127, in handle
    response.raise_for_status()
  File "/Users/i/Library/Python/3.9/lib/python/site-packages/requests/models.py", line 1024, in raise_for_status
    raise HTTPError(http_error_msg, response=self)
requests.exceptions.HTTPError: 400 Client Error: Bad Request for url: https://backup.supersami.com/api/backup/scraping-job/
2025-04-18 00:01:07,249 - sitescrapers.management.commands.sync_jobs_to_sdb - ERROR - [sync_jobs_to_sdb.py:155] -   Response status: 400
2025-04-18 00:01:07,249 - sitescrapers.management.commands.sync_jobs_to_sdb - ERROR - [sync_jobs_to_sdb.py:156] -   Response text: {"primary_key":["Scraping Job with this primary key already exists."]}
2025-04-18 00:01:08,234 - sitescrapers.management.commands.sync_jobs_to_sdb - ERROR - [sync_jobs_to_sdb.py:150] - Failed to sync ScrapingJob PK=360: 400 Client Error: Bad Request for url: https://backup.supersami.com/api/backup/scraping-job/
Traceback (most recent call last):
  File "/Users/i/Documents/work/scraper/sitescrapers/management/commands/sync_jobs_to_sdb.py", line 127, in handle
    response.raise_for_status()
  File "/Users/i/Library/Python/3.9/lib/python/site-packages/requests/models.py", line 1024, in raise_for_status
    raise HTTPError(http_error_msg, response=self)
requests.exceptions.HTTPError: 400 Client Error: Bad Request for url: https://backup.supersami.com/api/backup/scraping-job/
2025-04-18 00:01:08,237 - sitescrapers.management.commands.sync_jobs_to_sdb - ERROR - [sync_jobs_to_sdb.py:155] -   Response status: 400
2025-04-18 00:01:08,237 - sitescrapers.management.commands.sync_jobs_to_sdb - ERROR - [sync_jobs_to_sdb.py:156] -   Response text: {"primary_key":["Scraping Job with this primary key already exists."]}
2025-04-18 00:01:09,211 - sitescrapers.management.commands.sync_jobs_to_sdb - ERROR - [sync_jobs_to_sdb.py:150] - Failed to sync ScrapingJob PK=361: 400 Client Error: Bad Request for url: https://backup.supersami.com/api/backup/scraping-job/
Traceback (most recent call last):
  File "/Users/i/Documents/work/scraper/sitescrapers/management/commands/sync_jobs_to_sdb.py", line 127, in handle
    response.raise_for_status()
  File "/Users/i/Library/Python/3.9/lib/python/site-packages/requests/models.py", line 1024, in raise_for_status
    raise HTTPError(http_error_msg, response=self)
requests.exceptions.HTTPError: 400 Client Error: Bad Request for url: https://backup.supersami.com/api/backup/scraping-job/
2025-04-18 00:01:09,211 - sitescrapers.management.commands.sync_jobs_to_sdb - ERROR - [sync_jobs_to_sdb.py:155] -   Response status: 400
2025-04-18 00:01:09,211 - sitescrapers.management.commands.sync_jobs_to_sdb - ERROR - [sync_jobs_to_sdb.py:156] -   Response text: {"primary_key":["Scraping Job with this primary key already exists."]}
2025-04-18 00:01:10,178 - sitescrapers.management.commands.sync_jobs_to_sdb - ERROR - [sync_jobs_to_sdb.py:150] - Failed to sync ScrapingJob PK=362: 400 Client Error: Bad Request for url: https://backup.supersami.com/api/backup/scraping-job/
Traceback (most recent call last):
  File "/Users/i/Documents/work/scraper/sitescrapers/management/commands/sync_jobs_to_sdb.py", line 127, in handle
    response.raise_for_status()
  File "/Users/i/Library/Python/3.9/lib/python/site-packages/requests/models.py", line 1024, in raise_for_status
    raise HTTPError(http_error_msg, response=self)
requests.exceptions.HTTPError: 400 Client Error: Bad Request for url: https://backup.supersami.com/api/backup/scraping-job/
2025-04-18 00:01:10,179 - sitescrapers.management.commands.sync_jobs_to_sdb - ERROR - [sync_jobs_to_sdb.py:155] -   Response status: 400
2025-04-18 00:01:10,179 - sitescrapers.management.commands.sync_jobs_to_sdb - ERROR - [sync_jobs_to_sdb.py:156] -   Response text: {"primary_key":["Scraping Job with this primary key already exists."]}
2025-04-18 00:01:11,112 - sitescrapers.management.commands.sync_jobs_to_sdb - ERROR - [sync_jobs_to_sdb.py:150] - Failed to sync ScrapingJob PK=363: 400 Client Error: Bad Request for url: https://backup.supersami.com/api/backup/scraping-job/
Traceback (most recent call last):
  File "/Users/i/Documents/work/scraper/sitescrapers/management/commands/sync_jobs_to_sdb.py", line 127, in handle
    response.raise_for_status()
  File "/Users/i/Library/Python/3.9/lib/python/site-packages/requests/models.py", line 1024, in raise_for_status
    raise HTTPError(http_error_msg, response=self)
requests.exceptions.HTTPError: 400 Client Error: Bad Request for url: https://backup.supersami.com/api/backup/scraping-job/
2025-04-18 00:01:11,112 - sitescrapers.management.commands.sync_jobs_to_sdb - ERROR - [sync_jobs_to_sdb.py:155] -   Response status: 400
2025-04-18 00:01:11,112 - sitescrapers.management.commands.sync_jobs_to_sdb - ERROR - [sync_jobs_to_sdb.py:156] -   Response text: {"primary_key":["Scraping Job with this primary key already exists."]}
2025-04-18 00:01:12,111 - sitescrapers.management.commands.sync_jobs_to_sdb - ERROR - [sync_jobs_to_sdb.py:150] - Failed to sync ScrapingJob PK=364: 400 Client Error: Bad Request for url: https://backup.supersami.com/api/backup/scraping-job/
Traceback (most recent call last):
  File "/Users/i/Documents/work/scraper/sitescrapers/management/commands/sync_jobs_to_sdb.py", line 127, in handle
    response.raise_for_status()
  File "/Users/i/Library/Python/3.9/lib/python/site-packages/requests/models.py", line 1024, in raise_for_status
    raise HTTPError(http_error_msg, response=self)
requests.exceptions.HTTPError: 400 Client Error: Bad Request for url: https://backup.supersami.com/api/backup/scraping-job/
2025-04-18 00:01:12,111 - sitescrapers.management.commands.sync_jobs_to_sdb - ERROR - [sync_jobs_to_sdb.py:155] -   Response status: 400
2025-04-18 00:01:12,111 - sitescrapers.management.commands.sync_jobs_to_sdb - ERROR - [sync_jobs_to_sdb.py:156] -   Response text: {"primary_key":["Scraping Job with this primary key already exists."]}
2025-04-18 00:01:13,092 - sitescrapers.management.commands.sync_jobs_to_sdb - ERROR - [sync_jobs_to_sdb.py:150] - Failed to sync ScrapingJob PK=365: 400 Client Error: Bad Request for url: https://backup.supersami.com/api/backup/scraping-job/
Traceback (most recent call last):
  File "/Users/i/Documents/work/scraper/sitescrapers/management/commands/sync_jobs_to_sdb.py", line 127, in handle
    response.raise_for_status()
  File "/Users/i/Library/Python/3.9/lib/python/site-packages/requests/models.py", line 1024, in raise_for_status
    raise HTTPError(http_error_msg, response=self)
requests.exceptions.HTTPError: 400 Client Error: Bad Request for url: https://backup.supersami.com/api/backup/scraping-job/
2025-04-18 00:01:13,094 - sitescrapers.management.commands.sync_jobs_to_sdb - ERROR - [sync_jobs_to_sdb.py:155] -   Response status: 400
2025-04-18 00:01:13,094 - sitescrapers.management.commands.sync_jobs_to_sdb - ERROR - [sync_jobs_to_sdb.py:156] -   Response text: {"primary_key":["Scraping Job with this primary key already exists."]}
2025-04-18 00:01:14,065 - sitescrapers.management.commands.sync_jobs_to_sdb - ERROR - [sync_jobs_to_sdb.py:150] - Failed to sync ScrapingJob PK=366: 400 Client Error: Bad Request for url: https://backup.supersami.com/api/backup/scraping-job/
Traceback (most recent call last):
  File "/Users/i/Documents/work/scraper/sitescrapers/management/commands/sync_jobs_to_sdb.py", line 127, in handle
    response.raise_for_status()
  File "/Users/i/Library/Python/3.9/lib/python/site-packages/requests/models.py", line 1024, in raise_for_status
    raise HTTPError(http_error_msg, response=self)
requests.exceptions.HTTPError: 400 Client Error: Bad Request for url: https://backup.supersami.com/api/backup/scraping-job/
2025-04-18 00:01:14,065 - sitescrapers.management.commands.sync_jobs_to_sdb - ERROR - [sync_jobs_to_sdb.py:155] -   Response status: 400
2025-04-18 00:01:14,065 - sitescrapers.management.commands.sync_jobs_to_sdb - ERROR - [sync_jobs_to_sdb.py:156] -   Response text: {"primary_key":["Scraping Job with this primary key already exists."]}
2025-04-18 00:01:15,007 - sitescrapers.management.commands.sync_jobs_to_sdb - ERROR - [sync_jobs_to_sdb.py:150] - Failed to sync ScrapingJob PK=367: 400 Client Error: Bad Request for url: https://backup.supersami.com/api/backup/scraping-job/
Traceback (most recent call last):
  File "/Users/i/Documents/work/scraper/sitescrapers/management/commands/sync_jobs_to_sdb.py", line 127, in handle
    response.raise_for_status()
  File "/Users/i/Library/Python/3.9/lib/python/site-packages/requests/models.py", line 1024, in raise_for_status
    raise HTTPError(http_error_msg, response=self)
requests.exceptions.HTTPError: 400 Client Error: Bad Request for url: https://backup.supersami.com/api/backup/scraping-job/
2025-04-18 00:01:15,008 - sitescrapers.management.commands.sync_jobs_to_sdb - ERROR - [sync_jobs_to_sdb.py:155] -   Response status: 400
2025-04-18 00:01:15,008 - sitescrapers.management.commands.sync_jobs_to_sdb - ERROR - [sync_jobs_to_sdb.py:156] -   Response text: {"primary_key":["Scraping Job with this primary key already exists."]}
2025-04-18 00:01:15,996 - sitescrapers.management.commands.sync_jobs_to_sdb - ERROR - [sync_jobs_to_sdb.py:150] - Failed to sync ScrapingJob PK=368: 400 Client Error: Bad Request for url: https://backup.supersami.com/api/backup/scraping-job/
Traceback (most recent call last):
  File "/Users/i/Documents/work/scraper/sitescrapers/management/commands/sync_jobs_to_sdb.py", line 127, in handle
    response.raise_for_status()
  File "/Users/i/Library/Python/3.9/lib/python/site-packages/requests/models.py", line 1024, in raise_for_status
    raise HTTPError(http_error_msg, response=self)
requests.exceptions.HTTPError: 400 Client Error: Bad Request for url: https://backup.supersami.com/api/backup/scraping-job/
2025-04-18 00:01:15,996 - sitescrapers.management.commands.sync_jobs_to_sdb - ERROR - [sync_jobs_to_sdb.py:155] -   Response status: 400
2025-04-18 00:01:15,996 - sitescrapers.management.commands.sync_jobs_to_sdb - ERROR - [sync_jobs_to_sdb.py:156] -   Response text: {"primary_key":["Scraping Job with this primary key already exists."]}
2025-04-18 00:01:17,056 - sitescrapers.management.commands.sync_jobs_to_sdb - ERROR - [sync_jobs_to_sdb.py:150] - Failed to sync ScrapingJob PK=369: 400 Client Error: Bad Request for url: https://backup.supersami.com/api/backup/scraping-job/
Traceback (most recent call last):
  File "/Users/i/Documents/work/scraper/sitescrapers/management/commands/sync_jobs_to_sdb.py", line 127, in handle
    response.raise_for_status()
  File "/Users/i/Library/Python/3.9/lib/python/site-packages/requests/models.py", line 1024, in raise_for_status
    raise HTTPError(http_error_msg, response=self)
requests.exceptions.HTTPError: 400 Client Error: Bad Request for url: https://backup.supersami.com/api/backup/scraping-job/
2025-04-18 00:01:17,056 - sitescrapers.management.commands.sync_jobs_to_sdb - ERROR - [sync_jobs_to_sdb.py:155] -   Response status: 400
2025-04-18 00:01:17,056 - sitescrapers.management.commands.sync_jobs_to_sdb - ERROR - [sync_jobs_to_sdb.py:156] -   Response text: {"primary_key":["Scraping Job with this primary key already exists."]}
2025-04-18 00:01:18,070 - sitescrapers.management.commands.sync_jobs_to_sdb - ERROR - [sync_jobs_to_sdb.py:150] - Failed to sync ScrapingJob PK=370: 400 Client Error: Bad Request for url: https://backup.supersami.com/api/backup/scraping-job/
Traceback (most recent call last):
  File "/Users/i/Documents/work/scraper/sitescrapers/management/commands/sync_jobs_to_sdb.py", line 127, in handle
    response.raise_for_status()
  File "/Users/i/Library/Python/3.9/lib/python/site-packages/requests/models.py", line 1024, in raise_for_status
    raise HTTPError(http_error_msg, response=self)
requests.exceptions.HTTPError: 400 Client Error: Bad Request for url: https://backup.supersami.com/api/backup/scraping-job/
2025-04-18 00:01:18,071 - sitescrapers.management.commands.sync_jobs_to_sdb - ERROR - [sync_jobs_to_sdb.py:155] -   Response status: 400
2025-04-18 00:01:18,071 - sitescrapers.management.commands.sync_jobs_to_sdb - ERROR - [sync_jobs_to_sdb.py:156] -   Response text: {"primary_key":["Scraping Job with this primary key already exists."]}
2025-04-18 00:01:19,323 - sitescrapers.management.commands.sync_jobs_to_sdb - ERROR - [sync_jobs_to_sdb.py:150] - Failed to sync ScrapingJob PK=371: 400 Client Error: Bad Request for url: https://backup.supersami.com/api/backup/scraping-job/
Traceback (most recent call last):
  File "/Users/i/Documents/work/scraper/sitescrapers/management/commands/sync_jobs_to_sdb.py", line 127, in handle
    response.raise_for_status()
  File "/Users/i/Library/Python/3.9/lib/python/site-packages/requests/models.py", line 1024, in raise_for_status
    raise HTTPError(http_error_msg, response=self)
requests.exceptions.HTTPError: 400 Client Error: Bad Request for url: https://backup.supersami.com/api/backup/scraping-job/
2025-04-18 00:01:19,324 - sitescrapers.management.commands.sync_jobs_to_sdb - ERROR - [sync_jobs_to_sdb.py:155] -   Response status: 400
2025-04-18 00:01:19,324 - sitescrapers.management.commands.sync_jobs_to_sdb - ERROR - [sync_jobs_to_sdb.py:156] -   Response text: {"primary_key":["Scraping Job with this primary key already exists."]}
2025-04-18 00:01:21,674 - sitescrapers.management.commands.sync_jobs_to_sdb - ERROR - [sync_jobs_to_sdb.py:150] - Failed to sync ScrapingJob PK=372: 400 Client Error: Bad Request for url: https://backup.supersami.com/api/backup/scraping-job/
Traceback (most recent call last):
  File "/Users/i/Documents/work/scraper/sitescrapers/management/commands/sync_jobs_to_sdb.py", line 127, in handle
    response.raise_for_status()
  File "/Users/i/Library/Python/3.9/lib/python/site-packages/requests/models.py", line 1024, in raise_for_status
    raise HTTPError(http_error_msg, response=self)
requests.exceptions.HTTPError: 400 Client Error: Bad Request for url: https://backup.supersami.com/api/backup/scraping-job/
2025-04-18 00:01:21,675 - sitescrapers.management.commands.sync_jobs_to_sdb - ERROR - [sync_jobs_to_sdb.py:155] -   Response status: 400
2025-04-18 00:01:21,676 - sitescrapers.management.commands.sync_jobs_to_sdb - ERROR - [sync_jobs_to_sdb.py:156] -   Response text: {"primary_key":["Scraping Job with this primary key already exists."]}
2025-04-18 00:01:22,681 - sitescrapers.management.commands.sync_jobs_to_sdb - ERROR - [sync_jobs_to_sdb.py:150] - Failed to sync ScrapingJob PK=373: 400 Client Error: Bad Request for url: https://backup.supersami.com/api/backup/scraping-job/
Traceback (most recent call last):
  File "/Users/i/Documents/work/scraper/sitescrapers/management/commands/sync_jobs_to_sdb.py", line 127, in handle
    response.raise_for_status()
  File "/Users/i/Library/Python/3.9/lib/python/site-packages/requests/models.py", line 1024, in raise_for_status
    raise HTTPError(http_error_msg, response=self)
requests.exceptions.HTTPError: 400 Client Error: Bad Request for url: https://backup.supersami.com/api/backup/scraping-job/
2025-04-18 00:01:22,681 - sitescrapers.management.commands.sync_jobs_to_sdb - ERROR - [sync_jobs_to_sdb.py:155] -   Response status: 400
2025-04-18 00:01:22,681 - sitescrapers.management.commands.sync_jobs_to_sdb - ERROR - [sync_jobs_to_sdb.py:156] -   Response text: {"primary_key":["Scraping Job with this primary key already exists."]}
2025-04-18 00:01:23,665 - sitescrapers.management.commands.sync_jobs_to_sdb - ERROR - [sync_jobs_to_sdb.py:150] - Failed to sync ScrapingJob PK=374: 400 Client Error: Bad Request for url: https://backup.supersami.com/api/backup/scraping-job/
Traceback (most recent call last):
  File "/Users/i/Documents/work/scraper/sitescrapers/management/commands/sync_jobs_to_sdb.py", line 127, in handle
    response.raise_for_status()
  File "/Users/i/Library/Python/3.9/lib/python/site-packages/requests/models.py", line 1024, in raise_for_status
    raise HTTPError(http_error_msg, response=self)
requests.exceptions.HTTPError: 400 Client Error: Bad Request for url: https://backup.supersami.com/api/backup/scraping-job/
2025-04-18 00:01:23,665 - sitescrapers.management.commands.sync_jobs_to_sdb - ERROR - [sync_jobs_to_sdb.py:155] -   Response status: 400
2025-04-18 00:01:23,665 - sitescrapers.management.commands.sync_jobs_to_sdb - ERROR - [sync_jobs_to_sdb.py:156] -   Response text: {"primary_key":["Scraping Job with this primary key already exists."]}
2025-04-18 00:01:24,687 - sitescrapers.management.commands.sync_jobs_to_sdb - ERROR - [sync_jobs_to_sdb.py:150] - Failed to sync ScrapingJob PK=375: 400 Client Error: Bad Request for url: https://backup.supersami.com/api/backup/scraping-job/
Traceback (most recent call last):
  File "/Users/i/Documents/work/scraper/sitescrapers/management/commands/sync_jobs_to_sdb.py", line 127, in handle
    response.raise_for_status()
  File "/Users/i/Library/Python/3.9/lib/python/site-packages/requests/models.py", line 1024, in raise_for_status
    raise HTTPError(http_error_msg, response=self)
requests.exceptions.HTTPError: 400 Client Error: Bad Request for url: https://backup.supersami.com/api/backup/scraping-job/
2025-04-18 00:01:24,687 - sitescrapers.management.commands.sync_jobs_to_sdb - ERROR - [sync_jobs_to_sdb.py:155] -   Response status: 400
2025-04-18 00:01:24,687 - sitescrapers.management.commands.sync_jobs_to_sdb - ERROR - [sync_jobs_to_sdb.py:156] -   Response text: {"primary_key":["Scraping Job with this primary key already exists."]}
2025-04-18 00:01:25,647 - sitescrapers.management.commands.sync_jobs_to_sdb - ERROR - [sync_jobs_to_sdb.py:150] - Failed to sync ScrapingJob PK=376: 400 Client Error: Bad Request for url: https://backup.supersami.com/api/backup/scraping-job/
Traceback (most recent call last):
  File "/Users/i/Documents/work/scraper/sitescrapers/management/commands/sync_jobs_to_sdb.py", line 127, in handle
    response.raise_for_status()
  File "/Users/i/Library/Python/3.9/lib/python/site-packages/requests/models.py", line 1024, in raise_for_status
    raise HTTPError(http_error_msg, response=self)
requests.exceptions.HTTPError: 400 Client Error: Bad Request for url: https://backup.supersami.com/api/backup/scraping-job/
2025-04-18 00:01:25,648 - sitescrapers.management.commands.sync_jobs_to_sdb - ERROR - [sync_jobs_to_sdb.py:155] -   Response status: 400
2025-04-18 00:01:25,648 - sitescrapers.management.commands.sync_jobs_to_sdb - ERROR - [sync_jobs_to_sdb.py:156] -   Response text: {"primary_key":["Scraping Job with this primary key already exists."]}
2025-04-18 00:01:26,695 - sitescrapers.management.commands.sync_jobs_to_sdb - ERROR - [sync_jobs_to_sdb.py:150] - Failed to sync ScrapingJob PK=377: 400 Client Error: Bad Request for url: https://backup.supersami.com/api/backup/scraping-job/
Traceback (most recent call last):
  File "/Users/i/Documents/work/scraper/sitescrapers/management/commands/sync_jobs_to_sdb.py", line 127, in handle
    response.raise_for_status()
  File "/Users/i/Library/Python/3.9/lib/python/site-packages/requests/models.py", line 1024, in raise_for_status
    raise HTTPError(http_error_msg, response=self)
requests.exceptions.HTTPError: 400 Client Error: Bad Request for url: https://backup.supersami.com/api/backup/scraping-job/
2025-04-18 00:01:26,696 - sitescrapers.management.commands.sync_jobs_to_sdb - ERROR - [sync_jobs_to_sdb.py:155] -   Response status: 400
2025-04-18 00:01:26,696 - sitescrapers.management.commands.sync_jobs_to_sdb - ERROR - [sync_jobs_to_sdb.py:156] -   Response text: {"primary_key":["Scraping Job with this primary key already exists."]}
2025-04-18 00:01:27,665 - sitescrapers.management.commands.sync_jobs_to_sdb - ERROR - [sync_jobs_to_sdb.py:150] - Failed to sync ScrapingJob PK=378: 400 Client Error: Bad Request for url: https://backup.supersami.com/api/backup/scraping-job/
Traceback (most recent call last):
  File "/Users/i/Documents/work/scraper/sitescrapers/management/commands/sync_jobs_to_sdb.py", line 127, in handle
    response.raise_for_status()
  File "/Users/i/Library/Python/3.9/lib/python/site-packages/requests/models.py", line 1024, in raise_for_status
    raise HTTPError(http_error_msg, response=self)
requests.exceptions.HTTPError: 400 Client Error: Bad Request for url: https://backup.supersami.com/api/backup/scraping-job/
2025-04-18 00:01:27,665 - sitescrapers.management.commands.sync_jobs_to_sdb - ERROR - [sync_jobs_to_sdb.py:155] -   Response status: 400
2025-04-18 00:01:27,665 - sitescrapers.management.commands.sync_jobs_to_sdb - ERROR - [sync_jobs_to_sdb.py:156] -   Response text: {"primary_key":["Scraping Job with this primary key already exists."]}
2025-04-18 00:01:28,673 - sitescrapers.management.commands.sync_jobs_to_sdb - ERROR - [sync_jobs_to_sdb.py:150] - Failed to sync ScrapingJob PK=379: 400 Client Error: Bad Request for url: https://backup.supersami.com/api/backup/scraping-job/
Traceback (most recent call last):
  File "/Users/i/Documents/work/scraper/sitescrapers/management/commands/sync_jobs_to_sdb.py", line 127, in handle
    response.raise_for_status()
  File "/Users/i/Library/Python/3.9/lib/python/site-packages/requests/models.py", line 1024, in raise_for_status
    raise HTTPError(http_error_msg, response=self)
requests.exceptions.HTTPError: 400 Client Error: Bad Request for url: https://backup.supersami.com/api/backup/scraping-job/
2025-04-18 00:01:28,673 - sitescrapers.management.commands.sync_jobs_to_sdb - ERROR - [sync_jobs_to_sdb.py:155] -   Response status: 400
2025-04-18 00:01:28,673 - sitescrapers.management.commands.sync_jobs_to_sdb - ERROR - [sync_jobs_to_sdb.py:156] -   Response text: {"primary_key":["Scraping Job with this primary key already exists."]}
2025-04-18 00:01:29,655 - sitescrapers.management.commands.sync_jobs_to_sdb - ERROR - [sync_jobs_to_sdb.py:150] - Failed to sync ScrapingJob PK=380: 400 Client Error: Bad Request for url: https://backup.supersami.com/api/backup/scraping-job/
Traceback (most recent call last):
  File "/Users/i/Documents/work/scraper/sitescrapers/management/commands/sync_jobs_to_sdb.py", line 127, in handle
    response.raise_for_status()
  File "/Users/i/Library/Python/3.9/lib/python/site-packages/requests/models.py", line 1024, in raise_for_status
    raise HTTPError(http_error_msg, response=self)
requests.exceptions.HTTPError: 400 Client Error: Bad Request for url: https://backup.supersami.com/api/backup/scraping-job/
2025-04-18 00:01:29,655 - sitescrapers.management.commands.sync_jobs_to_sdb - ERROR - [sync_jobs_to_sdb.py:155] -   Response status: 400
2025-04-18 00:01:29,655 - sitescrapers.management.commands.sync_jobs_to_sdb - ERROR - [sync_jobs_to_sdb.py:156] -   Response text: {"primary_key":["Scraping Job with this primary key already exists."]}
2025-04-18 00:01:30,679 - sitescrapers.management.commands.sync_jobs_to_sdb - ERROR - [sync_jobs_to_sdb.py:150] - Failed to sync ScrapingJob PK=381: 400 Client Error: Bad Request for url: https://backup.supersami.com/api/backup/scraping-job/
Traceback (most recent call last):
  File "/Users/i/Documents/work/scraper/sitescrapers/management/commands/sync_jobs_to_sdb.py", line 127, in handle
    response.raise_for_status()
  File "/Users/i/Library/Python/3.9/lib/python/site-packages/requests/models.py", line 1024, in raise_for_status
    raise HTTPError(http_error_msg, response=self)
requests.exceptions.HTTPError: 400 Client Error: Bad Request for url: https://backup.supersami.com/api/backup/scraping-job/
2025-04-18 00:01:30,680 - sitescrapers.management.commands.sync_jobs_to_sdb - ERROR - [sync_jobs_to_sdb.py:155] -   Response status: 400
2025-04-18 00:01:30,680 - sitescrapers.management.commands.sync_jobs_to_sdb - ERROR - [sync_jobs_to_sdb.py:156] -   Response text: {"primary_key":["Scraping Job with this primary key already exists."]}
2025-04-18 00:01:31,652 - sitescrapers.management.commands.sync_jobs_to_sdb - ERROR - [sync_jobs_to_sdb.py:150] - Failed to sync ScrapingJob PK=382: 400 Client Error: Bad Request for url: https://backup.supersami.com/api/backup/scraping-job/
Traceback (most recent call last):
  File "/Users/i/Documents/work/scraper/sitescrapers/management/commands/sync_jobs_to_sdb.py", line 127, in handle
    response.raise_for_status()
  File "/Users/i/Library/Python/3.9/lib/python/site-packages/requests/models.py", line 1024, in raise_for_status
    raise HTTPError(http_error_msg, response=self)
requests.exceptions.HTTPError: 400 Client Error: Bad Request for url: https://backup.supersami.com/api/backup/scraping-job/
2025-04-18 00:01:31,653 - sitescrapers.management.commands.sync_jobs_to_sdb - ERROR - [sync_jobs_to_sdb.py:155] -   Response status: 400
2025-04-18 00:01:31,653 - sitescrapers.management.commands.sync_jobs_to_sdb - ERROR - [sync_jobs_to_sdb.py:156] -   Response text: {"primary_key":["Scraping Job with this primary key already exists."]}
2025-04-18 00:01:32,627 - sitescrapers.management.commands.sync_jobs_to_sdb - ERROR - [sync_jobs_to_sdb.py:150] - Failed to sync ScrapingJob PK=383: 400 Client Error: Bad Request for url: https://backup.supersami.com/api/backup/scraping-job/
Traceback (most recent call last):
  File "/Users/i/Documents/work/scraper/sitescrapers/management/commands/sync_jobs_to_sdb.py", line 127, in handle
    response.raise_for_status()
  File "/Users/i/Library/Python/3.9/lib/python/site-packages/requests/models.py", line 1024, in raise_for_status
    raise HTTPError(http_error_msg, response=self)
requests.exceptions.HTTPError: 400 Client Error: Bad Request for url: https://backup.supersami.com/api/backup/scraping-job/
2025-04-18 00:01:32,628 - sitescrapers.management.commands.sync_jobs_to_sdb - ERROR - [sync_jobs_to_sdb.py:155] -   Response status: 400
2025-04-18 00:01:32,629 - sitescrapers.management.commands.sync_jobs_to_sdb - ERROR - [sync_jobs_to_sdb.py:156] -   Response text: {"primary_key":["Scraping Job with this primary key already exists."]}
2025-04-18 00:01:33,576 - sitescrapers.management.commands.sync_jobs_to_sdb - ERROR - [sync_jobs_to_sdb.py:150] - Failed to sync ScrapingJob PK=384: 400 Client Error: Bad Request for url: https://backup.supersami.com/api/backup/scraping-job/
Traceback (most recent call last):
  File "/Users/i/Documents/work/scraper/sitescrapers/management/commands/sync_jobs_to_sdb.py", line 127, in handle
    response.raise_for_status()
  File "/Users/i/Library/Python/3.9/lib/python/site-packages/requests/models.py", line 1024, in raise_for_status
    raise HTTPError(http_error_msg, response=self)
requests.exceptions.HTTPError: 400 Client Error: Bad Request for url: https://backup.supersami.com/api/backup/scraping-job/
2025-04-18 00:01:33,576 - sitescrapers.management.commands.sync_jobs_to_sdb - ERROR - [sync_jobs_to_sdb.py:155] -   Response status: 400
2025-04-18 00:01:33,576 - sitescrapers.management.commands.sync_jobs_to_sdb - ERROR - [sync_jobs_to_sdb.py:156] -   Response text: {"primary_key":["Scraping Job with this primary key already exists."]}
2025-04-18 00:01:34,547 - sitescrapers.management.commands.sync_jobs_to_sdb - ERROR - [sync_jobs_to_sdb.py:150] - Failed to sync ScrapingJob PK=385: 400 Client Error: Bad Request for url: https://backup.supersami.com/api/backup/scraping-job/
Traceback (most recent call last):
  File "/Users/i/Documents/work/scraper/sitescrapers/management/commands/sync_jobs_to_sdb.py", line 127, in handle
    response.raise_for_status()
  File "/Users/i/Library/Python/3.9/lib/python/site-packages/requests/models.py", line 1024, in raise_for_status
    raise HTTPError(http_error_msg, response=self)
requests.exceptions.HTTPError: 400 Client Error: Bad Request for url: https://backup.supersami.com/api/backup/scraping-job/
2025-04-18 00:01:34,547 - sitescrapers.management.commands.sync_jobs_to_sdb - ERROR - [sync_jobs_to_sdb.py:155] -   Response status: 400
2025-04-18 00:01:34,547 - sitescrapers.management.commands.sync_jobs_to_sdb - ERROR - [sync_jobs_to_sdb.py:156] -   Response text: {"primary_key":["Scraping Job with this primary key already exists."]}
2025-04-18 00:01:35,501 - sitescrapers.management.commands.sync_jobs_to_sdb - ERROR - [sync_jobs_to_sdb.py:150] - Failed to sync ScrapingJob PK=386: 400 Client Error: Bad Request for url: https://backup.supersami.com/api/backup/scraping-job/
Traceback (most recent call last):
  File "/Users/i/Documents/work/scraper/sitescrapers/management/commands/sync_jobs_to_sdb.py", line 127, in handle
    response.raise_for_status()
  File "/Users/i/Library/Python/3.9/lib/python/site-packages/requests/models.py", line 1024, in raise_for_status
    raise HTTPError(http_error_msg, response=self)
requests.exceptions.HTTPError: 400 Client Error: Bad Request for url: https://backup.supersami.com/api/backup/scraping-job/
2025-04-18 00:01:35,502 - sitescrapers.management.commands.sync_jobs_to_sdb - ERROR - [sync_jobs_to_sdb.py:155] -   Response status: 400
2025-04-18 00:01:35,502 - sitescrapers.management.commands.sync_jobs_to_sdb - ERROR - [sync_jobs_to_sdb.py:156] -   Response text: {"primary_key":["Scraping Job with this primary key already exists."]}
2025-04-18 00:01:36,442 - sitescrapers.management.commands.sync_jobs_to_sdb - ERROR - [sync_jobs_to_sdb.py:150] - Failed to sync ScrapingJob PK=387: 400 Client Error: Bad Request for url: https://backup.supersami.com/api/backup/scraping-job/
Traceback (most recent call last):
  File "/Users/i/Documents/work/scraper/sitescrapers/management/commands/sync_jobs_to_sdb.py", line 127, in handle
    response.raise_for_status()
  File "/Users/i/Library/Python/3.9/lib/python/site-packages/requests/models.py", line 1024, in raise_for_status
    raise HTTPError(http_error_msg, response=self)
requests.exceptions.HTTPError: 400 Client Error: Bad Request for url: https://backup.supersami.com/api/backup/scraping-job/
2025-04-18 00:01:36,444 - sitescrapers.management.commands.sync_jobs_to_sdb - ERROR - [sync_jobs_to_sdb.py:155] -   Response status: 400
2025-04-18 00:01:36,444 - sitescrapers.management.commands.sync_jobs_to_sdb - ERROR - [sync_jobs_to_sdb.py:156] -   Response text: {"primary_key":["Scraping Job with this primary key already exists."]}
2025-04-18 00:01:37,412 - sitescrapers.management.commands.sync_jobs_to_sdb - ERROR - [sync_jobs_to_sdb.py:150] - Failed to sync ScrapingJob PK=388: 400 Client Error: Bad Request for url: https://backup.supersami.com/api/backup/scraping-job/
Traceback (most recent call last):
  File "/Users/i/Documents/work/scraper/sitescrapers/management/commands/sync_jobs_to_sdb.py", line 127, in handle
    response.raise_for_status()
  File "/Users/i/Library/Python/3.9/lib/python/site-packages/requests/models.py", line 1024, in raise_for_status
    raise HTTPError(http_error_msg, response=self)
requests.exceptions.HTTPError: 400 Client Error: Bad Request for url: https://backup.supersami.com/api/backup/scraping-job/
2025-04-18 00:01:37,413 - sitescrapers.management.commands.sync_jobs_to_sdb - ERROR - [sync_jobs_to_sdb.py:155] -   Response status: 400
2025-04-18 00:01:37,413 - sitescrapers.management.commands.sync_jobs_to_sdb - ERROR - [sync_jobs_to_sdb.py:156] -   Response text: {"primary_key":["Scraping Job with this primary key already exists."]}
2025-04-18 00:01:38,755 - sitescrapers.management.commands.sync_jobs_to_sdb - ERROR - [sync_jobs_to_sdb.py:150] - Failed to sync ScrapingJob PK=389: 400 Client Error: Bad Request for url: https://backup.supersami.com/api/backup/scraping-job/
Traceback (most recent call last):
  File "/Users/i/Documents/work/scraper/sitescrapers/management/commands/sync_jobs_to_sdb.py", line 127, in handle
    response.raise_for_status()
  File "/Users/i/Library/Python/3.9/lib/python/site-packages/requests/models.py", line 1024, in raise_for_status
    raise HTTPError(http_error_msg, response=self)
requests.exceptions.HTTPError: 400 Client Error: Bad Request for url: https://backup.supersami.com/api/backup/scraping-job/
2025-04-18 00:01:38,756 - sitescrapers.management.commands.sync_jobs_to_sdb - ERROR - [sync_jobs_to_sdb.py:155] -   Response status: 400
2025-04-18 00:01:38,756 - sitescrapers.management.commands.sync_jobs_to_sdb - ERROR - [sync_jobs_to_sdb.py:156] -   Response text: {"primary_key":["Scraping Job with this primary key already exists."]}
2025-04-18 00:01:39,765 - sitescrapers.management.commands.sync_jobs_to_sdb - ERROR - [sync_jobs_to_sdb.py:150] - Failed to sync ScrapingJob PK=390: 400 Client Error: Bad Request for url: https://backup.supersami.com/api/backup/scraping-job/
Traceback (most recent call last):
  File "/Users/i/Documents/work/scraper/sitescrapers/management/commands/sync_jobs_to_sdb.py", line 127, in handle
    response.raise_for_status()
  File "/Users/i/Library/Python/3.9/lib/python/site-packages/requests/models.py", line 1024, in raise_for_status
    raise HTTPError(http_error_msg, response=self)
requests.exceptions.HTTPError: 400 Client Error: Bad Request for url: https://backup.supersami.com/api/backup/scraping-job/
2025-04-18 00:01:39,766 - sitescrapers.management.commands.sync_jobs_to_sdb - ERROR - [sync_jobs_to_sdb.py:155] -   Response status: 400
2025-04-18 00:01:39,766 - sitescrapers.management.commands.sync_jobs_to_sdb - ERROR - [sync_jobs_to_sdb.py:156] -   Response text: {"primary_key":["Scraping Job with this primary key already exists."]}
2025-04-18 00:01:40,762 - sitescrapers.management.commands.sync_jobs_to_sdb - ERROR - [sync_jobs_to_sdb.py:150] - Failed to sync ScrapingJob PK=391: 400 Client Error: Bad Request for url: https://backup.supersami.com/api/backup/scraping-job/
Traceback (most recent call last):
  File "/Users/i/Documents/work/scraper/sitescrapers/management/commands/sync_jobs_to_sdb.py", line 127, in handle
    response.raise_for_status()
  File "/Users/i/Library/Python/3.9/lib/python/site-packages/requests/models.py", line 1024, in raise_for_status
    raise HTTPError(http_error_msg, response=self)
requests.exceptions.HTTPError: 400 Client Error: Bad Request for url: https://backup.supersami.com/api/backup/scraping-job/
2025-04-18 00:01:40,762 - sitescrapers.management.commands.sync_jobs_to_sdb - ERROR - [sync_jobs_to_sdb.py:155] -   Response status: 400
2025-04-18 00:01:40,762 - sitescrapers.management.commands.sync_jobs_to_sdb - ERROR - [sync_jobs_to_sdb.py:156] -   Response text: {"primary_key":["Scraping Job with this primary key already exists."]}
2025-04-18 00:01:41,716 - sitescrapers.management.commands.sync_jobs_to_sdb - ERROR - [sync_jobs_to_sdb.py:150] - Failed to sync ScrapingJob PK=392: 400 Client Error: Bad Request for url: https://backup.supersami.com/api/backup/scraping-job/
Traceback (most recent call last):
  File "/Users/i/Documents/work/scraper/sitescrapers/management/commands/sync_jobs_to_sdb.py", line 127, in handle
    response.raise_for_status()
  File "/Users/i/Library/Python/3.9/lib/python/site-packages/requests/models.py", line 1024, in raise_for_status
    raise HTTPError(http_error_msg, response=self)
requests.exceptions.HTTPError: 400 Client Error: Bad Request for url: https://backup.supersami.com/api/backup/scraping-job/
2025-04-18 00:01:41,717 - sitescrapers.management.commands.sync_jobs_to_sdb - ERROR - [sync_jobs_to_sdb.py:155] -   Response status: 400
2025-04-18 00:01:41,717 - sitescrapers.management.commands.sync_jobs_to_sdb - ERROR - [sync_jobs_to_sdb.py:156] -   Response text: {"primary_key":["Scraping Job with this primary key already exists."]}
2025-04-18 00:01:42,679 - sitescrapers.management.commands.sync_jobs_to_sdb - ERROR - [sync_jobs_to_sdb.py:150] - Failed to sync ScrapingJob PK=393: 400 Client Error: Bad Request for url: https://backup.supersami.com/api/backup/scraping-job/
Traceback (most recent call last):
  File "/Users/i/Documents/work/scraper/sitescrapers/management/commands/sync_jobs_to_sdb.py", line 127, in handle
    response.raise_for_status()
  File "/Users/i/Library/Python/3.9/lib/python/site-packages/requests/models.py", line 1024, in raise_for_status
    raise HTTPError(http_error_msg, response=self)
requests.exceptions.HTTPError: 400 Client Error: Bad Request for url: https://backup.supersami.com/api/backup/scraping-job/
2025-04-18 00:01:42,682 - sitescrapers.management.commands.sync_jobs_to_sdb - ERROR - [sync_jobs_to_sdb.py:155] -   Response status: 400
2025-04-18 00:01:42,682 - sitescrapers.management.commands.sync_jobs_to_sdb - ERROR - [sync_jobs_to_sdb.py:156] -   Response text: {"primary_key":["Scraping Job with this primary key already exists."]}
2025-04-18 00:01:43,667 - sitescrapers.management.commands.sync_jobs_to_sdb - ERROR - [sync_jobs_to_sdb.py:150] - Failed to sync ScrapingJob PK=394: 400 Client Error: Bad Request for url: https://backup.supersami.com/api/backup/scraping-job/
Traceback (most recent call last):
  File "/Users/i/Documents/work/scraper/sitescrapers/management/commands/sync_jobs_to_sdb.py", line 127, in handle
    response.raise_for_status()
  File "/Users/i/Library/Python/3.9/lib/python/site-packages/requests/models.py", line 1024, in raise_for_status
    raise HTTPError(http_error_msg, response=self)
requests.exceptions.HTTPError: 400 Client Error: Bad Request for url: https://backup.supersami.com/api/backup/scraping-job/
2025-04-18 00:01:43,667 - sitescrapers.management.commands.sync_jobs_to_sdb - ERROR - [sync_jobs_to_sdb.py:155] -   Response status: 400
2025-04-18 00:01:43,667 - sitescrapers.management.commands.sync_jobs_to_sdb - ERROR - [sync_jobs_to_sdb.py:156] -   Response text: {"primary_key":["Scraping Job with this primary key already exists."]}
2025-04-18 00:01:44,643 - sitescrapers.management.commands.sync_jobs_to_sdb - ERROR - [sync_jobs_to_sdb.py:150] - Failed to sync ScrapingJob PK=395: 400 Client Error: Bad Request for url: https://backup.supersami.com/api/backup/scraping-job/
Traceback (most recent call last):
  File "/Users/i/Documents/work/scraper/sitescrapers/management/commands/sync_jobs_to_sdb.py", line 127, in handle
    response.raise_for_status()
  File "/Users/i/Library/Python/3.9/lib/python/site-packages/requests/models.py", line 1024, in raise_for_status
    raise HTTPError(http_error_msg, response=self)
requests.exceptions.HTTPError: 400 Client Error: Bad Request for url: https://backup.supersami.com/api/backup/scraping-job/
2025-04-18 00:01:44,643 - sitescrapers.management.commands.sync_jobs_to_sdb - ERROR - [sync_jobs_to_sdb.py:155] -   Response status: 400
2025-04-18 00:01:44,644 - sitescrapers.management.commands.sync_jobs_to_sdb - ERROR - [sync_jobs_to_sdb.py:156] -   Response text: {"primary_key":["Scraping Job with this primary key already exists."]}
2025-04-18 00:01:45,598 - sitescrapers.management.commands.sync_jobs_to_sdb - ERROR - [sync_jobs_to_sdb.py:150] - Failed to sync ScrapingJob PK=396: 400 Client Error: Bad Request for url: https://backup.supersami.com/api/backup/scraping-job/
Traceback (most recent call last):
  File "/Users/i/Documents/work/scraper/sitescrapers/management/commands/sync_jobs_to_sdb.py", line 127, in handle
    response.raise_for_status()
  File "/Users/i/Library/Python/3.9/lib/python/site-packages/requests/models.py", line 1024, in raise_for_status
    raise HTTPError(http_error_msg, response=self)
requests.exceptions.HTTPError: 400 Client Error: Bad Request for url: https://backup.supersami.com/api/backup/scraping-job/
2025-04-18 00:01:45,598 - sitescrapers.management.commands.sync_jobs_to_sdb - ERROR - [sync_jobs_to_sdb.py:155] -   Response status: 400
2025-04-18 00:01:45,598 - sitescrapers.management.commands.sync_jobs_to_sdb - ERROR - [sync_jobs_to_sdb.py:156] -   Response text: {"primary_key":["Scraping Job with this primary key already exists."]}
2025-04-18 00:01:46,603 - sitescrapers.management.commands.sync_jobs_to_sdb - ERROR - [sync_jobs_to_sdb.py:150] - Failed to sync ScrapingJob PK=397: 400 Client Error: Bad Request for url: https://backup.supersami.com/api/backup/scraping-job/
Traceback (most recent call last):
  File "/Users/i/Documents/work/scraper/sitescrapers/management/commands/sync_jobs_to_sdb.py", line 127, in handle
    response.raise_for_status()
  File "/Users/i/Library/Python/3.9/lib/python/site-packages/requests/models.py", line 1024, in raise_for_status
    raise HTTPError(http_error_msg, response=self)
requests.exceptions.HTTPError: 400 Client Error: Bad Request for url: https://backup.supersami.com/api/backup/scraping-job/
2025-04-18 00:01:46,603 - sitescrapers.management.commands.sync_jobs_to_sdb - ERROR - [sync_jobs_to_sdb.py:155] -   Response status: 400
2025-04-18 00:01:46,603 - sitescrapers.management.commands.sync_jobs_to_sdb - ERROR - [sync_jobs_to_sdb.py:156] -   Response text: {"primary_key":["Scraping Job with this primary key already exists."]}
2025-04-18 00:01:47,720 - sitescrapers.management.commands.sync_jobs_to_sdb - ERROR - [sync_jobs_to_sdb.py:150] - Failed to sync ScrapingJob PK=398: 400 Client Error: Bad Request for url: https://backup.supersami.com/api/backup/scraping-job/
Traceback (most recent call last):
  File "/Users/i/Documents/work/scraper/sitescrapers/management/commands/sync_jobs_to_sdb.py", line 127, in handle
    response.raise_for_status()
  File "/Users/i/Library/Python/3.9/lib/python/site-packages/requests/models.py", line 1024, in raise_for_status
    raise HTTPError(http_error_msg, response=self)
requests.exceptions.HTTPError: 400 Client Error: Bad Request for url: https://backup.supersami.com/api/backup/scraping-job/
2025-04-18 00:01:47,722 - sitescrapers.management.commands.sync_jobs_to_sdb - ERROR - [sync_jobs_to_sdb.py:155] -   Response status: 400
2025-04-18 00:01:47,722 - sitescrapers.management.commands.sync_jobs_to_sdb - ERROR - [sync_jobs_to_sdb.py:156] -   Response text: {"primary_key":["Scraping Job with this primary key already exists."]}
2025-04-18 12:15:58,784 - sitescrapers.management.commands.sync_jobs_to_sdb - ERROR - [sync_jobs_to_sdb.py:150] - Failed to sync ScrapingJob PK=287: HTTPSConnectionPool(host='backup.supersami.com', port=443): Read timed out. (read timeout=30)
Traceback (most recent call last):
  File "/Users/i/Library/Python/3.9/lib/python/site-packages/urllib3/connectionpool.py", line 404, in _make_request
    self._validate_conn(conn)
  File "/Users/i/Library/Python/3.9/lib/python/site-packages/urllib3/connectionpool.py", line 1060, in _validate_conn
    conn.connect()
  File "/Users/i/Library/Python/3.9/lib/python/site-packages/urllib3/connection.py", line 419, in connect
    self.sock = ssl_wrap_socket(
  File "/Users/i/Library/Python/3.9/lib/python/site-packages/urllib3/util/ssl_.py", line 449, in ssl_wrap_socket
    ssl_sock = _ssl_wrap_socket_impl(
  File "/Users/i/Library/Python/3.9/lib/python/site-packages/urllib3/util/ssl_.py", line 493, in _ssl_wrap_socket_impl
    return ssl_context.wrap_socket(sock, server_hostname=server_hostname)
  File "/Library/Developer/CommandLineTools/Library/Frameworks/Python3.framework/Versions/3.9/lib/python3.9/ssl.py", line 500, in wrap_socket
    return self.sslsocket_class._create(
  File "/Library/Developer/CommandLineTools/Library/Frameworks/Python3.framework/Versions/3.9/lib/python3.9/ssl.py", line 1040, in _create
    self.do_handshake()
  File "/Library/Developer/CommandLineTools/Library/Frameworks/Python3.framework/Versions/3.9/lib/python3.9/ssl.py", line 1309, in do_handshake
    self._sslobj.do_handshake()
socket.timeout: _ssl.c:1112: The handshake operation timed out

During handling of the above exception, another exception occurred:

Traceback (most recent call last):
  File "/Users/i/Library/Python/3.9/lib/python/site-packages/requests/adapters.py", line 667, in send
    resp = conn.urlopen(
  File "/Users/i/Library/Python/3.9/lib/python/site-packages/urllib3/connectionpool.py", line 801, in urlopen
    retries = retries.increment(
  File "/Users/i/Library/Python/3.9/lib/python/site-packages/urllib3/util/retry.py", line 552, in increment
    raise six.reraise(type(error), error, _stacktrace)
  File "/Users/i/Library/Python/3.9/lib/python/site-packages/urllib3/packages/six.py", line 770, in reraise
    raise value
  File "/Users/i/Library/Python/3.9/lib/python/site-packages/urllib3/connectionpool.py", line 715, in urlopen
    httplib_response = self._make_request(
  File "/Users/i/Library/Python/3.9/lib/python/site-packages/urllib3/connectionpool.py", line 407, in _make_request
    self._raise_timeout(err=e, url=url, timeout_value=conn.timeout)
  File "/Users/i/Library/Python/3.9/lib/python/site-packages/urllib3/connectionpool.py", line 358, in _raise_timeout
    raise ReadTimeoutError(
urllib3.exceptions.ReadTimeoutError: HTTPSConnectionPool(host='backup.supersami.com', port=443): Read timed out. (read timeout=30)

During handling of the above exception, another exception occurred:

Traceback (most recent call last):
  File "/Users/i/Documents/work/scraper/sitescrapers/management/commands/sync_jobs_to_sdb.py", line 126, in handle
    response = requests.post(sdb_api_url, json=payload, timeout=30)
  File "/Users/i/Library/Python/3.9/lib/python/site-packages/requests/api.py", line 115, in post
    return request("post", url, data=data, json=json, **kwargs)
  File "/Users/i/Library/Python/3.9/lib/python/site-packages/requests/api.py", line 59, in request
    return session.request(method=method, url=url, **kwargs)
  File "/Users/i/Library/Python/3.9/lib/python/site-packages/requests/sessions.py", line 589, in request
    resp = self.send(prep, **send_kwargs)
  File "/Users/i/Library/Python/3.9/lib/python/site-packages/requests/sessions.py", line 703, in send
    r = adapter.send(request, **kwargs)
  File "/Users/i/Library/Python/3.9/lib/python/site-packages/requests/adapters.py", line 713, in send
    raise ReadTimeout(e, request=request)
requests.exceptions.ReadTimeout: HTTPSConnectionPool(host='backup.supersami.com', port=443): Read timed out. (read timeout=30)
